cell_id,seed,method,original_stage,workload,magnitude,duration,heterogeneity,qos,assigned,tasks,payment,pps,coverage,qualified_coverage,quality_violations,deadline_violations,qos_violations,qos_violation_rate,target_violations,ir_violations,design_reserve,reserve_over_budget_slots,settlement_over_reserve_slots,settlement_over_budget_slots,diagnostic_status,execution_status,instrumented_runtime_s,candidate_graph_sha256,window_phase_sha256,config_sha256
E7C002,1,MOI,screening,medium,0.75,20,medium,strict,1623,2464,556.6325968749422,0.3429652476124105,0.658685064935065,0.658685064935065,0,0,0,0.0,0,0,556.6325968749422,0,0,0,ok,completed,6.466179499999271,85ffcbc7aa05dd74f46233993024f6329d830fa78acc4d396d9be8f6a04b357c,d66ab3746ae69bf57359cac1f8b1c6eb618a7244b4bd06dae91814cf786b2a77,6e9d8c8ec63ef7760eb07f84cdc3a88228cc5f8cde0de25e94d63fc753574c65
E7C002,1,PASI,screening,medium,0.75,20,medium,strict,1623,2464,552.7303922471518,0.34056093176041397,0.658685064935065,0.658685064935065,0,0,0,0.0,0,0,552.7303922471518,0,0,0,ok,completed,6.288683199993102,85ffcbc7aa05dd74f46233993024f6329d830fa78acc4d396d9be8f6a04b357c,d66ab3746ae69bf57359cac1f8b1c6eb618a7244b4bd06dae91814cf786b2a77,6e9d8c8ec63ef7760eb07f84cdc3a88228cc5f8cde0de25e94d63fc753574c65
E7C002,2,MOI,screening,medium,0.75,20,medium,strict,1672,2464,453.4773028030454,0.2712184825377066,0.6785714285714286,0.6785714285714286,0,0,0,0.0,0,0,453.4773028030454,0,0,0,ok,completed,3.301115799999934,df0244e9ea919f41a24d33c303f0c9b691f81eb081b6c5c3c3bb0daef57ba065,dae307466c0f2d7e7699b903b80d1e23544f00c41db5e1304b43ec51263cb44e,4ba064266aa5adcb59fce0429ab59dd56d8602a3616fdf5693a0838bf4339f88
E7C002,2,PASI,screening,medium,0.75,20,medium,strict,1672,2464,448.86713544353404,0.26846120540881224,0.6785714285714286,0.6785714285714286,0,0,0,0.0,0,0,448.86713544353404,0,0,0,ok,completed,3.357117300000027,df0244e9ea919f41a24d33c303f0c9b691f81eb081b6c5c3c3bb0daef57ba065,dae307466c0f2d7e7699b903b80d1e23544f00c41db5e1304b43ec51263cb44e,4ba064266aa5adcb59fce0429ab59dd56d8602a3616fdf5693a0838bf4339f88
E7C002,3,MOI,screening,medium,0.75,20,medium,strict,1643,2464,577.4060229728584,0.35143397624641415,0.666801948051948,0.666801948051948,0,0,0,0.0,0,0,577.4060229728584,0,0,0,ok,completed,3.3211458999994647,fdf083b32927818f7ba2c8aa53ababe13d99eb06cec7b3e807b114d639c8012c,e4cdbc8f20cac984f5e330304cac803c185b55cf405a0586e7fac72c62462b8d,a6253c0becf3491428319202aaa629fd9e89a93ddf46a786ceb586b88b301ee7
E7C002,3,PASI,screening,medium,0.75,20,medium,strict,1643,2464,574.7797563795498,0.34983551818597064,0.666801948051948,0.666801948051948,0,0,0,0.0,0,0,574.7797563795498,0,0,0,ok,completed,3.3451596999993853,fdf083b32927818f7ba2c8aa53ababe13d99eb06cec7b3e807b114d639c8012c,e4cdbc8f20cac984f5e330304cac803c185b55cf405a0586e7fac72c62462b8d,a6253c0becf3491428319202aaa629fd9e89a93ddf46a786ceb586b88b301ee7
E7C002,4,MOI,screening,medium,0.75,20,medium,strict,1691,2464,554.1818670692559,0.32772434480736595,0.6862824675324676,0.6862824675324676,0,0,0,0.0,0,0,554.1818670692559,0,0,0,ok,completed,3.246627200000148,a09c811a97a72168477996bea5cae221e3be21b35d8313e224ec6b2d2e563dd8,b27c00ae6aa33cfc0565d19aa920482babeef332343d8559989dc93b8cc2acdb,472491f708afa3d39d5121150e6c1aa6d4380efb0c728f8cc23263dff47a60be
E7C002,4,PASI,screening,medium,0.75,20,medium,strict,1691,2464,549.2929222029841,0.32483318876580963,0.6862824675324676,0.6862824675324676,0,0,0,0.0,0,0,549.2929222029841,0,0,0,ok,completed,3.2609073000003264,a09c811a97a72168477996bea5cae221e3be21b35d8313e224ec6b2d2e563dd8,b27c00ae6aa33cfc0565d19aa920482babeef332343d8559989dc93b8cc2acdb,472491f708afa3d39d5121150e6c1aa6d4380efb0c728f8cc23263dff47a60be
E7C002,5,MOI,screening,medium,0.75,20,medium,strict,1642,2464,476.5852711736393,0.29024681557468895,0.6663961038961039,0.6663961038961039,0,0,0,0.0,0,0,476.5852711736393,0,0,0,ok,completed,3.2192957999995997,3f9d2d2d43882f17652140e431466432f24708128d4f6afea54f0dc89d31b4f9,31b612abdfd0c127827079ee50fea19181189832da19f892a32bd95109089da5,48fde4b487160f45ebdebbf0926fcbcfc05a6177f27141e818624e7ec359dc0d
E7C002,5,PASI,screening,medium,0.75,20,medium,strict,1642,2464,471.89995913435564,0.28739339776757344,0.6663961038961039,0.6663961038961039,0,0,0,0.0,0,0,471.89995913435564,0,0,0,ok,completed,3.2754877000006672,3f9d2d2d43882f17652140e431466432f24708128d4f6afea54f0dc89d31b4f9,31b612abdfd0c127827079ee50fea19181189832da19f892a32bd95109089da5,48fde4b487160f45ebdebbf0926fcbcfc05a6177f27141e818624e7ec359dc0d
E7C002,6,MOI,screening,medium,0.75,20,medium,strict,1621,2464,443.43522678980025,0.27355658654521914,0.6578733766233766,0.6578733766233766,0,0,0,0.0,0,0,443.43522678980025,0,0,0,ok,completed,3.5938811000005444,946035e9be2addf721a815cd2b9a051dff9265f5deb6140d693eee9a431839fc,11cb1d2cc52ef078d70aba72f90a0ee04eadee8f538c44070cab74678943ea17,840844d7ad8862bb7733d8271ad093f58720d3ce425b643739eecbbbac724bbc
E7C002,6,PASI,screening,medium,0.75,20,medium,strict,1621,2464,437.79413778650655,0.27007658099105897,0.6578733766233766,0.6578733766233766,0,0,0,0.0,0,0,437.79413778650655,0,0,0,ok,completed,3.5824139000005744,946035e9be2addf721a815cd2b9a051dff9265f5deb6140d693eee9a431839fc,11cb1d2cc52ef078d70aba72f90a0ee04eadee8f538c44070cab74678943ea17,840844d7ad8862bb7733d8271ad093f58720d3ce425b643739eecbbbac724bbc
E7C002,7,MOI,screening,medium,0.75,20,medium,strict,1630,2464,409.18045508057673,0.25103095403716363,0.661525974025974,0.661525974025974,0,0,0,0.0,0,0,409.18045508057673,0,0,0,ok,completed,3.6553235000001223,66a1dabb1c578246ff41f5507e00f5385f498dfe0996ab8076b5045cf229b8a4,743a26a15c4e74c6298bfab744dedc3455ab63886040084903705f73a56f26e1,6c762a6ada963f118717b0a91cdebabb550c4ffd606367e5e087e99bb4971ccb
E7C002,7,PASI,screening,medium,0.75,20,medium,strict,1630,2464,404.5207718423789,0.24817225266403614,0.661525974025974,0.661525974025974,0,0,0,0.0,0,0,404.5207718423789,0,0,0,ok,completed,3.6552638000002844,66a1dabb1c578246ff41f5507e00f5385f498dfe0996ab8076b5045cf229b8a4,743a26a15c4e74c6298bfab744dedc3455ab63886040084903705f73a56f26e1,6c762a6ada963f118717b0a91cdebabb550c4ffd606367e5e087e99bb4971ccb
E7C002,8,MOI,screening,medium,0.75,20,medium,strict,1703,2464,512.6006554457133,0.3009986232799256,0.6911525974025974,0.6911525974025974,0,0,0,0.0,0,0,512.6006554457133,0,0,0,ok,completed,3.6399493999997503,3ef71d6b5b3de753cdb418012bc0d13fe5bea52bc8e2465fee6ca58713ce5b1a,03477e9b5e7807e00eed284eb79c3662d8792fcbfa50a802900cdd4df9a90a23,1baa5f447467d4269cbc521e3226826996b0a5f49d293e11622dd7971c1be7bd
E7C002,8,PASI,screening,medium,0.75,20,medium,strict,1703,2464,506.8066186520294,0.2975963703182791,0.6911525974025974,0.6911525974025974,0,0,0,0.0,0,0,506.8066186520294,0,0,0,ok,completed,3.6388028000001214,3ef71d6b5b3de753cdb418012bc0d13fe5bea52bc8e2465fee6ca58713ce5b1a,03477e9b5e7807e00eed284eb79c3662d8792fcbfa50a802900cdd4df9a90a23,1baa5f447467d4269cbc521e3226826996b0a5f49d293e11622dd7971c1be7bd
E7C002,9,MOI,screening,medium,0.75,20,medium,strict,1654,2464,552.253823507336,0.33388985701773644,0.6712662337662337,0.6712662337662337,0,0,0,0.0,0,0,552.253823507336,0,0,0,ok,completed,3.6061879999997473,f4292d060ea4095cd4a251074581960f5216aa080dd253380130be1fa49e5845,ed621ecb1233543fcbc3c2f9d986dc598487aea5a586b8bb72eacf55cddb9601,e81815f7b9900fb421255f4446d715efbed95423d1b63d2ecb9b1b49d0c0e674
E7C002,9,PASI,screening,medium,0.75,20,medium,strict,1654,2464,548.3126071179731,0.3315070176045787,0.6712662337662337,0.6712662337662337,0,0,0,0.0,0,0,548.3126071179731,0,0,0,ok,completed,3.6213502000000517,f4292d060ea4095cd4a251074581960f5216aa080dd253380130be1fa49e5845,ed621ecb1233543fcbc3c2f9d986dc598487aea5a586b8bb72eacf55cddb9601,e81815f7b9900fb421255f4446d715efbed95423d1b63d2ecb9b1b49d0c0e674
E7C002,10,MOI,screening,medium,0.75,20,medium,strict,1647,2464,443.0030776363783,0.2689757605563924,0.6684253246753247,0.6684253246753247,0,0,0,0.0,0,0,443.0030776363783,0,0,0,ok,completed,3.3695519000002605,39fb39cff2f581164b297c9583e6c363cfa52d5de3808a2d23774f98ce3ee5a8,9c60b9e25328b057cf6a4dd4974b802aa788ec4fc8637aaf005ce5cbe082d122,713050120767c3630aa3574a17a37ee7a9bc21147232318096340a0149fedcc4
E7C002,10,PASI,screening,medium,0.75,20,medium,strict,1647,2464,438.39090281162373,0.2661754115431838,0.6684253246753247,0.6684253246753247,0,0,0,0.0,0,0,438.39090281162373,0,0,0,ok,completed,3.4162531000001763,39fb39cff2f581164b297c9583e6c363cfa52d5de3808a2d23774f98ce3ee5a8,9c60b9e25328b057cf6a4dd4974b802aa788ec4fc8637aaf005ce5cbe082d122,713050120767c3630aa3574a17a37ee7a9bc21147232318096340a0149fedcc4
E7C004,1,MOI,screening,high,0.0,5,high,strict,2208,3531,792.9764705362361,0.3591378942645997,0.6253186066270179,0.6253186066270179,0,0,0,0.0,0,0,792.9764705362361,0,0,0,ok,completed,7.449041600004421,e60a9613cc052e89d5f54455389db3597a9004f2d0eaa3214d6c414d8926d44a,ec22371983a259c14f4c8d91c29d100c194db3be0b439c722923a20d80c394ef,d7a99782ac7c3c4623f8e79db8a0c8c6202403c5c667da16580a243902e726fd
E7C004,1,PASI,screening,high,0.0,5,high,strict,2208,3531,792.9764705362361,0.3591378942645997,0.6253186066270179,0.6253186066270179,0,0,0,0.0,0,0,792.9764705362361,0,0,0,ok,completed,7.1563063999929,e60a9613cc052e89d5f54455389db3597a9004f2d0eaa3214d6c414d8926d44a,ec22371983a259c14f4c8d91c29d100c194db3be0b439c722923a20d80c394ef,d7a99782ac7c3c4623f8e79db8a0c8c6202403c5c667da16580a243902e726fd
E7C004,2,MOI,screening,high,0.0,5,high,strict,2197,3531,558.6564693522591,0.2542815063050793,0.6222033418295101,0.6222033418295101,0,0,0,0.0,0,0,558.6564693522591,0,0,0,ok,completed,3.8966772999992827,ec6fb6e3e70e4e4cfaf432beb8c8e81197411dc276b4156fadadf46c4149536b,a39b0811c2f464ab764e8dbd8e8b9487ee6f06182940d447e7a4597636aac541,68c725c2f8a65fc65ffe3c1024cb9885322bae907a7cc2db8f80969e97c59dc7
E7C004,2,PASI,screening,high,0.0,5,high,strict,2197,3531,558.6564693522591,0.2542815063050793,0.6222033418295101,0.6222033418295101,0,0,0,0.0,0,0,558.6564693522591,0,0,0,ok,completed,3.9482370000005176,ec6fb6e3e70e4e4cfaf432beb8c8e81197411dc276b4156fadadf46c4149536b,a39b0811c2f464ab764e8dbd8e8b9487ee6f06182940d447e7a4597636aac541,68c725c2f8a65fc65ffe3c1024cb9885322bae907a7cc2db8f80969e97c59dc7
E7C004,3,MOI,screening,high,0.0,5,high,strict,2197,3531,773.447212064131,0.3520469786363819,0.6222033418295101,0.6222033418295101,0,0,0,0.0,0,0,773.447212064131,0,0,0,ok,completed,4.012143400000241,c44b94beec3a0f3f02bc5e6fa6cd1528e66f2f4dc81fc3d375d0a2fa4a82c358,196eb5c9c5c3188bcc0d9b17c0f052bcdd132d6719f36eda010856852aba6a7c,0aee0ef006d54210b6719644a24d85bd839af2ebec017712c6a9d4e8785d7b56
E7C004,3,PASI,screening,high,0.0,5,high,strict,2197,3531,773.447212064131,0.3520469786363819,0.6222033418295101,0.6222033418295101,0,0,0,0.0,0,0,773.447212064131,0,0,0,ok,completed,3.972851599999558,c44b94beec3a0f3f02bc5e6fa6cd1528e66f2f4dc81fc3d375d0a2fa4a82c358,196eb5c9c5c3188bcc0d9b17c0f052bcdd132d6719f36eda010856852aba6a7c,0aee0ef006d54210b6719644a24d85bd839af2ebec017712c6a9d4e8785d7b56
E7C004,4,MOI,screening,high,0.0,5,high,strict,2186,3531,748.2287734638551,0.3422821470557434,0.6190880770320023,0.6190880770320023,0,0,0,0.0,0,0,748.2287734638551,0,0,0,ok,completed,3.9382078999997248,b3523e2089dbd7a32da94bd9af1457f53f613cc29afd93e90d9e37732b37fa40,09efb71e6d62b006f3ec3fe63739503350485a325c5979c3eb9dd05401ca11eb,fe87e569f519f14ffb2224111530b8d5bf2a5ead8a7f6b3f487839830807e9de
E7C004,4,PASI,screening,high,0.0,5,high,strict,2186,3531,748.2287734638551,0.3422821470557434,0.6190880770320023,0.6190880770320023,0,0,0,0.0,0,0,748.2287734638551,0,0,0,ok,completed,3.924632400000519,b3523e2089dbd7a32da94bd9af1457f53f613cc29afd93e90d9e37732b37fa40,09efb71e6d62b006f3ec3fe63739503350485a325c5979c3eb9dd05401ca11eb,fe87e569f519f14ffb2224111530b8d5bf2a5ead8a7f6b3f487839830807e9de
E7C004,5,MOI,screening,high,0.0,5,high,strict,2184,3531,636.9071435149248,0.29162414996104613,0.6185216652506372,0.6185216652506372,0,0,0,0.0,0,0,636.9071435149248,0,0,0,ok,completed,3.7757455999999365,9c91d040fe812b98e9b759b6161595b173d2d116b16ce3708a8597be62bb4e8a,7fae0de04dd792aaec115bd87fa4900b11c746275332ce142fb1f1edf0b209e3,2c7275bf59f8c92571cf6531db2171ec02b3db09110c932a8dd54de1939449f2
E7C004,5,PASI,screening,high,0.0,5,high,strict,2184,3531,636.9071435149248,0.29162414996104613,0.6185216652506372,0.6185216652506372,0,0,0,0.0,0,0,636.9071435149248,0,0,0,ok,completed,3.7699671999998827,9c91d040fe812b98e9b759b6161595b173d2d116b16ce3708a8597be62bb4e8a,7fae0de04dd792aaec115bd87fa4900b11c746275332ce142fb1f1edf0b209e3,2c7275bf59f8c92571cf6531db2171ec02b3db09110c932a8dd54de1939449f2
E7C004,6,MOI,screening,high,0.0,5,high,strict,2203,3531,599.2768272151831,0.27202761108269774,0.6239025771736052,0.6239025771736052,0,0,0,0.0,0,0,599.2768272151831,0,0,0,ok,completed,3.813916999999492,2e819b4fd88809fe30a8e26b180554e99e1dc9845ddda4dd3314189e44d73369,b686317ba1a6e585f4fafcf8623be963a470380fad24127d76e6ba6a18026cd4,6535986ff0626021f8dc9eaf948a3ae66dad4846dceeb9431b5aea3b680a606c
E7C004,6,PASI,screening,high,0.0,5,high,strict,2203,3531,599.2768272151831,0.27202761108269774,0.6239025771736052,0.6239025771736052,0,0,0,0.0,0,0,599.2768272151831,0,0,0,ok,completed,3.7459232000001066,2e819b4fd88809fe30a8e26b180554e99e1dc9845ddda4dd3314189e44d73369,b686317ba1a6e585f4fafcf8623be963a470380fad24127d76e6ba6a18026cd4,6535986ff0626021f8dc9eaf948a3ae66dad4846dceeb9431b5aea3b680a606c
E7C004,7,MOI,screening,high,0.0,5,high,strict,2174,3531,488.1480486975911,0.22453912083605845,0.615689606343812,0.615689606343812,0,0,0,0.0,0,0,488.1480486975911,0,0,0,ok,completed,3.823110799999995,a4a74c297dd7facbcadc3f2bfea242294af7bea2cb4a29c627d99e29a9dfb6e7,9ec08ecc0cb27e9bf90bde3fee64591dc1a2f37d471945ce53e7984e871d118d,db707231c010797fcc9c3062639beadf0a1bf7293df39e1607799dc2bbcbf1fd
E7C004,7,PASI,screening,high,0.0,5,high,strict,2174,3531,488.1480486975911,0.22453912083605845,0.615689606343812,0.615689606343812,0,0,0,0.0,0,0,488.1480486975911,0,0,0,ok,completed,3.937076700000034,a4a74c297dd7facbcadc3f2bfea242294af7bea2cb4a29c627d99e29a9dfb6e7,9ec08ecc0cb27e9bf90bde3fee64591dc1a2f37d471945ce53e7984e871d118d,db707231c010797fcc9c3062639beadf0a1bf7293df39e1607799dc2bbcbf1fd
E7C004,8,MOI,screening,high,0.0,5,high,strict,2209,3531,671.6784929269065,0.30406450562558013,0.6256018125177004,0.6256018125177004,0,0,0,0.0,0,0,671.6784929269065,0,0,0,ok,completed,3.8082590999993045,2e4d842490f744be05f504ad4e589f453696f55663201363d55bb7b564314928,a74c70608042d200f55c80a63d4533bc2b4006310e1bcb6e243189d27ced1990,c0600cbdf1ad82409de35e91df19723598520658eca4deff6c7667eacf2c7a7f
E7C004,8,PASI,screening,high,0.0,5,high,strict,2209,3531,671.6784929269065,0.30406450562558013,0.6256018125177004,0.6256018125177004,0,0,0,0.0,0,0,671.6784929269065,0,0,0,ok,completed,3.843622000000323,2e4d842490f744be05f504ad4e589f453696f55663201363d55bb7b564314928,a74c70608042d200f55c80a63d4533bc2b4006310e1bcb6e243189d27ced1990,c0600cbdf1ad82409de35e91df19723598520658eca4deff6c7667eacf2c7a7f
E7C004,9,MOI,screening,high,0.0,5,high,strict,2198,3531,784.5642663669214,0.3569446161814929,0.6224865477201926,0.6224865477201926,0,0,0,0.0,0,0,784.5642663669214,0,0,0,ok,completed,4.020062100000359,05644c349dadd2679e3020242271f6c70707fe1f74822a0aab58fe3b5ac86b1b,eef667784ad4220f13e2bea32305373753967c565a0d07c5df8ffd696fe9ad56,65990ac06c168c279b4ba61d7ed197a30b916c55f66afce3f0bf764be75794c5
E7C004,9,PASI,screening,high,0.0,5,high,strict,2198,3531,784.5642663669214,0.3569446161814929,0.6224865477201926,0.6224865477201926,0,0,0,0.0,0,0,784.5642663669214,0,0,0,ok,completed,4.056493000000046,05644c349dadd2679e3020242271f6c70707fe1f74822a0aab58fe3b5ac86b1b,eef667784ad4220f13e2bea32305373753967c565a0d07c5df8ffd696fe9ad56,65990ac06c168c279b4ba61d7ed197a30b916c55f66afce3f0bf764be75794c5
E7C004,10,MOI,screening,high,0.0,5,high,strict,2208,3531,580.8257198278392,0.2630551267336228,0.6253186066270179,0.6253186066270179,0,0,0,0.0,0,0,580.8257198278392,0,0,0,ok,completed,4.017222800000127,ae2f818058c1f2abf5435b1a214d3adaed90fbe8b8524612ee7f9075b830725b,a7bbcf26013098e02fff4a279a492c8db368cc93c6dd20a5b06fe9ddb0e31d7c,41e5fdf1f571600f7de577c10b5aa8337b1bdb242118920b14b68f4376adce4c
E7C004,10,PASI,screening,high,0.0,5,high,strict,2208,3531,580.8257198278392,0.2630551267336228,0.6253186066270179,0.6253186066270179,0,0,0,0.0,0,0,580.8257198278392,0,0,0,ok,completed,4.0099844999995184,ae2f818058c1f2abf5435b1a214d3adaed90fbe8b8524612ee7f9075b830725b,a7bbcf26013098e02fff4a279a492c8db368cc93c6dd20a5b06fe9ddb0e31d7c,41e5fdf1f571600f7de577c10b5aa8337b1bdb242118920b14b68f4376adce4c
E7C004,11,MOI,confirmation,high,0.0,5,high,strict,2157,3531,624.975194675538,0.2897427884448484,0.610875106202209,0.610875106202209,0,0,0,0.0,0,0,624.975194675538,0,0,0,ok,completed,3.9419639999996434,1dc5d8d83c4ff7f26667a371d655b4dba6d74adf688f0f6888c0ba104d87df45,70be73f529444ad3e9e969621d5b61947f2e1dcf4d389103ab5d578b4bfd63b6,de8adf6c1c0fef2cf4a85a1e296409cc5a60db9a5adf4674ed775b2644f4bae3
E7C004,11,PASI,confirmation,high,0.0,5,high,strict,2157,3531,624.975194675538,0.2897427884448484,0.610875106202209,0.610875106202209,0,0,0,0.0,0,0,624.975194675538,0,0,0,ok,completed,3.8981321999999636,1dc5d8d83c4ff7f26667a371d655b4dba6d74adf688f0f6888c0ba104d87df45,70be73f529444ad3e9e969621d5b61947f2e1dcf4d389103ab5d578b4bfd63b6,de8adf6c1c0fef2cf4a85a1e296409cc5a60db9a5adf4674ed775b2644f4bae3
E7C004,12,MOI,confirmation,high,0.0,5,high,strict,2197,3531,716.1412597359486,0.3259632497660212,0.6222033418295101,0.6222033418295101,0,0,0,0.0,0,0,716.1412597359486,0,0,0,ok,completed,3.7786816000007093,141971c4c9f87dcd134fd815fdf20a03c64a66303785cd229689f296e00e5f36,4e57bc746498f13ad87f14a5ce4ebd6d2b03342b00c3b58632248cfd44002853,e84ea8779327a7d7dd423c973f604a2d0c28935f12a574e6c0ea6197289b9994
E7C004,12,PASI,confirmation,high,0.0,5,high,strict,2197,3531,716.1412597359486,0.3259632497660212,0.6222033418295101,0.6222033418295101,0,0,0,0.0,0,0,716.1412597359486,0,0,0,ok,completed,3.809528099999625,141971c4c9f87dcd134fd815fdf20a03c64a66303785cd229689f296e00e5f36,4e57bc746498f13ad87f14a5ce4ebd6d2b03342b00c3b58632248cfd44002853,e84ea8779327a7d7dd423c973f604a2d0c28935f12a574e6c0ea6197289b9994
E7C004,13,MOI,confirmation,high,0.0,5,high,strict,2181,3531,856.5247866396368,0.39272113096727956,0.6176720475785896,0.6176720475785896,0,0,0,0.0,0,0,856.5247866396368,0,0,0,ok,completed,3.866019099999903,9074fe90fcb9cc353470b45d003d201b6fcb043506454aab79686b78c76659f3,1e40a3fa03e09d0aed8b25221b8df7dbf8a88b42851471d9d01bea263c44b49a,70a8e8345e5468acdb7988977968356d6bdb1d18602f9d97baa63c169aa2e8ce
E7C004,13,PASI,confirmation,high,0.0,5,high,strict,2181,3531,856.5247866396368,0.39272113096727956,0.6176720475785896,0.6176720475785896,0,0,0,0.0,0,0,856.5247866396368,0,0,0,ok,completed,3.799466699999357,9074fe90fcb9cc353470b45d003d201b6fcb043506454aab79686b78c76659f3,1e40a3fa03e09d0aed8b25221b8df7dbf8a88b42851471d9d01bea263c44b49a,70a8e8345e5468acdb7988977968356d6bdb1d18602f9d97baa63c169aa2e8ce
E7C004,14,MOI,confirmation,high,0.0,5,high,strict,2158,3531,569.1633574213232,0.26374576340191064,0.6111583120928915,0.6111583120928915,0,0,0,0.0,0,0,569.1633574213232,0,0,0,ok,completed,3.9459427000001597,27e53d29734b221c9bac3a41c68ba0d735e45a596930c2c9ca7853d54b2b9f75,57f806371e1490058b570a21e5a742da44ea86bc3da592e7d2be3855236577f5,17e3f1971e0aced12478373675c5d50ac63df9de5599a645e6504421fe497014
E7C004,14,PASI,confirmation,high,0.0,5,high,strict,2158,3531,569.1633574213232,0.26374576340191064,0.6111583120928915,0.6111583120928915,0,0,0,0.0,0,0,569.1633574213232,0,0,0,ok,completed,3.9656322999999247,27e53d29734b221c9bac3a41c68ba0d735e45a596930c2c9ca7853d54b2b9f75,57f806371e1490058b570a21e5a742da44ea86bc3da592e7d2be3855236577f5,17e3f1971e0aced12478373675c5d50ac63df9de5599a645e6504421fe497014
E7C004,15,MOI,confirmation,high,0.0,5,high,strict,2181,3531,813.1309873877462,0.37282484520300146,0.6176720475785896,0.6176720475785896,0,0,0,0.0,0,0,813.1309873877462,0,0,0,ok,completed,4.188767499999813,ab50d6d16b442b10180b2ee2f4953e9e66ff1d97c5c57a09b308c23e6d74368e,60a32269e4f7e3ebd239cb7f55f8e232659b1694ecafa3aad37f2e8f562789a8,296906a45da7dd2a50b3ac608dbb353ff7847f9b89b5d6a6cee770cc56993cf3
E7C004,15,PASI,confirmation,high,0.0,5,high,strict,2181,3531,813.1309873877462,0.37282484520300146,0.6176720475785896,0.6176720475785896,0,0,0,0.0,0,0,813.1309873877462,0,0,0,ok,completed,4.259731000000102,ab50d6d16b442b10180b2ee2f4953e9e66ff1d97c5c57a09b308c23e6d74368e,60a32269e4f7e3ebd239cb7f55f8e232659b1694ecafa3aad37f2e8f562789a8,296906a45da7dd2a50b3ac608dbb353ff7847f9b89b5d6a6cee770cc56993cf3
E7C004,16,MOI,confirmation,high,0.0,5,high,strict,2175,3531,727.7350637473323,0.3345908339068195,0.6159728122344945,0.6159728122344945,0,0,0,0.0,0,0,727.7350637473323,0,0,0,ok,completed,4.20409010000003,2751157e1905b0b1f79d85004bf8e9c476772c898e43bfe8d4a914d9e24c5d53,ce09802aba2238161954886e23a4fe50fe394fa50fbc9648b04aa033e15fcc2a,5874a0ec135f689def4a471e24de60c6d1058a243b7e8853340c8ceb3f733fc2
E7C004,16,PASI,confirmation,high,0.0,5,high,strict,2175,3531,727.7350637473323,0.3345908339068195,0.6159728122344945,0.6159728122344945,0,0,0,0.0,0,0,727.7350637473323,0,0,0,ok,completed,4.1814299999996365,2751157e1905b0b1f79d85004bf8e9c476772c898e43bfe8d4a914d9e24c5d53,ce09802aba2238161954886e23a4fe50fe394fa50fbc9648b04aa033e15fcc2a,5874a0ec135f689def4a471e24de60c6d1058a243b7e8853340c8ceb3f733fc2
E7C004,17,MOI,confirmation,high,0.0,5,high,strict,2215,3531,712.851477799709,0.32182910961612143,0.6273010478617955,0.6273010478617955,0,0,0,0.0,0,0,712.851477799709,0,0,0,ok,completed,3.8264570999999705,e09c0cb7bf613f4d92e9b094dd3061dc9256083af3c6f7d97022567875ec36c2,ec498ecb2a5429ffdd440bb0d9999fd0326d68555ef39de51d6d989553226f69,d952460e621e7eb223b7fd938f46b77cfdde264c642c78a3ec5be6107dbefe09
E7C004,17,PASI,confirmation,high,0.0,5,high,strict,2215,3531,712.851477799709,0.32182910961612143,0.6273010478617955,0.6273010478617955,0,0,0,0.0,0,0,712.851477799709,0,0,0,ok,completed,3.9004291000001103,e09c0cb7bf613f4d92e9b094dd3061dc9256083af3c6f7d97022567875ec36c2,ec498ecb2a5429ffdd440bb0d9999fd0326d68555ef39de51d6d989553226f69,d952460e621e7eb223b7fd938f46b77cfdde264c642c78a3ec5be6107dbefe09
E7C004,18,MOI,confirmation,high,0.0,5,high,strict,2205,3531,645.8454821520561,0.2929004454204336,0.6244689889549703,0.6244689889549703,0,0,0,0.0,0,0,645.8454821520561,0,0,0,ok,completed,3.8860857000008764,b2164bc34f219a41bd28af541ef2b26af2810025778734f06f0cca51e19828e2,4c58ab3b5af823de03638f71fc0a724a8610a5bcbeba34bb0fcbce3c2ab4fb77,6ae9f77318e0dc77e1d0e33099a6dc13669922b75b40c9dd1183bcded820945e
E7C004,18,PASI,confirmation,high,0.0,5,high,strict,2205,3531,645.8454821520561,0.2929004454204336,0.6244689889549703,0.6244689889549703,0,0,0,0.0,0,0,645.8454821520561,0,0,0,ok,completed,3.9009556000000885,b2164bc34f219a41bd28af541ef2b26af2810025778734f06f0cca51e19828e2,4c58ab3b5af823de03638f71fc0a724a8610a5bcbeba34bb0fcbce3c2ab4fb77,6ae9f77318e0dc77e1d0e33099a6dc13669922b75b40c9dd1183bcded820945e
E7C004,19,MOI,confirmation,high,0.0,5,high,strict,2197,3531,587.8017126263959,0.26754743405844145,0.6222033418295101,0.6222033418295101,0,0,0,0.0,0,0,587.8017126263959,0,0,0,ok,completed,4.147460099999989,dbef863e669ee7f9568b8e04bc9cf6844fa03402e63e0d184a565bf06683fcc6,3e85140d4ce6f3d602362ee07a1f1beb809dd4e57bab8b4b65a234fb40bb2ac1,0730734d8c63baf64b4b1046c9db3c8d2351043c6c38c77846ecb77923ecef1b
E7C004,19,PASI,confirmation,high,0.0,5,high,strict,2197,3531,587.8017126263959,0.26754743405844145,0.6222033418295101,0.6222033418295101,0,0,0,0.0,0,0,587.8017126263959,0,0,0,ok,completed,4.214000599999963,dbef863e669ee7f9568b8e04bc9cf6844fa03402e63e0d184a565bf06683fcc6,3e85140d4ce6f3d602362ee07a1f1beb809dd4e57bab8b4b65a234fb40bb2ac1,0730734d8c63baf64b4b1046c9db3c8d2351043c6c38c77846ecb77923ecef1b
E7C004,20,MOI,confirmation,high,0.0,5,high,strict,2179,3531,676.9752997908756,0.31068164285951155,0.6171056357972245,0.6171056357972245,0,0,0,0.0,0,0,676.9752997908756,0,0,0,ok,completed,4.203663100000085,34b6a1b2e592587dddba2e448ad5dfa4bb26d4bec6d4e018a4813244b3498783,7062d6a35a3383657d255f4b898e242fbc55eee0332168500d99975d970c2b4b,0892534edf2b9ce5c4657d8089615a440e0f8062ccb71f08c795e34304f6d909
E7C004,20,PASI,confirmation,high,0.0,5,high,strict,2179,3531,676.9752997908756,0.31068164285951155,0.6171056357972245,0.6171056357972245,0,0,0,0.0,0,0,676.9752997908756,0,0,0,ok,completed,4.192657399999916,34b6a1b2e592587dddba2e448ad5dfa4bb26d4bec6d4e018a4813244b3498783,7062d6a35a3383657d255f4b898e242fbc55eee0332168500d99975d970c2b4b,0892534edf2b9ce5c4657d8089615a440e0f8062ccb71f08c795e34304f6d909
E7C004,21,MOI,confirmation,high,0.0,5,high,strict,2205,3531,617.6512786237046,0.2801139585595032,0.6244689889549703,0.6244689889549703,0,0,0,0.0,0,0,617.6512786237046,0,0,0,ok,completed,4.057886399999916,940b178c7b38e471cbb656ebd731152dde5e08e998c076ff334e990775a3472b,32649645198c8d441f244a846c5260180d25aa7b24b0fdc1b20fc0ab35368a77,790674adff97a7ecf9166ad97c0d7d787b37702d0927bc75354117f67a57495e
E7C004,21,PASI,confirmation,high,0.0,5,high,strict,2205,3531,617.6512786237046,0.2801139585595032,0.6244689889549703,0.6244689889549703,0,0,0,0.0,0,0,617.6512786237046,0,0,0,ok,completed,4.023817799999961,940b178c7b38e471cbb656ebd731152dde5e08e998c076ff334e990775a3472b,32649645198c8d441f244a846c5260180d25aa7b24b0fdc1b20fc0ab35368a77,790674adff97a7ecf9166ad97c0d7d787b37702d0927bc75354117f67a57495e
E7C004,22,MOI,confirmation,high,0.0,5,high,strict,2188,3531,699.0010014424186,0.31947029316381104,0.6196544888133673,0.6196544888133673,0,0,0,0.0,0,0,699.0010014424186,0,0,0,ok,completed,4.032770099999652,ebc049bc3ed5762b2c1a5be3458dec329584f31240d81ca06af4d790e3beaaab,19adc7e830432f319590b751e0c5cf30c9005d5d37b143ff487ecb4d37891c1c,8ca9f9734201624fe9bcb2ff3957e5e276e867d6c31ed5e58c51afdbebcd6c64
E7C004,22,PASI,confirmation,high,0.0,5,high,strict,2188,3531,699.0010014424186,0.31947029316381104,0.6196544888133673,0.6196544888133673,0,0,0,0.0,0,0,699.0010014424186,0,0,0,ok,completed,3.990679100000307,ebc049bc3ed5762b2c1a5be3458dec329584f31240d81ca06af4d790e3beaaab,19adc7e830432f319590b751e0c5cf30c9005d5d37b143ff487ecb4d37891c1c,8ca9f9734201624fe9bcb2ff3957e5e276e867d6c31ed5e58c51afdbebcd6c64
E7C004,23,MOI,confirmation,high,0.0,5,high,strict,2153,3531,735.2883356465824,0.34151803792223984,0.6097422826394789,0.6097422826394789,0,0,0,0.0,0,0,735.2883356465824,0,0,0,ok,completed,3.797579500000211,d28ab22677248eb1ad0ab57f4e02a0ff68213b82a56fc9b0b34f2e9e57ed45a9,2c1198b9e27797ebe2abb511a92adc5b3b8d93dbfcb88225d5a6cdd0a0da7f57,bc54375ac06de1ffa477dec877b052164ca607e912806e566687fc2198157569
E7C004,23,PASI,confirmation,high,0.0,5,high,strict,2153,3531,735.2883356465824,0.34151803792223984,0.6097422826394789,0.6097422826394789,0,0,0,0.0,0,0,735.2883356465824,0,0,0,ok,completed,3.7755606999999145,d28ab22677248eb1ad0ab57f4e02a0ff68213b82a56fc9b0b34f2e9e57ed45a9,2c1198b9e27797ebe2abb511a92adc5b3b8d93dbfcb88225d5a6cdd0a0da7f57,bc54375ac06de1ffa477dec877b052164ca607e912806e566687fc2198157569
E7C004,24,MOI,confirmation,high,0.0,5,high,strict,2167,3531,646.6593672566911,0.29841225992463827,0.6137071651090342,0.6137071651090342,0,0,0,0.0,0,0,646.6593672566911,0,0,0,ok,completed,3.842024799999308,7094662f329ba50eb687cdc22e50f25624d0f8e44dd6857a7288afdcf6187ab0,606319b584fd4a542d2fd2e93d1619b7f982aa2071df2e6c720838ea9c677fd9,8dee616575883f0c59fa4bcf0094eb124e3e1f2593424161669fd4d7c4285072
E7C004,24,PASI,confirmation,high,0.0,5,high,strict,2167,3531,646.6593672566911,0.29841225992463827,0.6137071651090342,0.6137071651090342,0,0,0,0.0,0,0,646.6593672566911,0,0,0,ok,completed,3.810830299999907,7094662f329ba50eb687cdc22e50f25624d0f8e44dd6857a7288afdcf6187ab0,606319b584fd4a542d2fd2e93d1619b7f982aa2071df2e6c720838ea9c677fd9,8dee616575883f0c59fa4bcf0094eb124e3e1f2593424161669fd4d7c4285072
E7C004,25,MOI,confirmation,high,0.0,5,high,strict,2215,3531,693.4300903936935,0.313060988891058,0.6273010478617955,0.6273010478617955,0,0,0,0.0,0,0,693.4300903936935,0,0,0,ok,completed,4.06401249999999,d34d66fcf1043b074a249930f85f8c49f6195cfedfa3cb58caab3d3f1b8cc21b,577987112a23a473befeeefa6c892419e08477534e5590d21c4fcdebbe9015ee,5172d52aa71b95bdb54cc3fcf7cf196962f2be581128372b074677177fe2fe68
E7C004,25,PASI,confirmation,high,0.0,5,high,strict,2215,3531,693.4300903936935,0.313060988891058,0.6273010478617955,0.6273010478617955,0,0,0,0.0,0,0,693.4300903936935,0,0,0,ok,completed,4.066060600000128,d34d66fcf1043b074a249930f85f8c49f6195cfedfa3cb58caab3d3f1b8cc21b,577987112a23a473befeeefa6c892419e08477534e5590d21c4fcdebbe9015ee,5172d52aa71b95bdb54cc3fcf7cf196962f2be581128372b074677177fe2fe68
E7C004,26,MOI,confirmation,high,0.0,5,high,strict,2189,3531,631.4837224936662,0.2884804579687831,0.6199376947040498,0.6199376947040498,0,0,0,0.0,0,0,631.4837224936662,0,0,0,ok,completed,4.028431300000193,4b076f89f78f349a7487f49ad4adc27f30202e18a5712cf89245e2a81d6d62b7,bc9cd2c1cf670dae78429c4534047ac65abbe5e34a77f319938e49af47c83860,36a91b1879bdcd3dcfd9c49aa447686e717c086cde525fe163288578455e08de
E7C004,26,PASI,confirmation,high,0.0,5,high,strict,2189,3531,631.4837224936662,0.2884804579687831,0.6199376947040498,0.6199376947040498,0,0,0,0.0,0,0,631.4837224936662,0,0,0,ok,completed,4.027786799999376,4b076f89f78f349a7487f49ad4adc27f30202e18a5712cf89245e2a81d6d62b7,bc9cd2c1cf670dae78429c4534047ac65abbe5e34a77f319938e49af47c83860,36a91b1879bdcd3dcfd9c49aa447686e717c086cde525fe163288578455e08de
E7C004,27,MOI,confirmation,high,0.0,5,high,strict,2139,3531,586.8147156718385,0.2743406805384939,0.6057774001699235,0.6057774001699235,0,0,0,0.0,0,0,586.8147156718385,0,0,0,ok,completed,3.9051322999994227,33eade8924cda5088e54eed14fc5e717890938024067ba9019b96972f7b11018,24fedab87bcf7d215ad3c4e7a912c7a83279a529763879038903bfbf9da80086,122a5db3ed35fa7d238f9df998a90fb8f116057177fc973f8e88c3385b4b801f
E7C004,27,PASI,confirmation,high,0.0,5,high,strict,2139,3531,586.8147156718385,0.2743406805384939,0.6057774001699235,0.6057774001699235,0,0,0,0.0,0,0,586.8147156718385,0,0,0,ok,completed,3.99161709999953,33eade8924cda5088e54eed14fc5e717890938024067ba9019b96972f7b11018,24fedab87bcf7d215ad3c4e7a912c7a83279a529763879038903bfbf9da80086,122a5db3ed35fa7d238f9df998a90fb8f116057177fc973f8e88c3385b4b801f
E7C004,28,MOI,confirmation,high,0.0,5,high,strict,2232,3531,735.2928913538873,0.3294322989936771,0.6321155480033984,0.6321155480033984,0,0,0,0.0,0,0,735.2928913538873,0,0,0,ok,completed,3.9262963000001037,4ce9c508500db373a8390008137723292c93f69afe73fedbff88baaa2479b6fe,12656551af33da12c4adc025a548e50aded7efe438a3a9ab748def50aa6c99f6,fcfc83c3fdbba4efcc871e67df7a820a4523328a557a5aa1f13528de0b42d47e
E7C004,28,PASI,confirmation,high,0.0,5,high,strict,2232,3531,735.2928913538873,0.3294322989936771,0.6321155480033984,0.6321155480033984,0,0,0,0.0,0,0,735.2928913538873,0,0,0,ok,completed,3.892090299999836,4ce9c508500db373a8390008137723292c93f69afe73fedbff88baaa2479b6fe,12656551af33da12c4adc025a548e50aded7efe438a3a9ab748def50aa6c99f6,fcfc83c3fdbba4efcc871e67df7a820a4523328a557a5aa1f13528de0b42d47e
E7C004,29,MOI,confirmation,high,0.0,5,high,strict,2162,3531,564.6950770501792,0.26119106246539275,0.6122911356556217,0.6122911356556217,0,0,0,0.0,0,0,564.6950770501792,0,0,0,ok,completed,4.031333999999333,22ceac79aa23bc6c907e481f1c6edb7e29874091faf53714d72926e26ca216b6,587d3052e7b74b0a7817b25ae1b72ce70e39f7fb5d4b3c662063982b68337abf,60d6dbad44b1bac4d99cb7b2347205f4778f1afbce9b84c790aa19239a9a545c
E7C004,29,PASI,confirmation,high,0.0,5,high,strict,2162,3531,564.6950770501792,0.26119106246539275,0.6122911356556217,0.6122911356556217,0,0,0,0.0,0,0,564.6950770501792,0,0,0,ok,completed,4.012947199999871,22ceac79aa23bc6c907e481f1c6edb7e29874091faf53714d72926e26ca216b6,587d3052e7b74b0a7817b25ae1b72ce70e39f7fb5d4b3c662063982b68337abf,60d6dbad44b1bac4d99cb7b2347205f4778f1afbce9b84c790aa19239a9a545c
E7C004,30,MOI,confirmation,high,0.0,5,high,strict,2170,3531,608.0250809643198,0.2801958898453087,0.6145567827810818,0.6145567827810818,0,0,0,0.0,0,0,608.0250809643198,0,0,0,ok,completed,4.022879500000272,9f56fc1393a128afb02e083d417b3b79faae9b7e739de07c1bdc7da4740e30e1,719e6355dcdd7be9da14680ff1a91a17a8389d40ce82f185d4b23fa2e146a85a,d75fb80d74a27ffe522cb8fcea0d6e82b2109137f8887e57424a2aba4382d02a
E7C004,30,PASI,confirmation,high,0.0,5,high,strict,2170,3531,608.0250809643198,0.2801958898453087,0.6145567827810818,0.6145567827810818,0,0,0,0.0,0,0,608.0250809643198,0,0,0,ok,completed,4.027386900000238,9f56fc1393a128afb02e083d417b3b79faae9b7e739de07c1bdc7da4740e30e1,719e6355dcdd7be9da14680ff1a91a17a8389d40ce82f185d4b23fa2e146a85a,d75fb80d74a27ffe522cb8fcea0d6e82b2109137f8887e57424a2aba4382d02a
E7C005,1,MOI,screening,low,0.1,1,high,moderate,1030,1206,343.14600068130164,0.3331514569721375,0.8540630182421227,0.8540630182421227,0,0,0,0.0,0,0,343.14600068130164,0,0,0,ok,completed,6.24964340000588,a6853d1f6a46472be7c9ef37ac0c534128e38eeee9a4af6dc1215c753dd73e8b,11cef9cb8cbbe9fbae7880ebb50922c001b7b73d11314e6bdd4a7fc541a92f20,5b581f580400c9bfb0764783b7070a70759aef5a7d68b959be1d190e9a50dcbc
E7C005,1,PASI,screening,low,0.1,1,high,moderate,1030,1206,342.11782511428646,0.33215322826629756,0.8540630182421227,0.8540630182421227,0,0,0,0.0,0,0,342.11782511428646,0,0,0,ok,completed,6.055251300000236,a6853d1f6a46472be7c9ef37ac0c534128e38eeee9a4af6dc1215c753dd73e8b,11cef9cb8cbbe9fbae7880ebb50922c001b7b73d11314e6bdd4a7fc541a92f20,5b581f580400c9bfb0764783b7070a70759aef5a7d68b959be1d190e9a50dcbc
E7C005,2,MOI,screening,low,0.1,1,high,moderate,1048,1206,244.24619963963735,0.23305935080118068,0.8689883913764511,0.8689883913764511,0,0,0,0.0,0,0,244.24619963963735,0,0,0,ok,completed,3.3353158999998413,e7afb3295713137c70e759ced4d1be1c529b43d61136a24b4a4f1ea81f67b788,492d4cad035985c18923cfde4bc4232fa03b6a93196cdf24efda7f57b3d85ad6,e1ed5932353cd2cbd1b3ae14c7c3041c93cd1c7625585b18b9c4d6c28750647c
E7C005,2,PASI,screening,low,0.1,1,high,moderate,1048,1206,243.32810147949453,0.232183302938449,0.8689883913764511,0.8689883913764511,0,0,0,0.0,0,0,243.32810147949453,0,0,0,ok,completed,3.381550299999617,e7afb3295713137c70e759ced4d1be1c529b43d61136a24b4a4f1ea81f67b788,492d4cad035985c18923cfde4bc4232fa03b6a93196cdf24efda7f57b3d85ad6,e1ed5932353cd2cbd1b3ae14c7c3041c93cd1c7625585b18b9c4d6c28750647c
E7C005,3,MOI,screening,low,0.1,1,high,moderate,1028,1206,328.3563608776477,0.3194128024101631,0.8524046434494196,0.8524046434494196,0,0,0,0.0,0,0,328.3563608776477,0,0,0,ok,completed,3.3361797000006845,6e6ffca284f94f477304cb0337f85cbd41dc716c490254a0fa9f3b509c77d831,e1e48c4a0d095eaddd1c487f357c5a5231c41cf97c05d582ee656f2824b389b9,83ef0be6139ef4fbf3458e33149575389489134c3d63d240b4d8eaad8381884c
E7C005,3,PASI,screening,low,0.1,1,high,moderate,1028,1206,327.6845884638137,0.3187593272994297,0.8524046434494196,0.8524046434494196,0,0,0,0.0,0,0,327.6845884638137,0,0,0,ok,completed,3.3479246999995667,6e6ffca284f94f477304cb0337f85cbd41dc716c490254a0fa9f3b509c77d831,e1e48c4a0d095eaddd1c487f357c5a5231c41cf97c05d582ee656f2824b389b9,83ef0be6139ef4fbf3458e33149575389489134c3d63d240b4d8eaad8381884c
E7C005,4,MOI,screening,low,0.1,1,high,moderate,1047,1206,327.5315845994344,0.3128286385858972,0.8681592039800995,0.8681592039800995,0,0,0,0.0,0,0,327.5315845994344,0,0,0,ok,completed,3.4701744999993025,b479d924483e1b20a309785a611e582afabec5a7decd37ecdaac82a22d643fb3,2e4fa65a58cb09ed60334251d14263a9ac2f7df6c2af4ea3d214ae55c8fa675d,bf9d05e388da7f76b49dc89af218612b0852579790c1927e05cd543921be2234
E7C005,4,PASI,screening,low,0.1,1,high,moderate,1047,1206,326.24256866933723,0.31159748679019794,0.8681592039800995,0.8681592039800995,0,0,0,0.0,0,0,326.24256866933723,0,0,0,ok,completed,3.46300169999995,b479d924483e1b20a309785a611e582afabec5a7decd37ecdaac82a22d643fb3,2e4fa65a58cb09ed60334251d14263a9ac2f7df6c2af4ea3d214ae55c8fa675d,bf9d05e388da7f76b49dc89af218612b0852579790c1927e05cd543921be2234
E7C005,5,MOI,screening,low,0.1,1,high,moderate,1034,1206,291.6434639311334,0.28205364016550616,0.857379767827529,0.857379767827529,0,0,0,0.0,0,0,291.6434639311334,0,0,0,ok,completed,3.4503393000004507,5835ae3525d94e6b2905e151656d3fc4f01a68a364a90e09c2d74fba6ffda3c0,a0144a97460eb561ed5ae3c768bb8599f8b0b02944531430c25196e23bb7af33,a19247a9f48d3d5c4ee76e1ac2f4786cbeb7f213cd1216f5d32150cf5ccfaf91
E7C005,5,PASI,screening,low,0.1,1,high,moderate,1034,1206,290.3052487406037,0.280759428182402,0.857379767827529,0.857379767827529,0,0,0,0.0,0,0,290.3052487406037,0,0,0,ok,completed,3.494371300000239,5835ae3525d94e6b2905e151656d3fc4f01a68a364a90e09c2d74fba6ffda3c0,a0144a97460eb561ed5ae3c768bb8599f8b0b02944531430c25196e23bb7af33,a19247a9f48d3d5c4ee76e1ac2f4786cbeb7f213cd1216f5d32150cf5ccfaf91
E7C005,6,MOI,screening,low,0.1,1,high,moderate,1036,1206,275.3183350094523,0.2657512886191625,0.8590381426202321,0.8590381426202321,0,0,0,0.0,0,0,275.3183350094523,0,0,0,ok,completed,3.425143799999205,f00beec923e5881e89555edc23bc5ed65e1ab571fcb71554186a85292825d71a,52fe198786d2ed48372d917ed90519c979331f4eb0cf355898006eb579419719,882fdb0fe3f333578d7a10ee2fd4050d6218533c7241d59be75e1724de4cb405
E7C005,6,PASI,screening,low,0.1,1,high,moderate,1036,1206,274.2612280237795,0.2647309150808682,0.8590381426202321,0.8590381426202321,0,0,0,0.0,0,0,274.2612280237795,0,0,0,ok,completed,3.417367199999717,f00beec923e5881e89555edc23bc5ed65e1ab571fcb71554186a85292825d71a,52fe198786d2ed48372d917ed90519c979331f4eb0cf355898006eb579419719,882fdb0fe3f333578d7a10ee2fd4050d6218533c7241d59be75e1724de4cb405
E7C005,7,MOI,screening,low,0.1,1,high,moderate,1015,1206,214.1935649311469,0.2110281427893073,0.8416252072968491,0.8416252072968491,0,0,0,0.0,0,0,214.1935649311469,0,0,0,ok,completed,3.4063882999998896,699e16a61a72d6f6677c88dc92cd28e4eea46af6652088b2c45b39ce3fa488c6,60406b0b46e23fe9e145188679264675393880ba816980a155d4f156aa3b9e2a,0fc60a754f60f56d9e55de28d67096d143ab51a237e0432ba317e5afb8359754
E7C005,7,PASI,screening,low,0.1,1,high,moderate,1015,1206,213.10183876621426,0.20995255050858547,0.8416252072968491,0.8416252072968491,0,0,0,0.0,0,0,213.10183876621426,0,0,0,ok,completed,3.4316615000007005,699e16a61a72d6f6677c88dc92cd28e4eea46af6652088b2c45b39ce3fa488c6,60406b0b46e23fe9e145188679264675393880ba816980a155d4f156aa3b9e2a,0fc60a754f60f56d9e55de28d67096d143ab51a237e0432ba317e5afb8359754
E7C005,8,MOI,screening,low,0.1,1,high,moderate,1026,1206,298.09086599024124,0.2905369064232371,0.8507462686567164,0.8507462686567164,0,0,0,0.0,0,0,298.09086599024124,0,0,0,ok,completed,3.293939799999862,9339345ab1e47990db2ed9dddddcaaafac158be442d6520f9b1ea59107378204,bad71a5bf90b2748d558e7bd9e582545259049198d51b02a0d523354be940943,8c5f1fe357c8472ee1cec5e36a8dd88e0c052c0c08a2cec803c65174df376d29
E7C005,8,PASI,screening,low,0.1,1,high,moderate,1026,1206,297.02447582230343,0.2894975397878201,0.8507462686567164,0.8507462686567164,0,0,0,0.0,0,0,297.02447582230343,0,0,0,ok,completed,3.3130229999997027,9339345ab1e47990db2ed9dddddcaaafac158be442d6520f9b1ea59107378204,bad71a5bf90b2748d558e7bd9e582545259049198d51b02a0d523354be940943,8c5f1fe357c8472ee1cec5e36a8dd88e0c052c0c08a2cec803c65174df376d29
E7C005,9,MOI,screening,low,0.1,1,high,moderate,1031,1206,349.90487964489773,0.3393839763772044,0.8548922056384743,0.8548922056384743,0,0,0,0.0,0,0,349.90487964489773,0,0,0,ok,completed,3.3775770000002012,c36553b74fabe50e893eada5c8015d30900e08b71a488c7ec88c4eec579e7327,d8ff27230a7567657dd1511a6d99211671c9c617f42bc0f652467f3d8d947740,d796a7c1b7fbb8bb170c84759571099cbad231106913c4b690421b81d56bd784
E7C005,9,PASI,screening,low,0.1,1,high,moderate,1031,1206,348.6684214958679,0.3381846959222773,0.8548922056384743,0.8548922056384743,0,0,0,0.0,0,0,348.6684214958679,0,0,0,ok,completed,3.3068160000002536,c36553b74fabe50e893eada5c8015d30900e08b71a488c7ec88c4eec579e7327,d8ff27230a7567657dd1511a6d99211671c9c617f42bc0f652467f3d8d947740,d796a7c1b7fbb8bb170c84759571099cbad231106913c4b690421b81d56bd784
E7C005,10,MOI,screening,low,0.1,1,high,moderate,1044,1206,256.891027855997,0.24606420292720016,0.8656716417910447,0.8656716417910447,0,0,0,0.0,0,0,256.891027855997,0,0,0,ok,completed,3.4886054999997214,b1566d8773caa1272e7a3faaccae636bc93471ce160ad6a4772832b0f691333d,13ce05c5db181772b0626fbe4f1d194081005c45564ad37624e44c30677e0c49,8e936330cd0f319f2ed953fb3705759d3b1bc5cfbfd5621b6ba4c6d75d0ac036
E7C005,10,PASI,screening,low,0.1,1,high,moderate,1044,1206,255.83762421043014,0.24505519560386027,0.8656716417910447,0.8656716417910447,0,0,0,0.0,0,0,255.83762421043014,0,0,0,ok,completed,3.507192600000053,b1566d8773caa1272e7a3faaccae636bc93471ce160ad6a4772832b0f691333d,13ce05c5db181772b0626fbe4f1d194081005c45564ad37624e44c30677e0c49,8e936330cd0f319f2ed953fb3705759d3b1bc5cfbfd5621b6ba4c6d75d0ac036
E7C008,1,MOI,screening,high,0.1,20,high,strict,2208,3531,792.9764705362361,0.3591378942645997,0.6253186066270179,0.6253186066270179,0,0,0,0.0,0,0,792.9764705362361,0,0,0,ok,completed,7.391520599994692,e60a9613cc052e89d5f54455389db3597a9004f2d0eaa3214d6c414d8926d44a,d66ab3746ae69bf57359cac1f8b1c6eb618a7244b4bd06dae91814cf786b2a77,cb63b20b220240f2798d7959bdce3eefff25e1ea73a1446a63e3578ddd5f2114
E7C008,1,PASI,screening,high,0.1,20,high,strict,2208,3531,791.3628705049205,0.3584070971489676,0.6253186066270179,0.6253186066270179,0,0,0,0.0,0,0,791.3628705049205,0,0,0,ok,completed,7.182792799998424,e60a9613cc052e89d5f54455389db3597a9004f2d0eaa3214d6c414d8926d44a,d66ab3746ae69bf57359cac1f8b1c6eb618a7244b4bd06dae91814cf786b2a77,cb63b20b220240f2798d7959bdce3eefff25e1ea73a1446a63e3578ddd5f2114
E7C008,2,MOI,screening,high,0.1,20,high,strict,2197,3531,558.6564693522591,0.2542815063050793,0.6222033418295101,0.6222033418295101,0,0,0,0.0,0,0,558.6564693522591,0,0,0,ok,completed,4.199043999999958,ec6fb6e3e70e4e4cfaf432beb8c8e81197411dc276b4156fadadf46c4149536b,dae307466c0f2d7e7699b903b80d1e23544f00c41db5e1304b43ec51263cb44e,66542636052a2922f26b007dfa6f3cc28221d4bf4a531270a6b09d281d3597c6
E7C008,2,PASI,screening,high,0.1,20,high,strict,2197,3531,557.1662719686607,0.25360321892064663,0.6222033418295101,0.6222033418295101,0,0,0,0.0,0,0,557.1662719686607,0,0,0,ok,completed,4.197429899999406,ec6fb6e3e70e4e4cfaf432beb8c8e81197411dc276b4156fadadf46c4149536b,dae307466c0f2d7e7699b903b80d1e23544f00c41db5e1304b43ec51263cb44e,66542636052a2922f26b007dfa6f3cc28221d4bf4a531270a6b09d281d3597c6
E7C008,3,MOI,screening,high,0.1,20,high,strict,2197,3531,773.447212064131,0.3520469786363819,0.6222033418295101,0.6222033418295101,0,0,0,0.0,0,0,773.447212064131,0,0,0,ok,completed,4.009829099999479,c44b94beec3a0f3f02bc5e6fa6cd1528e66f2f4dc81fc3d375d0a2fa4a82c358,e4cdbc8f20cac984f5e330304cac803c185b55cf405a0586e7fac72c62462b8d,a10953232148374cfeed26829e0779fb1cdbf0952c1d6a89f0cc1228fbce7d14
E7C008,3,PASI,screening,high,0.1,20,high,strict,2197,3531,772.6387167747191,0.35167897895981753,0.6222033418295101,0.6222033418295101,0,0,0,0.0,0,0,772.6387167747191,0,0,0,ok,completed,4.0292036999999254,c44b94beec3a0f3f02bc5e6fa6cd1528e66f2f4dc81fc3d375d0a2fa4a82c358,e4cdbc8f20cac984f5e330304cac803c185b55cf405a0586e7fac72c62462b8d,a10953232148374cfeed26829e0779fb1cdbf0952c1d6a89f0cc1228fbce7d14
E7C008,4,MOI,screening,high,0.1,20,high,strict,2186,3531,748.2287734638551,0.3422821470557434,0.6190880770320023,0.6190880770320023,0,0,0,0.0,0,0,748.2287734638551,0,0,0,ok,completed,3.92647290000059,b3523e2089dbd7a32da94bd9af1457f53f613cc29afd93e90d9e37732b37fa40,b27c00ae6aa33cfc0565d19aa920482babeef332343d8559989dc93b8cc2acdb,e1f836feef4424ea5620d83b13a675dc75a746e97a4d91e1be1b056b8a1bfc07
E7C008,4,PASI,screening,high,0.1,20,high,strict,2186,3531,746.3775945978089,0.34143531317374604,0.6190880770320023,0.6190880770320023,0,0,0,0.0,0,0,746.3775945978089,0,0,0,ok,completed,3.9536671999994724,b3523e2089dbd7a32da94bd9af1457f53f613cc29afd93e90d9e37732b37fa40,b27c00ae6aa33cfc0565d19aa920482babeef332343d8559989dc93b8cc2acdb,e1f836feef4424ea5620d83b13a675dc75a746e97a4d91e1be1b056b8a1bfc07
E7C008,5,MOI,screening,high,0.1,20,high,strict,2184,3531,636.9071435149248,0.29162414996104613,0.6185216652506372,0.6185216652506372,0,0,0,0.0,0,0,636.9071435149248,0,0,0,ok,completed,3.9408511000001454,9c91d040fe812b98e9b759b6161595b173d2d116b16ce3708a8597be62bb4e8a,31b612abdfd0c127827079ee50fea19181189832da19f892a32bd95109089da5,6909ff971caff6fe0c79467e6beaaaaea24263b18b7c4c7aebcc3d3d5cba37a6
E7C008,5,PASI,screening,high,0.1,20,high,strict,2184,3531,634.7586015129864,0.29064038530814396,0.6185216652506372,0.6185216652506372,0,0,0,0.0,0,0,634.7586015129864,0,0,0,ok,completed,3.939848600000005,9c91d040fe812b98e9b759b6161595b173d2d116b16ce3708a8597be62bb4e8a,31b612abdfd0c127827079ee50fea19181189832da19f892a32bd95109089da5,6909ff971caff6fe0c79467e6beaaaaea24263b18b7c4c7aebcc3d3d5cba37a6
E7C008,6,MOI,screening,high,0.1,20,high,strict,2203,3531,599.2768272151831,0.27202761108269774,0.6239025771736052,0.6239025771736052,0,0,0,0.0,0,0,599.2768272151831,0,0,0,ok,completed,3.944195799999761,2e819b4fd88809fe30a8e26b180554e99e1dc9845ddda4dd3314189e44d73369,11cb1d2cc52ef078d70aba72f90a0ee04eadee8f538c44070cab74678943ea17,2eee91f068e8949a1ac580f6537ba21724a46b5bea7004a977adf58ddec0d0ac
E7C008,6,PASI,screening,high,0.1,20,high,strict,2203,3531,597.0273842412395,0.27100652938776193,0.6239025771736052,0.6239025771736052,0,0,0,0.0,0,0,597.0273842412395,0,0,0,ok,completed,4.021821799999998,2e819b4fd88809fe30a8e26b180554e99e1dc9845ddda4dd3314189e44d73369,11cb1d2cc52ef078d70aba72f90a0ee04eadee8f538c44070cab74678943ea17,2eee91f068e8949a1ac580f6537ba21724a46b5bea7004a977adf58ddec0d0ac
E7C008,7,MOI,screening,high,0.1,20,high,strict,2174,3531,488.1480486975911,0.22453912083605845,0.615689606343812,0.615689606343812,0,0,0,0.0,0,0,488.1480486975911,0,0,0,ok,completed,4.597087299999657,a4a74c297dd7facbcadc3f2bfea242294af7bea2cb4a29c627d99e29a9dfb6e7,743a26a15c4e74c6298bfab744dedc3455ab63886040084903705f73a56f26e1,d168b0d725b5a720c2d1d80009307730e6617f53efae612934e2fcbd815a0c9b
E7C008,7,PASI,screening,high,0.1,20,high,strict,2174,3531,486.32514743990475,0.22370061979756428,0.615689606343812,0.615689606343812,0,0,0,0.0,0,0,486.32514743990475,0,0,0,ok,completed,4.558895799999846,a4a74c297dd7facbcadc3f2bfea242294af7bea2cb4a29c627d99e29a9dfb6e7,743a26a15c4e74c6298bfab744dedc3455ab63886040084903705f73a56f26e1,d168b0d725b5a720c2d1d80009307730e6617f53efae612934e2fcbd815a0c9b
E7C008,8,MOI,screening,high,0.1,20,high,strict,2209,3531,671.6784929269065,0.30406450562558013,0.6256018125177004,0.6256018125177004,0,0,0,0.0,0,0,671.6784929269065,0,0,0,ok,completed,4.524481399999786,2e4d842490f744be05f504ad4e589f453696f55663201363d55bb7b564314928,03477e9b5e7807e00eed284eb79c3662d8792fcbfa50a802900cdd4df9a90a23,7f03d0fedea8cc14923689eab9790cedbaec16cbfe54acddc91ef6d5b4b95028
E7C008,8,PASI,screening,high,0.1,20,high,strict,2209,3531,669.4053446521702,0.303035466116872,0.6256018125177004,0.6256018125177004,0,0,0,0.0,0,0,669.4053446521702,0,0,0,ok,completed,4.515675399999964,2e4d842490f744be05f504ad4e589f453696f55663201363d55bb7b564314928,03477e9b5e7807e00eed284eb79c3662d8792fcbfa50a802900cdd4df9a90a23,7f03d0fedea8cc14923689eab9790cedbaec16cbfe54acddc91ef6d5b4b95028
E7C008,9,MOI,screening,high,0.1,20,high,strict,2198,3531,784.5642663669214,0.3569446161814929,0.6224865477201926,0.6224865477201926,0,0,0,0.0,0,0,784.5642663669214,0,0,0,ok,completed,3.8888670999995156,05644c349dadd2679e3020242271f6c70707fe1f74822a0aab58fe3b5ac86b1b,ed621ecb1233543fcbc3c2f9d986dc598487aea5a586b8bb72eacf55cddb9601,5ec306a4012f3359e3258784dc4b1f368a7786c4cc7a014fbb7f45aab0fe933d
E7C008,9,PASI,screening,high,0.1,20,high,strict,2198,3531,782.9799096389947,0.3562237987438557,0.6224865477201926,0.6224865477201926,0,0,0,0.0,0,0,782.9799096389947,0,0,0,ok,completed,3.903831199999331,05644c349dadd2679e3020242271f6c70707fe1f74822a0aab58fe3b5ac86b1b,ed621ecb1233543fcbc3c2f9d986dc598487aea5a586b8bb72eacf55cddb9601,5ec306a4012f3359e3258784dc4b1f368a7786c4cc7a014fbb7f45aab0fe933d
E7C008,10,MOI,screening,high,0.1,20,high,strict,2208,3531,580.8257198278392,0.2630551267336228,0.6253186066270179,0.6253186066270179,0,0,0,0.0,0,0,580.8257198278392,0,0,0,ok,completed,3.9094654000000446,ae2f818058c1f2abf5435b1a214d3adaed90fbe8b8524612ee7f9075b830725b,9c60b9e25328b057cf6a4dd4974b802aa788ec4fc8637aaf005ce5cbe082d122,62ac73ec8139c4de893886c42b9f10e5d262da3213a1079371ccb836ad6ded49
E7C008,10,PASI,screening,high,0.1,20,high,strict,2208,3531,578.9959326354588,0.26222641876605923,0.6253186066270179,0.6253186066270179,0,0,0,0.0,0,0,578.9959326354588,0,0,0,ok,completed,3.926841599999534,ae2f818058c1f2abf5435b1a214d3adaed90fbe8b8524612ee7f9075b830725b,9c60b9e25328b057cf6a4dd4974b802aa788ec4fc8637aaf005ce5cbe082d122,62ac73ec8139c4de893886c42b9f10e5d262da3213a1079371ccb836ad6ded49
E7C009,1,MOI,screening,low,0.1,5,low,strict,855,1206,283.0617918631782,0.33106642323178737,0.7089552238805971,0.7089552238805971,0,0,0,0.0,0,0,283.0617918631782,0,0,0,ok,completed,6.0065414999990026,a6853d1f6a46472be7c9ef37ac0c534128e38eeee9a4af6dc1215c753dd73e8b,ec22371983a259c14f4c8d91c29d100c194db3be0b439c722923a20d80c394ef,c11ae379ccbc687e19b019ad4716ce40a48dc31ad19d6aa7e5dc56d817008c28
E7C009,1,PASI,screening,low,0.1,5,low,strict,855,1206,282.0721545513727,0.329908952691664,0.7089552238805971,0.7089552238805971,0,0,0,0.0,0,0,282.0721545513727,0,0,0,ok,completed,6.030038600001717,a6853d1f6a46472be7c9ef37ac0c534128e38eeee9a4af6dc1215c753dd73e8b,ec22371983a259c14f4c8d91c29d100c194db3be0b439c722923a20d80c394ef,c11ae379ccbc687e19b019ad4716ce40a48dc31ad19d6aa7e5dc56d817008c28
E7C009,2,MOI,screening,low,0.1,5,low,strict,886,1206,257.48293840745663,0.2906127972996124,0.7346600331674958,0.7346600331674958,0,0,0,0.0,0,0,257.48293840745663,0,0,0,ok,completed,3.506195099999786,e7afb3295713137c70e759ced4d1be1c529b43d61136a24b4a4f1ea81f67b788,a39b0811c2f464ab764e8dbd8e8b9487ee6f06182940d447e7a4597636aac541,f71e9b424ccc332e4ce5f524e51f263905968324b2b7873b8566d3ec586f4869
E7C009,2,PASI,screening,low,0.1,5,low,strict,886,1206,256.52163704169556,0.28952780704480313,0.7346600331674958,0.7346600331674958,0,0,0,0.0,0,0,256.52163704169556,0,0,0,ok,completed,3.5707289000001765,e7afb3295713137c70e759ced4d1be1c529b43d61136a24b4a4f1ea81f67b788,a39b0811c2f464ab764e8dbd8e8b9487ee6f06182940d447e7a4597636aac541,f71e9b424ccc332e4ce5f524e51f263905968324b2b7873b8566d3ec586f4869
E7C009,3,MOI,screening,low,0.1,5,low,strict,882,1206,303.3759899514424,0.34396370742793925,0.7313432835820896,0.7313432835820896,0,0,0,0.0,0,0,303.3759899514424,0,0,0,ok,completed,3.590866100000312,6e6ffca284f94f477304cb0337f85cbd41dc716c490254a0fa9f3b509c77d831,196eb5c9c5c3188bcc0d9b17c0f052bcdd132d6719f36eda010856852aba6a7c,7ace1eab0b3b448d17e4ceb5df0883c7b9dac04ef01abf42c6a13838e7a849fb
E7C009,3,PASI,screening,low,0.1,5,low,strict,882,1206,302.597598039483,0.3430811769155136,0.7313432835820896,0.7313432835820896,0,0,0,0.0,0,0,302.597598039483,0,0,0,ok,completed,3.5862787000005483,6e6ffca284f94f477304cb0337f85cbd41dc716c490254a0fa9f3b509c77d831,196eb5c9c5c3188bcc0d9b17c0f052bcdd132d6719f36eda010856852aba6a7c,7ace1eab0b3b448d17e4ceb5df0883c7b9dac04ef01abf42c6a13838e7a849fb
E7C009,4,MOI,screening,low,0.1,5,low,strict,863,1206,270.5035674428981,0.31344561696743695,0.7155887230514096,0.7155887230514096,0,0,0,0.0,0,0,270.5035674428981,0,0,0,ok,completed,3.379090299999916,b479d924483e1b20a309785a611e582afabec5a7decd37ecdaac82a22d643fb3,09efb71e6d62b006f3ec3fe63739503350485a325c5979c3eb9dd05401ca11eb,9fc72b1219f57ac34cc630ace570a5e86974144ee275c13c3fec240096d970ac
E7C009,4,PASI,screening,low,0.1,5,low,strict,863,1206,269.5882741329317,0.3123850221702569,0.7155887230514096,0.7155887230514096,0,0,0,0.0,0,0,269.5882741329317,0,0,0,ok,completed,3.3330433999999514,b479d924483e1b20a309785a611e582afabec5a7decd37ecdaac82a22d643fb3,09efb71e6d62b006f3ec3fe63739503350485a325c5979c3eb9dd05401ca11eb,9fc72b1219f57ac34cc630ace570a5e86974144ee275c13c3fec240096d970ac
E7C009,5,MOI,screening,low,0.1,5,low,strict,859,1206,254.41959743973007,0.296181137880943,0.7122719734660033,0.7122719734660033,0,0,0,0.0,0,0,254.41959743973007,0,0,0,ok,completed,3.346483199999966,5835ae3525d94e6b2905e151656d3fc4f01a68a364a90e09c2d74fba6ffda3c0,7fae0de04dd792aaec115bd87fa4900b11c746275332ce142fb1f1edf0b209e3,531587dfa36fb01cb963e98216e73d6af29ec2feabcc3d01a8c509c9b0670469
E7C009,5,PASI,screening,low,0.1,5,low,strict,859,1206,253.26658234033488,0.29483886186302083,0.7122719734660033,0.7122719734660033,0,0,0,0.0,0,0,253.26658234033488,0,0,0,ok,completed,3.3450815000005605,5835ae3525d94e6b2905e151656d3fc4f01a68a364a90e09c2d74fba6ffda3c0,7fae0de04dd792aaec115bd87fa4900b11c746275332ce142fb1f1edf0b209e3,531587dfa36fb01cb963e98216e73d6af29ec2feabcc3d01a8c509c9b0670469
E7C009,6,MOI,screening,low,0.1,5,low,strict,856,1206,238.7284568764489,0.278888384201459,0.7097844112769486,0.7097844112769486,0,0,0,0.0,0,0,238.7284568764489,0,0,0,ok,completed,3.2907961999999316,f00beec923e5881e89555edc23bc5ed65e1ab571fcb71554186a85292825d71a,b686317ba1a6e585f4fafcf8623be963a470380fad24127d76e6ba6a18026cd4,440c3f9426a0122f78070e6fb5c54b74170096cc2d19e3710fa70145c73f393b
E7C009,6,PASI,screening,low,0.1,5,low,strict,856,1206,237.827787903251,0.2778362008215549,0.7097844112769486,0.7097844112769486,0,0,0,0.0,0,0,237.827787903251,0,0,0,ok,completed,3.388842399999703,f00beec923e5881e89555edc23bc5ed65e1ab571fcb71554186a85292825d71a,b686317ba1a6e585f4fafcf8623be963a470380fad24127d76e6ba6a18026cd4,440c3f9426a0122f78070e6fb5c54b74170096cc2d19e3710fa70145c73f393b
E7C009,7,MOI,screening,low,0.1,5,low,strict,882,1206,237.8560688452333,0.2696780825909675,0.7313432835820896,0.7313432835820896,0,0,0,0.0,0,0,237.8560688452333,0,0,0,ok,completed,3.4386156999999002,699e16a61a72d6f6677c88dc92cd28e4eea46af6652088b2c45b39ce3fa488c6,9ec08ecc0cb27e9bf90bde3fee64591dc1a2f37d471945ce53e7984e871d118d,8d063527cbd5f13d6aceecdb8f78f32f8a9ac0cc116efc435cef003a86dc7f80
E7C009,7,PASI,screening,low,0.1,5,low,strict,882,1206,236.87841071136086,0.26856962665687173,0.7313432835820896,0.7313432835820896,0,0,0,0.0,0,0,236.87841071136086,0,0,0,ok,completed,3.4528197999998156,699e16a61a72d6f6677c88dc92cd28e4eea46af6652088b2c45b39ce3fa488c6,9ec08ecc0cb27e9bf90bde3fee64591dc1a2f37d471945ce53e7984e871d118d,8d063527cbd5f13d6aceecdb8f78f32f8a9ac0cc116efc435cef003a86dc7f80
E7C009,8,MOI,screening,low,0.1,5,low,strict,843,1206,257.70862742692555,0.30570418437357716,0.6990049751243781,0.6990049751243781,0,0,0,0.0,0,0,257.70862742692555,0,0,0,ok,completed,3.5792185000000245,9339345ab1e47990db2ed9dddddcaaafac158be442d6520f9b1ea59107378204,a74c70608042d200f55c80a63d4533bc2b4006310e1bcb6e243189d27ced1990,6518c3cdbf474baed5d1fbeb5e9840e749efabcb5576a18389514ac533f24638
E7C009,8,PASI,screening,low,0.1,5,low,strict,843,1206,256.6409717214106,0.3044376888747457,0.6990049751243781,0.6990049751243781,0,0,0,0.0,0,0,256.6409717214106,0,0,0,ok,completed,3.653475399999479,9339345ab1e47990db2ed9dddddcaaafac158be442d6520f9b1ea59107378204,a74c70608042d200f55c80a63d4533bc2b4006310e1bcb6e243189d27ced1990,6518c3cdbf474baed5d1fbeb5e9840e749efabcb5576a18389514ac533f24638
E7C009,9,MOI,screening,low,0.1,5,low,strict,867,1206,272.01710883841855,0.3137452235737238,0.7189054726368159,0.7189054726368159,0,0,0,0.0,0,0,272.01710883841855,0,0,0,ok,completed,3.6401237000000037,c36553b74fabe50e893eada5c8015d30900e08b71a488c7ec88c4eec579e7327,eef667784ad4220f13e2bea32305373753967c565a0d07c5df8ffd696fe9ad56,622f24f83627e17234c55b8f5e46a53318b2003aa88794b27c1da34ad782b9b2
E7C009,9,PASI,screening,low,0.1,5,low,strict,867,1206,271.07625523317745,0.31266004063803626,0.7189054726368159,0.7189054726368159,0,0,0,0.0,0,0,271.07625523317745,0,0,0,ok,completed,3.6733287000006385,c36553b74fabe50e893eada5c8015d30900e08b71a488c7ec88c4eec579e7327,eef667784ad4220f13e2bea32305373753967c565a0d07c5df8ffd696fe9ad56,622f24f83627e17234c55b8f5e46a53318b2003aa88794b27c1da34ad782b9b2
E7C009,10,MOI,screening,low,0.1,5,low,strict,873,1206,242.22590552273113,0.27746380930438846,0.7238805970149254,0.7238805970149254,0,0,0,0.0,0,0,242.22590552273113,0,0,0,ok,completed,3.7583770000001095,b1566d8773caa1272e7a3faaccae636bc93471ce160ad6a4772832b0f691333d,a7bbcf26013098e02fff4a279a492c8db368cc93c6dd20a5b06fe9ddb0e31d7c,8a83d4c02d18c03287f846640adad1c864299a191b4dcd00443fab766855acf6
E7C009,10,PASI,screening,low,0.1,5,low,strict,873,1206,241.19637696106764,0.2762845096919446,0.7238805970149254,0.7238805970149254,0,0,0,0.0,0,0,241.19637696106764,0,0,0,ok,completed,3.7733564000000115,b1566d8773caa1272e7a3faaccae636bc93471ce160ad6a4772832b0f691333d,a7bbcf26013098e02fff4a279a492c8db368cc93c6dd20a5b06fe9ddb0e31d7c,8a83d4c02d18c03287f846640adad1c864299a191b4dcd00443fab766855acf6
E7C010,1,MOI,screening,medium,0.25,20,high,moderate,1894,2464,664.2487029476401,0.35071209236939815,0.7686688311688312,0.7686688311688312,0,0,0,0.0,0,0,664.2487029476401,0,0,0,ok,completed,6.484521700011101,85ffcbc7aa05dd74f46233993024f6329d830fa78acc4d396d9be8f6a04b357c,d66ab3746ae69bf57359cac1f8b1c6eb618a7244b4bd06dae91814cf786b2a77,378bb73bfb805704bd448457151bc3cb1d21be4c01ee591fd98207a6b5c982f7
E7C010,1,PASI,screening,medium,0.25,20,high,moderate,1894,2464,661.5930654212075,0.3493099606236576,0.7686688311688312,0.7686688311688312,0,0,0,0.0,0,0,661.5930654212075,0,0,0,ok,completed,6.175740300008329,85ffcbc7aa05dd74f46233993024f6329d830fa78acc4d396d9be8f6a04b357c,d66ab3746ae69bf57359cac1f8b1c6eb618a7244b4bd06dae91814cf786b2a77,378bb73bfb805704bd448457151bc3cb1d21be4c01ee591fd98207a6b5c982f7
E7C010,2,MOI,screening,medium,0.25,20,high,moderate,1933,2464,487.411936408393,0.25215309695209154,0.7844967532467533,0.7844967532467533,0,0,0,0.0,0,0,487.411936408393,0,0,0,ok,completed,3.807417600000008,df0244e9ea919f41a24d33c303f0c9b691f81eb081b6c5c3c3bb0daef57ba065,dae307466c0f2d7e7699b903b80d1e23544f00c41db5e1304b43ec51263cb44e,5008ef8f002315a25ba7c37fa0d56d03bc04dea720c687f90498e8994e0ed59c
E7C010,2,PASI,screening,medium,0.25,20,high,moderate,1933,2464,484.62456544026134,0.25071110472853664,0.7844967532467533,0.7844967532467533,0,0,0,0.0,0,0,484.62456544026134,0,0,0,ok,completed,3.7726775000001,df0244e9ea919f41a24d33c303f0c9b691f81eb081b6c5c3c3bb0daef57ba065,dae307466c0f2d7e7699b903b80d1e23544f00c41db5e1304b43ec51263cb44e,5008ef8f002315a25ba7c37fa0d56d03bc04dea720c687f90498e8994e0ed59c
E7C010,3,MOI,screening,medium,0.25,20,high,moderate,1949,2464,671.9185724755107,0.3447504219987228,0.7909902597402597,0.7909902597402597,0,0,0,0.0,0,0,671.9185724755107,0,0,0,ok,completed,3.681679399999666,fdf083b32927818f7ba2c8aa53ababe13d99eb06cec7b3e807b114d639c8012c,e4cdbc8f20cac984f5e330304cac803c185b55cf405a0586e7fac72c62462b8d,ce9b396d0f7212e800b204ac7a0ab7b3fee19330a58169707635b69307cd6819
E7C010,3,PASI,screening,medium,0.25,20,high,moderate,1949,2464,670.3589410635498,0.3439502006483067,0.7909902597402597,0.7909902597402597,0,0,0,0.0,0,0,670.3589410635498,0,0,0,ok,completed,3.6820385999999417,fdf083b32927818f7ba2c8aa53ababe13d99eb06cec7b3e807b114d639c8012c,e4cdbc8f20cac984f5e330304cac803c185b55cf405a0586e7fac72c62462b8d,ce9b396d0f7212e800b204ac7a0ab7b3fee19330a58169707635b69307cd6819
E7C010,4,MOI,screening,medium,0.25,20,high,moderate,1945,2464,650.7899229153584,0.33459636139607113,0.7893668831168831,0.7893668831168831,0,0,0,0.0,0,0,650.7899229153584,0,0,0,ok,completed,3.605953999999656,a09c811a97a72168477996bea5cae221e3be21b35d8313e224ec6b2d2e563dd8,b27c00ae6aa33cfc0565d19aa920482babeef332343d8559989dc93b8cc2acdb,34d7762355f1bda544d4babc55d4bf588ab7d13059602ac536dc9acafaf80bc3
E7C010,4,PASI,screening,medium,0.25,20,high,moderate,1945,2464,647.635787973155,0.33297469818671205,0.7893668831168831,0.7893668831168831,0,0,0,0.0,0,0,647.635787973155,0,0,0,ok,completed,3.585597099999177,a09c811a97a72168477996bea5cae221e3be21b35d8313e224ec6b2d2e563dd8,b27c00ae6aa33cfc0565d19aa920482babeef332343d8559989dc93b8cc2acdb,34d7762355f1bda544d4babc55d4bf588ab7d13059602ac536dc9acafaf80bc3
E7C010,5,MOI,screening,medium,0.25,20,high,moderate,1928,2464,552.2182215528558,0.28642023939463473,0.7824675324675324,0.7824675324675324,0,0,0,0.0,0,0,552.2182215528558,0,0,0,ok,completed,3.4359191000003193,3f9d2d2d43882f17652140e431466432f24708128d4f6afea54f0dc89d31b4f9,31b612abdfd0c127827079ee50fea19181189832da19f892a32bd95109089da5,6a0c2a1a4b517f1de37594b69790ed32f159d05fc9c63bd06d802cd0b99d9634
E7C010,5,PASI,screening,medium,0.25,20,high,moderate,1928,2464,548.8188054148682,0.2846570567504503,0.7824675324675324,0.7824675324675324,0,0,0,0.0,0,0,548.8188054148682,0,0,0,ok,completed,3.513702700000067,3f9d2d2d43882f17652140e431466432f24708128d4f6afea54f0dc89d31b4f9,31b612abdfd0c127827079ee50fea19181189832da19f892a32bd95109089da5,6a0c2a1a4b517f1de37594b69790ed32f159d05fc9c63bd06d802cd0b99d9634
E7C010,6,MOI,screening,medium,0.25,20,high,moderate,1894,2464,517.1670055236191,0.2730554411423543,0.7686688311688312,0.7686688311688312,0,0,0,0.0,0,0,517.1670055236191,0,0,0,ok,completed,3.6411293000001024,946035e9be2addf721a815cd2b9a051dff9265f5deb6140d693eee9a431839fc,11cb1d2cc52ef078d70aba72f90a0ee04eadee8f538c44070cab74678943ea17,5bd0ef4ea37ff242ddbdce2d83d6631e06dff97a84828557f4139a7254a8df90
E7C010,6,PASI,screening,medium,0.25,20,high,moderate,1894,2464,513.6093516083492,0.27117705998328895,0.7686688311688312,0.7686688311688312,0,0,0,0.0,0,0,513.6093516083492,0,0,0,ok,completed,3.6499229000000923,946035e9be2addf721a815cd2b9a051dff9265f5deb6140d693eee9a431839fc,11cb1d2cc52ef078d70aba72f90a0ee04eadee8f538c44070cab74678943ea17,5bd0ef4ea37ff242ddbdce2d83d6631e06dff97a84828557f4139a7254a8df90
E7C010,7,MOI,screening,medium,0.25,20,high,moderate,1940,2464,446.9429827309535,0.2303829807891513,0.7873376623376623,0.7873376623376623,0,0,0,0.0,0,0,446.9429827309535,0,0,0,ok,completed,3.739491499999531,66a1dabb1c578246ff41f5507e00f5385f498dfe0996ab8076b5045cf229b8a4,743a26a15c4e74c6298bfab744dedc3455ab63886040084903705f73a56f26e1,2db92cdc5b92e032e35406f30dce6667279ece0460b022fa83504a8a1164ce34
E7C010,7,PASI,screening,medium,0.25,20,high,moderate,1940,2464,444.2650642512005,0.22900261043876313,0.7873376623376623,0.7873376623376623,0,0,0,0.0,0,0,444.2650642512005,0,0,0,ok,completed,3.830753499999446,66a1dabb1c578246ff41f5507e00f5385f498dfe0996ab8076b5045cf229b8a4,743a26a15c4e74c6298bfab744dedc3455ab63886040084903705f73a56f26e1,2db92cdc5b92e032e35406f30dce6667279ece0460b022fa83504a8a1164ce34
E7C010,8,MOI,screening,medium,0.25,20,high,moderate,1961,2464,595.1856482940498,0.30351129438758273,0.7958603896103896,0.7958603896103896,0,0,0,0.0,0,0,595.1856482940498,0,0,0,ok,completed,3.6042790000001332,3ef71d6b5b3de753cdb418012bc0d13fe5bea52bc8e2465fee6ca58713ce5b1a,03477e9b5e7807e00eed284eb79c3662d8792fcbfa50a802900cdd4df9a90a23,90968ca1c7b7041a53e6bc62e2bc526e9179d4a5bc56a53ddb89641153da79fa
E7C010,8,PASI,screening,medium,0.25,20,high,moderate,1961,2464,591.4669372695887,0.3016149603618504,0.7958603896103896,0.7958603896103896,0,0,0,0.0,0,0,591.4669372695887,0,0,0,ok,completed,3.635505899999771,3ef71d6b5b3de753cdb418012bc0d13fe5bea52bc8e2465fee6ca58713ce5b1a,03477e9b5e7807e00eed284eb79c3662d8792fcbfa50a802900cdd4df9a90a23,90968ca1c7b7041a53e6bc62e2bc526e9179d4a5bc56a53ddb89641153da79fa
E7C010,9,MOI,screening,medium,0.25,20,high,moderate,1943,2464,695.6890250942713,0.3580489063789353,0.7885551948051948,0.7885551948051948,0,0,0,0.0,0,0,695.6890250942713,0,0,0,ok,completed,3.3419764999998733,f4292d060ea4095cd4a251074581960f5216aa080dd253380130be1fa49e5845,ed621ecb1233543fcbc3c2f9d986dc598487aea5a586b8bb72eacf55cddb9601,ff17ccc33e34345935c1c693bf92e6a36329bf7e67c375e328f2dab48c895612
E7C010,9,PASI,screening,medium,0.25,20,high,moderate,1943,2464,692.8633859482035,0.3565946402203826,0.7885551948051948,0.7885551948051948,0,0,0,0.0,0,0,692.8633859482035,0,0,0,ok,completed,3.370024099999682,f4292d060ea4095cd4a251074581960f5216aa080dd253380130be1fa49e5845,ed621ecb1233543fcbc3c2f9d986dc598487aea5a586b8bb72eacf55cddb9601,ff17ccc33e34345935c1c693bf92e6a36329bf7e67c375e328f2dab48c895612
E7C010,10,MOI,screening,medium,0.25,20,high,moderate,1932,2464,493.39980728624596,0.25538292302600724,0.7840909090909091,0.7840909090909091,0,0,0,0.0,0,0,493.39980728624596,0,0,0,ok,completed,3.396092299999509,39fb39cff2f581164b297c9583e6c363cfa52d5de3808a2d23774f98ce3ee5a8,9c60b9e25328b057cf6a4dd4974b802aa788ec4fc8637aaf005ce5cbe082d122,c8eed219852944802e426d7caf9245bef1452a5c9cbb7d23199af305834cfaf6
E7C010,10,PASI,screening,medium,0.25,20,high,moderate,1932,2464,489.9710238020838,0.2536081903737494,0.7840909090909091,0.7840909090909091,0,0,0,0.0,0,0,489.9710238020838,0,0,0,ok,completed,3.4411134000001766,39fb39cff2f581164b297c9583e6c363cfa52d5de3808a2d23774f98ce3ee5a8,9c60b9e25328b057cf6a4dd4974b802aa788ec4fc8637aaf005ce5cbe082d122,c8eed219852944802e426d7caf9245bef1452a5c9cbb7d23199af305834cfaf6
E7C014,1,MOI,screening,medium,0.0,20,medium,loose,2061,2464,730.24689458626,0.35431678534025235,0.8364448051948052,0.8364448051948052,0,0,0,0.0,0,0,730.24689458626,0,0,0,ok,completed,6.1836581000097794,85ffcbc7aa05dd74f46233993024f6329d830fa78acc4d396d9be8f6a04b357c,d66ab3746ae69bf57359cac1f8b1c6eb618a7244b4bd06dae91814cf786b2a77,87252319f39ab7493b179e3c7887e029d42eb915b1506b8524146c3cb957a1fb
E7C014,1,PASI,screening,medium,0.0,20,medium,loose,2061,2464,730.24689458626,0.35431678534025235,0.8364448051948052,0.8364448051948052,0,0,0,0.0,0,0,730.24689458626,0,0,0,ok,completed,6.415265499992529,85ffcbc7aa05dd74f46233993024f6329d830fa78acc4d396d9be8f6a04b357c,d66ab3746ae69bf57359cac1f8b1c6eb618a7244b4bd06dae91814cf786b2a77,87252319f39ab7493b179e3c7887e029d42eb915b1506b8524146c3cb957a1fb
E7C014,2,MOI,screening,medium,0.0,20,medium,loose,2066,2464,572.9149970457808,0.27730638772787064,0.838474025974026,0.838474025974026,0,0,0,0.0,0,0,572.9149970457808,0,0,0,ok,completed,3.4237311999995654,df0244e9ea919f41a24d33c303f0c9b691f81eb081b6c5c3c3bb0daef57ba065,dae307466c0f2d7e7699b903b80d1e23544f00c41db5e1304b43ec51263cb44e,e9e318f027e513b9628a64c1e35829ddd7fdf2eeb98c9d1cbf4eb5c1aa22b9db
E7C014,2,PASI,screening,medium,0.0,20,medium,loose,2066,2464,572.9149970457808,0.27730638772787064,0.838474025974026,0.838474025974026,0,0,0,0.0,0,0,572.9149970457808,0,0,0,ok,completed,3.419715400000314,df0244e9ea919f41a24d33c303f0c9b691f81eb081b6c5c3c3bb0daef57ba065,dae307466c0f2d7e7699b903b80d1e23544f00c41db5e1304b43ec51263cb44e,e9e318f027e513b9628a64c1e35829ddd7fdf2eeb98c9d1cbf4eb5c1aa22b9db
E7C014,3,MOI,screening,medium,0.0,20,medium,loose,2090,2464,757.1852742759526,0.36228960491672374,0.8482142857142857,0.8482142857142857,0,0,0,0.0,0,0,757.1852742759526,0,0,0,ok,completed,3.4244072999999844,fdf083b32927818f7ba2c8aa53ababe13d99eb06cec7b3e807b114d639c8012c,e4cdbc8f20cac984f5e330304cac803c185b55cf405a0586e7fac72c62462b8d,1d3b9c428d1d7db1e32b4cb4c6826824847e9e6c8f224e04ae57562d72665e20
E7C014,3,PASI,screening,medium,0.0,20,medium,loose,2090,2464,757.1852742759526,0.36228960491672374,0.8482142857142857,0.8482142857142857,0,0,0,0.0,0,0,757.1852742759526,0,0,0,ok,completed,3.4234936000002563,fdf083b32927818f7ba2c8aa53ababe13d99eb06cec7b3e807b114d639c8012c,e4cdbc8f20cac984f5e330304cac803c185b55cf405a0586e7fac72c62462b8d,1d3b9c428d1d7db1e32b4cb4c6826824847e9e6c8f224e04ae57562d72665e20
E7C014,4,MOI,screening,medium,0.0,20,medium,loose,2070,2464,695.0561864249904,0.33577593547100987,0.8400974025974026,0.8400974025974026,0,0,0,0.0,0,0,695.0561864249904,0,0,0,ok,completed,3.6411039000004166,a09c811a97a72168477996bea5cae221e3be21b35d8313e224ec6b2d2e563dd8,b27c00ae6aa33cfc0565d19aa920482babeef332343d8559989dc93b8cc2acdb,37610280179deae7b790ed62f0f39b67a1a852c41430b5e7d3cf433f6fd30c25
E7C014,4,PASI,screening,medium,0.0,20,medium,loose,2070,2464,695.0561864249904,0.33577593547100987,0.8400974025974026,0.8400974025974026,0,0,0,0.0,0,0,695.0561864249904,0,0,0,ok,completed,3.6056456999995135,a09c811a97a72168477996bea5cae221e3be21b35d8313e224ec6b2d2e563dd8,b27c00ae6aa33cfc0565d19aa920482babeef332343d8559989dc93b8cc2acdb,37610280179deae7b790ed62f0f39b67a1a852c41430b5e7d3cf433f6fd30c25
E7C014,5,MOI,screening,medium,0.0,20,medium,loose,2068,2464,610.5281066710874,0.29522635719104806,0.8392857142857143,0.8392857142857143,0,0,0,0.0,0,0,610.5281066710874,0,0,0,ok,completed,3.60209869999926,3f9d2d2d43882f17652140e431466432f24708128d4f6afea54f0dc89d31b4f9,31b612abdfd0c127827079ee50fea19181189832da19f892a32bd95109089da5,00de89a29a6fe14ac2145e74d67a1499e98f8903e259cd134926cb18bd5a1601
E7C014,5,PASI,screening,medium,0.0,20,medium,loose,2068,2464,610.5281066710874,0.29522635719104806,0.8392857142857143,0.8392857142857143,0,0,0,0.0,0,0,610.5281066710874,0,0,0,ok,completed,3.688048799999706,3f9d2d2d43882f17652140e431466432f24708128d4f6afea54f0dc89d31b4f9,31b612abdfd0c127827079ee50fea19181189832da19f892a32bd95109089da5,00de89a29a6fe14ac2145e74d67a1499e98f8903e259cd134926cb18bd5a1601
E7C014,6,MOI,screening,medium,0.0,20,medium,loose,2039,2464,570.8539233980619,0.2799675936233751,0.8275162337662337,0.8275162337662337,0,0,0,0.0,0,0,570.8539233980619,0,0,0,ok,completed,3.3809621000000334,946035e9be2addf721a815cd2b9a051dff9265f5deb6140d693eee9a431839fc,11cb1d2cc52ef078d70aba72f90a0ee04eadee8f538c44070cab74678943ea17,5a4b38165c9698002ff183f323514e003ebe6f33623c4e12ac3e8c428242c68e
E7C014,6,PASI,screening,medium,0.0,20,medium,loose,2039,2464,570.8539233980619,0.2799675936233751,0.8275162337662337,0.8275162337662337,0,0,0,0.0,0,0,570.8539233980619,0,0,0,ok,completed,3.394199999999728,946035e9be2addf721a815cd2b9a051dff9265f5deb6140d693eee9a431839fc,11cb1d2cc52ef078d70aba72f90a0ee04eadee8f538c44070cab74678943ea17,5a4b38165c9698002ff183f323514e003ebe6f33623c4e12ac3e8c428242c68e
E7C014,7,MOI,screening,medium,0.0,20,medium,loose,2087,2464,535.1610623630993,0.2564260001739814,0.8469967532467533,0.8469967532467533,0,0,0,0.0,0,0,535.1610623630993,0,0,0,ok,completed,3.365947500000402,66a1dabb1c578246ff41f5507e00f5385f498dfe0996ab8076b5045cf229b8a4,743a26a15c4e74c6298bfab744dedc3455ab63886040084903705f73a56f26e1,93bdf70ddc1d1493b76cd7a4630f728075cf9a5b54b6b9f02a59c83611cb4500
E7C014,7,PASI,screening,medium,0.0,20,medium,loose,2087,2464,535.1610623630993,0.2564260001739814,0.8469967532467533,0.8469967532467533,0,0,0,0.0,0,0,535.1610623630993,0,0,0,ok,completed,3.4216920999997456,66a1dabb1c578246ff41f5507e00f5385f498dfe0996ab8076b5045cf229b8a4,743a26a15c4e74c6298bfab744dedc3455ab63886040084903705f73a56f26e1,93bdf70ddc1d1493b76cd7a4630f728075cf9a5b54b6b9f02a59c83611cb4500
E7C014,8,MOI,screening,medium,0.0,20,medium,loose,2085,2464,637.962957850544,0.3059774378180067,0.846185064935065,0.846185064935065,0,0,0,0.0,0,0,637.962957850544,0,0,0,ok,completed,3.3775606999997763,3ef71d6b5b3de753cdb418012bc0d13fe5bea52bc8e2465fee6ca58713ce5b1a,03477e9b5e7807e00eed284eb79c3662d8792fcbfa50a802900cdd4df9a90a23,e03cf88645fc40f7340787f4d25d683fff7eae538fbec0e3f5b6bd27392be029
E7C014,8,PASI,screening,medium,0.0,20,medium,loose,2085,2464,637.962957850544,0.3059774378180067,0.846185064935065,0.846185064935065,0,0,0,0.0,0,0,637.962957850544,0,0,0,ok,completed,3.468187499999658,3ef71d6b5b3de753cdb418012bc0d13fe5bea52bc8e2465fee6ca58713ce5b1a,03477e9b5e7807e00eed284eb79c3662d8792fcbfa50a802900cdd4df9a90a23,e03cf88645fc40f7340787f4d25d683fff7eae538fbec0e3f5b6bd27392be029
E7C014,9,MOI,screening,medium,0.0,20,medium,loose,2083,2464,714.305514411431,0.3429215143597844,0.8453733766233766,0.8453733766233766,0,0,0,0.0,0,0,714.305514411431,0,0,0,ok,completed,3.3749299000000974,f4292d060ea4095cd4a251074581960f5216aa080dd253380130be1fa49e5845,ed621ecb1233543fcbc3c2f9d986dc598487aea5a586b8bb72eacf55cddb9601,53244ad582e078b50515ee55b22506bd9c6c3415a048eb38d2fd47588ea84d44
E7C014,9,PASI,screening,medium,0.0,20,medium,loose,2083,2464,714.305514411431,0.3429215143597844,0.8453733766233766,0.8453733766233766,0,0,0,0.0,0,0,714.305514411431,0,0,0,ok,completed,3.337880000000041,f4292d060ea4095cd4a251074581960f5216aa080dd253380130be1fa49e5845,ed621ecb1233543fcbc3c2f9d986dc598487aea5a586b8bb72eacf55cddb9601,53244ad582e078b50515ee55b22506bd9c6c3415a048eb38d2fd47588ea84d44
E7C014,10,MOI,screening,medium,0.0,20,medium,loose,2075,2464,565.7316533846545,0.27264176066730333,0.8421266233766234,0.8421266233766234,0,0,0,0.0,0,0,565.7316533846545,0,0,0,ok,completed,3.5719316000004255,39fb39cff2f581164b297c9583e6c363cfa52d5de3808a2d23774f98ce3ee5a8,9c60b9e25328b057cf6a4dd4974b802aa788ec4fc8637aaf005ce5cbe082d122,70dae09b8613f0e18abb95b8d678da0d7b839c506bb1c2cdf1003ac29cea2f38
E7C014,10,PASI,screening,medium,0.0,20,medium,loose,2075,2464,565.7316533846545,0.27264176066730333,0.8421266233766234,0.8421266233766234,0,0,0,0.0,0,0,565.7316533846545,0,0,0,ok,completed,3.593837800000074,39fb39cff2f581164b297c9583e6c363cfa52d5de3808a2d23774f98ce3ee5a8,9c60b9e25328b057cf6a4dd4974b802aa788ec4fc8637aaf005ce5cbe082d122,70dae09b8613f0e18abb95b8d678da0d7b839c506bb1c2cdf1003ac29cea2f38
E7C015,1,MOI,screening,low,0.5,5,low,strict,855,1206,283.0617918631782,0.33106642323178737,0.7089552238805971,0.7089552238805971,0,0,0,0.0,0,0,283.0617918631782,0,0,0,ok,completed,6.004121400008444,a6853d1f6a46472be7c9ef37ac0c534128e38eeee9a4af6dc1215c753dd73e8b,ec22371983a259c14f4c8d91c29d100c194db3be0b439c722923a20d80c394ef,d404b60a3977a7a85e4da8aa81ba65462cd57b9f90dc59a9c7c05dc7692bdef8
E7C015,1,PASI,screening,low,0.5,5,low,strict,855,1206,280.2804632781738,0.3278134073428933,0.7089552238805971,0.7089552238805971,0,0,0,0.0,0,0,280.2804632781738,0,0,0,ok,completed,6.242566600005375,a6853d1f6a46472be7c9ef37ac0c534128e38eeee9a4af6dc1215c753dd73e8b,ec22371983a259c14f4c8d91c29d100c194db3be0b439c722923a20d80c394ef,d404b60a3977a7a85e4da8aa81ba65462cd57b9f90dc59a9c7c05dc7692bdef8
E7C015,2,MOI,screening,low,0.5,5,low,strict,886,1206,257.48293840745663,0.2906127972996124,0.7346600331674958,0.7346600331674958,0,0,0,0.0,0,0,257.48293840745663,0,0,0,ok,completed,3.586880199999541,e7afb3295713137c70e759ced4d1be1c529b43d61136a24b4a4f1ea81f67b788,a39b0811c2f464ab764e8dbd8e8b9487ee6f06182940d447e7a4597636aac541,61bd5f37ca4b92c2d2f43d1ebc1cc93c2995288a1b86e9473b3af17ced8961e1
E7C015,2,PASI,screening,low,0.5,5,low,strict,886,1206,254.31495942053087,0.28703720024890617,0.7346600331674958,0.7346600331674958,0,0,0,0.0,0,0,254.31495942053087,0,0,0,ok,completed,3.574080000000322,e7afb3295713137c70e759ced4d1be1c529b43d61136a24b4a4f1ea81f67b788,a39b0811c2f464ab764e8dbd8e8b9487ee6f06182940d447e7a4597636aac541,61bd5f37ca4b92c2d2f43d1ebc1cc93c2995288a1b86e9473b3af17ced8961e1
E7C015,3,MOI,screening,low,0.5,5,low,strict,882,1206,303.3759899514424,0.34396370742793925,0.7313432835820896,0.7313432835820896,0,0,0,0.0,0,0,303.3759899514424,0,0,0,ok,completed,3.3231251999995948,6e6ffca284f94f477304cb0337f85cbd41dc716c490254a0fa9f3b509c77d831,196eb5c9c5c3188bcc0d9b17c0f052bcdd132d6719f36eda010856852aba6a7c,12a3802f5d828a174806737f7ee442ec0a5741c41d004d0a75f364826ddda521
E7C015,3,PASI,screening,low,0.5,5,low,strict,882,1206,300.790359945493,0.341032154133212,0.7313432835820896,0.7313432835820896,0,0,0,0.0,0,0,300.790359945493,0,0,0,ok,completed,3.3163432999999714,6e6ffca284f94f477304cb0337f85cbd41dc716c490254a0fa9f3b509c77d831,196eb5c9c5c3188bcc0d9b17c0f052bcdd132d6719f36eda010856852aba6a7c,12a3802f5d828a174806737f7ee442ec0a5741c41d004d0a75f364826ddda521
E7C015,4,MOI,screening,low,0.5,5,low,strict,863,1206,270.5035674428981,0.31344561696743695,0.7155887230514096,0.7155887230514096,0,0,0,0.0,0,0,270.5035674428981,0,0,0,ok,completed,3.293887700000596,b479d924483e1b20a309785a611e582afabec5a7decd37ecdaac82a22d643fb3,09efb71e6d62b006f3ec3fe63739503350485a325c5979c3eb9dd05401ca11eb,3f9b501e8c250d81b99a3b6d59711293621edcdf251fa483bf94b65da79eec97
E7C015,4,PASI,screening,low,0.5,5,low,strict,863,1206,267.843971521668,0.3103638140459652,0.7155887230514096,0.7155887230514096,0,0,0,0.0,0,0,267.843971521668,0,0,0,ok,completed,3.268941199999972,b479d924483e1b20a309785a611e582afabec5a7decd37ecdaac82a22d643fb3,09efb71e6d62b006f3ec3fe63739503350485a325c5979c3eb9dd05401ca11eb,3f9b501e8c250d81b99a3b6d59711293621edcdf251fa483bf94b65da79eec97
E7C015,5,MOI,screening,low,0.5,5,low,strict,859,1206,254.41959743973007,0.296181137880943,0.7122719734660033,0.7122719734660033,0,0,0,0.0,0,0,254.41959743973007,0,0,0,ok,completed,3.507747200000267,5835ae3525d94e6b2905e151656d3fc4f01a68a364a90e09c2d74fba6ffda3c0,7fae0de04dd792aaec115bd87fa4900b11c746275332ce142fb1f1edf0b209e3,ea55560107b606e6e845ef8f16e8da9cdd00ee02e69b124af46c10bd3c9e8923
E7C015,5,PASI,screening,low,0.5,5,low,strict,859,1206,250.89836520006054,0.29208191525036153,0.7122719734660033,0.7122719734660033,0,0,0,0.0,0,0,250.89836520006054,0,0,0,ok,completed,3.4570700000003853,5835ae3525d94e6b2905e151656d3fc4f01a68a364a90e09c2d74fba6ffda3c0,7fae0de04dd792aaec115bd87fa4900b11c746275332ce142fb1f1edf0b209e3,ea55560107b606e6e845ef8f16e8da9cdd00ee02e69b124af46c10bd3c9e8923
E7C015,6,MOI,screening,low,0.5,5,low,strict,856,1206,238.7284568764489,0.278888384201459,0.7097844112769486,0.7097844112769486,0,0,0,0.0,0,0,238.7284568764489,0,0,0,ok,completed,3.67353920000005,f00beec923e5881e89555edc23bc5ed65e1ab571fcb71554186a85292825d71a,b686317ba1a6e585f4fafcf8623be963a470380fad24127d76e6ba6a18026cd4,17aec97dcd5f8a80e2a2252f806f16e23b7710d143969452548b7c2d38708703
E7C015,6,PASI,screening,low,0.5,5,low,strict,856,1206,235.47986726430372,0.27509330287885947,0.7097844112769486,0.7097844112769486,0,0,0,0.0,0,0,235.47986726430372,0,0,0,ok,completed,3.676641300000483,f00beec923e5881e89555edc23bc5ed65e1ab571fcb71554186a85292825d71a,b686317ba1a6e585f4fafcf8623be963a470380fad24127d76e6ba6a18026cd4,17aec97dcd5f8a80e2a2252f806f16e23b7710d143969452548b7c2d38708703
E7C015,7,MOI,screening,low,0.5,5,low,strict,882,1206,237.8560688452333,0.2696780825909675,0.7313432835820896,0.7313432835820896,0,0,0,0.0,0,0,237.8560688452333,0,0,0,ok,completed,3.634169799999654,699e16a61a72d6f6677c88dc92cd28e4eea46af6652088b2c45b39ce3fa488c6,9ec08ecc0cb27e9bf90bde3fee64591dc1a2f37d471945ce53e7984e871d118d,9ae690ff5b68c501e0f2dbe9e61ad32a5de453837f3bd5b591d368f9eccced70
E7C015,7,PASI,screening,low,0.5,5,low,strict,882,1206,234.72892881793234,0.26613257235593235,0.7313432835820896,0.7313432835820896,0,0,0,0.0,0,0,234.72892881793234,0,0,0,ok,completed,3.738615000000209,699e16a61a72d6f6677c88dc92cd28e4eea46af6652088b2c45b39ce3fa488c6,9ec08ecc0cb27e9bf90bde3fee64591dc1a2f37d471945ce53e7984e871d118d,9ae690ff5b68c501e0f2dbe9e61ad32a5de453837f3bd5b591d368f9eccced70
E7C015,8,MOI,screening,low,0.5,5,low,strict,843,1206,257.70862742692555,0.30570418437357716,0.6990049751243781,0.6990049751243781,0,0,0,0.0,0,0,257.70862742692555,0,0,0,ok,completed,3.6269435000003796,9339345ab1e47990db2ed9dddddcaaafac158be442d6520f9b1ea59107378204,a74c70608042d200f55c80a63d4533bc2b4006310e1bcb6e243189d27ced1990,1e40eac4bfdd4cb5a59d1f04575e765cbf4fe79b9b97e4ac616c9f23bd9fe572
E7C015,8,PASI,screening,low,0.5,5,low,strict,843,1206,254.57122115820692,0.3019824687523214,0.6990049751243781,0.6990049751243781,0,0,0,0.0,0,0,254.57122115820692,0,0,0,ok,completed,3.655612900000051,9339345ab1e47990db2ed9dddddcaaafac158be442d6520f9b1ea59107378204,a74c70608042d200f55c80a63d4533bc2b4006310e1bcb6e243189d27ced1990,1e40eac4bfdd4cb5a59d1f04575e765cbf4fe79b9b97e4ac616c9f23bd9fe572
E7C015,9,MOI,screening,low,0.5,5,low,strict,867,1206,272.01710883841855,0.3137452235737238,0.7189054726368159,0.7189054726368159,0,0,0,0.0,0,0,272.01710883841855,0,0,0,ok,completed,3.463895599999887,c36553b74fabe50e893eada5c8015d30900e08b71a488c7ec88c4eec579e7327,eef667784ad4220f13e2bea32305373753967c565a0d07c5df8ffd696fe9ad56,20efe10d909d0f5bfb8b39551c3fb912bab2445422f0ee90b738d2cfee57a430
E7C015,9,PASI,screening,low,0.5,5,low,strict,867,1206,269.15014208772755,0.31043845684859,0.7189054726368159,0.7189054726368159,0,0,0,0.0,0,0,269.15014208772755,0,0,0,ok,completed,3.4226894000003085,c36553b74fabe50e893eada5c8015d30900e08b71a488c7ec88c4eec579e7327,eef667784ad4220f13e2bea32305373753967c565a0d07c5df8ffd696fe9ad56,20efe10d909d0f5bfb8b39551c3fb912bab2445422f0ee90b738d2cfee57a430
E7C015,10,MOI,screening,low,0.5,5,low,strict,873,1206,242.22590552273113,0.27746380930438846,0.7238805970149254,0.7238805970149254,0,0,0,0.0,0,0,242.22590552273113,0,0,0,ok,completed,4.566244999999981,b1566d8773caa1272e7a3faaccae636bc93471ce160ad6a4772832b0f691333d,a7bbcf26013098e02fff4a279a492c8db368cc93c6dd20a5b06fe9ddb0e31d7c,0a7310f859229b7e0f18bf214e730f00fa5a535c3340f37c530d15775a16eca8
E7C015,10,PASI,screening,low,0.5,5,low,strict,873,1206,238.78426067683858,0.2735214898932859,0.7238805970149254,0.7238805970149254,0,0,0,0.0,0,0,238.78426067683858,0,0,0,ok,completed,4.75001229999998,b1566d8773caa1272e7a3faaccae636bc93471ce160ad6a4772832b0f691333d,a7bbcf26013098e02fff4a279a492c8db368cc93c6dd20a5b06fe9ddb0e31d7c,0a7310f859229b7e0f18bf214e730f00fa5a535c3340f37c530d15775a16eca8
E7C016,1,MOI,screening,high,0.75,5,high,strict,2208,3531,792.9764705362361,0.3591378942645997,0.6253186066270179,0.6253186066270179,0,0,0,0.0,0,0,792.9764705362361,0,0,0,ok,completed,6.961181100006797,e60a9613cc052e89d5f54455389db3597a9004f2d0eaa3214d6c414d8926d44a,ec22371983a259c14f4c8d91c29d100c194db3be0b439c722923a20d80c394ef,f581bf3f6f58ea1fe46f15c5509f7fa421c04804611554a475255dd33f008d3a
E7C016,1,PASI,screening,high,0.75,5,high,strict,2208,3531,786.61359143746,0.35625615554232787,0.6253186066270179,0.6253186066270179,0,0,0,0.0,0,0,786.61359143746,0,0,0,ok,completed,7.410784400010016,e60a9613cc052e89d5f54455389db3597a9004f2d0eaa3214d6c414d8926d44a,ec22371983a259c14f4c8d91c29d100c194db3be0b439c722923a20d80c394ef,f581bf3f6f58ea1fe46f15c5509f7fa421c04804611554a475255dd33f008d3a
E7C016,2,MOI,screening,high,0.75,5,high,strict,2197,3531,558.6564693522591,0.2542815063050793,0.6222033418295101,0.6222033418295101,0,0,0,0.0,0,0,558.6564693522591,0,0,0,ok,completed,7.373735199999828,ec6fb6e3e70e4e4cfaf432beb8c8e81197411dc276b4156fadadf46c4149536b,a39b0811c2f464ab764e8dbd8e8b9487ee6f06182940d447e7a4597636aac541,6953d3ef9a848780ccd1bbf14ef11e8472215773b1a8644d151f697f16e9b576
E7C016,2,PASI,screening,high,0.75,5,high,strict,2197,3531,553.959569873149,0.2521436367196855,0.6222033418295101,0.6222033418295101,0,0,0,0.0,0,0,553.959569873149,0,0,0,ok,completed,7.8639297999998234,ec6fb6e3e70e4e4cfaf432beb8c8e81197411dc276b4156fadadf46c4149536b,a39b0811c2f464ab764e8dbd8e8b9487ee6f06182940d447e7a4597636aac541,6953d3ef9a848780ccd1bbf14ef11e8472215773b1a8644d151f697f16e9b576
E7C016,3,MOI,screening,high,0.75,5,high,strict,2197,3531,773.447212064131,0.3520469786363819,0.6222033418295101,0.6222033418295101,0,0,0,0.0,0,0,773.447212064131,0,0,0,ok,completed,7.6579372000005606,c44b94beec3a0f3f02bc5e6fa6cd1528e66f2f4dc81fc3d375d0a2fa4a82c358,196eb5c9c5c3188bcc0d9b17c0f052bcdd132d6719f36eda010856852aba6a7c,53de2632536eb4a37371dd959cad5e38c4d339b8f4f27c91dfaebf0f3c7e5824
E7C016,3,PASI,screening,high,0.75,5,high,strict,2197,3531,769.3780078319132,0.3501948146708754,0.6222033418295101,0.6222033418295101,0,0,0,0.0,0,0,769.3780078319132,0,0,0,ok,completed,7.6502017000002525,c44b94beec3a0f3f02bc5e6fa6cd1528e66f2f4dc81fc3d375d0a2fa4a82c358,196eb5c9c5c3188bcc0d9b17c0f052bcdd132d6719f36eda010856852aba6a7c,53de2632536eb4a37371dd959cad5e38c4d339b8f4f27c91dfaebf0f3c7e5824
E7C016,4,MOI,screening,high,0.75,5,high,strict,2186,3531,748.2287734638551,0.3422821470557434,0.6190880770320023,0.6190880770320023,0,0,0,0.0,0,0,748.2287734638551,0,0,0,ok,completed,7.458577100000184,b3523e2089dbd7a32da94bd9af1457f53f613cc29afd93e90d9e37732b37fa40,09efb71e6d62b006f3ec3fe63739503350485a325c5979c3eb9dd05401ca11eb,7e392a80a3b3aff43fba6ae7bc46e318d32387c96c2e30f6b896e397c33413d6
E7C016,4,PASI,screening,high,0.75,5,high,strict,2186,3531,743.4958663490896,0.34011704773517365,0.6190880770320023,0.6190880770320023,0,0,0,0.0,0,0,743.4958663490896,0,0,0,ok,completed,7.441291300000557,b3523e2089dbd7a32da94bd9af1457f53f613cc29afd93e90d9e37732b37fa40,09efb71e6d62b006f3ec3fe63739503350485a325c5979c3eb9dd05401ca11eb,7e392a80a3b3aff43fba6ae7bc46e318d32387c96c2e30f6b896e397c33413d6
E7C016,5,MOI,screening,high,0.75,5,high,strict,2184,3531,636.9071435149248,0.29162414996104613,0.6185216652506372,0.6185216652506372,0,0,0,0.0,0,0,636.9071435149248,0,0,0,ok,completed,7.473082800000157,9c91d040fe812b98e9b759b6161595b173d2d116b16ce3708a8597be62bb4e8a,7fae0de04dd792aaec115bd87fa4900b11c746275332ce142fb1f1edf0b209e3,7c117c314ab4a0338431d1e1834e0e54afd07d25a2fff643ed4ff70758a55fe8
E7C016,5,PASI,screening,high,0.75,5,high,strict,2184,3531,630.8319834550648,0.28884248326697104,0.6185216652506372,0.6185216652506372,0,0,0,0.0,0,0,630.8319834550648,0,0,0,ok,completed,7.470277800000076,9c91d040fe812b98e9b759b6161595b173d2d116b16ce3708a8597be62bb4e8a,7fae0de04dd792aaec115bd87fa4900b11c746275332ce142fb1f1edf0b209e3,7c117c314ab4a0338431d1e1834e0e54afd07d25a2fff643ed4ff70758a55fe8
E7C016,6,MOI,screening,high,0.75,5,high,strict,2203,3531,599.2768272151831,0.27202761108269774,0.6239025771736052,0.6239025771736052,0,0,0,0.0,0,0,599.2768272151831,0,0,0,ok,completed,7.298053600000458,2e819b4fd88809fe30a8e26b180554e99e1dc9845ddda4dd3314189e44d73369,b686317ba1a6e585f4fafcf8623be963a470380fad24127d76e6ba6a18026cd4,8e31cc613cd5a910a38ae37b30524868bba5149a606bfbd50a9be05113d871ec
E7C016,6,PASI,screening,high,0.75,5,high,strict,2203,3531,592.6025559428249,0.2689979827248411,0.6239025771736052,0.6239025771736052,0,0,0,0.0,0,0,592.6025559428249,0,0,0,ok,completed,7.318354200000613,2e819b4fd88809fe30a8e26b180554e99e1dc9845ddda4dd3314189e44d73369,b686317ba1a6e585f4fafcf8623be963a470380fad24127d76e6ba6a18026cd4,8e31cc613cd5a910a38ae37b30524868bba5149a606bfbd50a9be05113d871ec
E7C016,7,MOI,screening,high,0.75,5,high,strict,2174,3531,488.1480486975911,0.22453912083605845,0.615689606343812,0.615689606343812,0,0,0,0.0,0,0,488.1480486975911,0,0,0,ok,completed,7.423677300000236,a4a74c297dd7facbcadc3f2bfea242294af7bea2cb4a29c627d99e29a9dfb6e7,9ec08ecc0cb27e9bf90bde3fee64591dc1a2f37d471945ce53e7984e871d118d,0132955324be6cfd8a5e6062502abe9a30bae6beac53019945090910eea3cc0f
E7C016,7,PASI,screening,high,0.75,5,high,strict,2174,3531,483.510591079176,0.22240597565739464,0.615689606343812,0.615689606343812,0,0,0,0.0,0,0,483.510591079176,0,0,0,ok,completed,7.418974500000331,a4a74c297dd7facbcadc3f2bfea242294af7bea2cb4a29c627d99e29a9dfb6e7,9ec08ecc0cb27e9bf90bde3fee64591dc1a2f37d471945ce53e7984e871d118d,0132955324be6cfd8a5e6062502abe9a30bae6beac53019945090910eea3cc0f
E7C016,8,MOI,screening,high,0.75,5,high,strict,2209,3531,671.6784929269065,0.30406450562558013,0.6256018125177004,0.6256018125177004,0,0,0,0.0,0,0,671.6784929269065,0,0,0,ok,completed,7.110851899999943,2e4d842490f744be05f504ad4e589f453696f55663201363d55bb7b564314928,a74c70608042d200f55c80a63d4533bc2b4006310e1bcb6e243189d27ced1990,5f8e6e624e27127d8fbda26a51028fc07d64988061b7ab8aa4e0edfa8488ed61
E7C016,8,PASI,screening,high,0.75,5,high,strict,2209,3531,666.1559696017691,0.30156449506644145,0.6256018125177004,0.6256018125177004,0,0,0,0.0,0,0,666.1559696017691,0,0,0,ok,completed,7.1805755000004865,2e4d842490f744be05f504ad4e589f453696f55663201363d55bb7b564314928,a74c70608042d200f55c80a63d4533bc2b4006310e1bcb6e243189d27ced1990,5f8e6e624e27127d8fbda26a51028fc07d64988061b7ab8aa4e0edfa8488ed61
E7C016,9,MOI,screening,high,0.75,5,high,strict,2198,3531,784.5642663669214,0.3569446161814929,0.6224865477201926,0.6224865477201926,0,0,0,0.0,0,0,784.5642663669214,0,0,0,ok,completed,7.132390300000225,05644c349dadd2679e3020242271f6c70707fe1f74822a0aab58fe3b5ac86b1b,eef667784ad4220f13e2bea32305373753967c565a0d07c5df8ffd696fe9ad56,6faf4005de1ef70dbe0047115be3e164639484f590ef8da19455fe0445653705
E7C016,9,PASI,screening,high,0.75,5,high,strict,2198,3531,780.3977609702752,0.3550490268290606,0.6224865477201926,0.6224865477201926,0,0,0,0.0,0,0,780.3977609702752,0,0,0,ok,completed,7.15626599999996,05644c349dadd2679e3020242271f6c70707fe1f74822a0aab58fe3b5ac86b1b,eef667784ad4220f13e2bea32305373753967c565a0d07c5df8ffd696fe9ad56,6faf4005de1ef70dbe0047115be3e164639484f590ef8da19455fe0445653705
E7C016,10,MOI,screening,high,0.75,5,high,strict,2208,3531,580.8257198278392,0.2630551267336228,0.6253186066270179,0.6253186066270179,0,0,0,0.0,0,0,580.8257198278392,0,0,0,ok,completed,7.403968600000553,ae2f818058c1f2abf5435b1a214d3adaed90fbe8b8524612ee7f9075b830725b,a7bbcf26013098e02fff4a279a492c8db368cc93c6dd20a5b06fe9ddb0e31d7c,733796cd9208e85e424467df25c6cfd2305b04621dfd3ce6bf95765ca11add05
E7C016,10,PASI,screening,high,0.75,5,high,strict,2208,3531,576.3526968145702,0.2610293010935553,0.6253186066270179,0.6253186066270179,0,0,0,0.0,0,0,576.3526968145702,0,0,0,ok,completed,7.468143899999632,ae2f818058c1f2abf5435b1a214d3adaed90fbe8b8524612ee7f9075b830725b,a7bbcf26013098e02fff4a279a492c8db368cc93c6dd20a5b06fe9ddb0e31d7c,733796cd9208e85e424467df25c6cfd2305b04621dfd3ce6bf95765ca11add05
E7C017,1,MOI,screening,low,0.0,20,high,loose,1123,1206,375.86220617523605,0.3346947517143687,0.9311774461028193,0.9311774461028193,0,0,0,0.0,0,0,375.86220617523605,0,0,0,ok,completed,5.8991114999953425,a6853d1f6a46472be7c9ef37ac0c534128e38eeee9a4af6dc1215c753dd73e8b,d66ab3746ae69bf57359cac1f8b1c6eb618a7244b4bd06dae91814cf786b2a77,aeb131c80cc47ad025d16e0e572f05ac7812c7a0ba8f349a6dde7471759524e3
E7C017,1,PASI,screening,low,0.0,20,high,loose,1123,1206,375.86220617523605,0.3346947517143687,0.9311774461028193,0.9311774461028193,0,0,0,0.0,0,0,375.86220617523605,0,0,0,ok,completed,5.896951899994747,a6853d1f6a46472be7c9ef37ac0c534128e38eeee9a4af6dc1215c753dd73e8b,d66ab3746ae69bf57359cac1f8b1c6eb618a7244b4bd06dae91814cf786b2a77,aeb131c80cc47ad025d16e0e572f05ac7812c7a0ba8f349a6dde7471759524e3
E7C017,2,MOI,screening,low,0.0,20,high,loose,1136,1206,265.8222576836629,0.23399846627083,0.9419568822553898,0.9419568822553898,0,0,0,0.0,0,0,265.8222576836629,0,0,0,ok,completed,6.302964299999985,e7afb3295713137c70e759ced4d1be1c529b43d61136a24b4a4f1ea81f67b788,dae307466c0f2d7e7699b903b80d1e23544f00c41db5e1304b43ec51263cb44e,6525619f3fd4b05c6642dbf5496c3891edd37b40f7fdae46aa3be5fb13078277
E7C017,2,PASI,screening,low,0.0,20,high,loose,1136,1206,265.8222576836629,0.23399846627083,0.9419568822553898,0.9419568822553898,0,0,0,0.0,0,0,265.8222576836629,0,0,0,ok,completed,6.3094217999996545,e7afb3295713137c70e759ced4d1be1c529b43d61136a24b4a4f1ea81f67b788,dae307466c0f2d7e7699b903b80d1e23544f00c41db5e1304b43ec51263cb44e,6525619f3fd4b05c6642dbf5496c3891edd37b40f7fdae46aa3be5fb13078277
E7C017,3,MOI,screening,low,0.0,20,high,loose,1120,1206,360.18432881396353,0.32159315072675315,0.9286898839137645,0.9286898839137645,0,0,0,0.0,0,0,360.18432881396353,0,0,0,ok,completed,5.953549699999712,6e6ffca284f94f477304cb0337f85cbd41dc716c490254a0fa9f3b509c77d831,e4cdbc8f20cac984f5e330304cac803c185b55cf405a0586e7fac72c62462b8d,8a0de88f24d0fff5b25497b5fc18c74b27700736f1d55655964d229c20a69c25
E7C017,3,PASI,screening,low,0.0,20,high,loose,1120,1206,360.18432881396353,0.32159315072675315,0.9286898839137645,0.9286898839137645,0,0,0,0.0,0,0,360.18432881396353,0,0,0,ok,completed,5.9402970000001005,6e6ffca284f94f477304cb0337f85cbd41dc716c490254a0fa9f3b509c77d831,e4cdbc8f20cac984f5e330304cac803c185b55cf405a0586e7fac72c62462b8d,8a0de88f24d0fff5b25497b5fc18c74b27700736f1d55655964d229c20a69c25
E7C017,4,MOI,screening,low,0.0,20,high,loose,1123,1206,348.8322775349088,0.3106253584460453,0.9311774461028193,0.9311774461028193,0,0,0,0.0,0,0,348.8322775349088,0,0,0,ok,completed,5.96001570000044,b479d924483e1b20a309785a611e582afabec5a7decd37ecdaac82a22d643fb3,b27c00ae6aa33cfc0565d19aa920482babeef332343d8559989dc93b8cc2acdb,ca027c70934d39f1c7d5321ec0b0e7d65c7b0680517a77c0d91f84c5264a5e9c
E7C017,4,PASI,screening,low,0.0,20,high,loose,1123,1206,348.8322775349088,0.3106253584460453,0.9311774461028193,0.9311774461028193,0,0,0,0.0,0,0,348.8322775349088,0,0,0,ok,completed,5.935887800000273,b479d924483e1b20a309785a611e582afabec5a7decd37ecdaac82a22d643fb3,b27c00ae6aa33cfc0565d19aa920482babeef332343d8559989dc93b8cc2acdb,ca027c70934d39f1c7d5321ec0b0e7d65c7b0680517a77c0d91f84c5264a5e9c
E7C017,5,MOI,screening,low,0.0,20,high,loose,1128,1206,313.79955999958514,0.27819109929041236,0.9353233830845771,0.9353233830845771,0,0,0,0.0,0,0,313.79955999958514,0,0,0,ok,completed,5.954356299999745,5835ae3525d94e6b2905e151656d3fc4f01a68a364a90e09c2d74fba6ffda3c0,31b612abdfd0c127827079ee50fea19181189832da19f892a32bd95109089da5,9447fe5091766e5fc455c604cc826cab000b0be7031bad61b98e4ec9f899d76c
E7C017,5,PASI,screening,low,0.0,20,high,loose,1128,1206,313.79955999958514,0.27819109929041236,0.9353233830845771,0.9353233830845771,0,0,0,0.0,0,0,313.79955999958514,0,0,0,ok,completed,5.996807599999556,5835ae3525d94e6b2905e151656d3fc4f01a68a364a90e09c2d74fba6ffda3c0,31b612abdfd0c127827079ee50fea19181189832da19f892a32bd95109089da5,9447fe5091766e5fc455c604cc826cab000b0be7031bad61b98e4ec9f899d76c
E7C017,6,MOI,screening,low,0.0,20,high,loose,1131,1206,300.86332538796654,0.26601531864541694,0.9378109452736318,0.9378109452736318,0,0,0,0.0,0,0,300.86332538796654,0,0,0,ok,completed,5.997849700000188,f00beec923e5881e89555edc23bc5ed65e1ab571fcb71554186a85292825d71a,11cb1d2cc52ef078d70aba72f90a0ee04eadee8f538c44070cab74678943ea17,b40950263853c25a58e69b201c777b4150d13a346dc883d601dbda995e7af1d1
E7C017,6,PASI,screening,low,0.0,20,high,loose,1131,1206,300.86332538796654,0.26601531864541694,0.9378109452736318,0.9378109452736318,0,0,0,0.0,0,0,300.86332538796654,0,0,0,ok,completed,5.993664699999499,f00beec923e5881e89555edc23bc5ed65e1ab571fcb71554186a85292825d71a,11cb1d2cc52ef078d70aba72f90a0ee04eadee8f538c44070cab74678943ea17,b40950263853c25a58e69b201c777b4150d13a346dc883d601dbda995e7af1d1
E7C017,7,MOI,screening,low,0.0,20,high,loose,1109,1206,234.96717087568751,0.21187301251189136,0.9195688225538972,0.9195688225538972,0,0,0,0.0,0,0,234.96717087568751,0,0,0,ok,completed,6.474607699999979,699e16a61a72d6f6677c88dc92cd28e4eea46af6652088b2c45b39ce3fa488c6,743a26a15c4e74c6298bfab744dedc3455ab63886040084903705f73a56f26e1,1437b087fb522a49a8800f7c460ce24fd9aca298092ec6a1f2ce7e2915a2e08f
E7C017,7,PASI,screening,low,0.0,20,high,loose,1109,1206,234.96717087568751,0.21187301251189136,0.9195688225538972,0.9195688225538972,0,0,0,0.0,0,0,234.96717087568751,0,0,0,ok,completed,6.663257000000158,699e16a61a72d6f6677c88dc92cd28e4eea46af6652088b2c45b39ce3fa488c6,743a26a15c4e74c6298bfab744dedc3455ab63886040084903705f73a56f26e1,1437b087fb522a49a8800f7c460ce24fd9aca298092ec6a1f2ce7e2915a2e08f
E7C017,8,MOI,screening,low,0.0,20,high,loose,1112,1206,326.1712188364604,0.2933194413996946,0.9220563847429519,0.9220563847429519,0,0,0,0.0,0,0,326.1712188364604,0,0,0,ok,completed,6.658179799999743,9339345ab1e47990db2ed9dddddcaaafac158be442d6520f9b1ea59107378204,03477e9b5e7807e00eed284eb79c3662d8792fcbfa50a802900cdd4df9a90a23,458f7998e351cfe0f6bc44e17f6e501fc314e90e0cefe475b215679a08c38df5
E7C017,8,PASI,screening,low,0.0,20,high,loose,1112,1206,326.1712188364604,0.2933194413996946,0.9220563847429519,0.9220563847429519,0,0,0,0.0,0,0,326.1712188364604,0,0,0,ok,completed,6.692617699999573,9339345ab1e47990db2ed9dddddcaaafac158be442d6520f9b1ea59107378204,03477e9b5e7807e00eed284eb79c3662d8792fcbfa50a802900cdd4df9a90a23,458f7998e351cfe0f6bc44e17f6e501fc314e90e0cefe475b215679a08c38df5
E7C017,9,MOI,screening,low,0.0,20,high,loose,1131,1206,384.91727399803017,0.3403335755950753,0.9378109452736318,0.9378109452736318,0,0,0,0.0,0,0,384.91727399803017,0,0,0,ok,completed,6.109267799999543,c36553b74fabe50e893eada5c8015d30900e08b71a488c7ec88c4eec579e7327,ed621ecb1233543fcbc3c2f9d986dc598487aea5a586b8bb72eacf55cddb9601,eef6d00d0a16f2b85a7621576f084e62054f13069ca8d34a2da5f3fec97789f2
E7C017,9,PASI,screening,low,0.0,20,high,loose,1131,1206,384.91727399803017,0.3403335755950753,0.9378109452736318,0.9378109452736318,0,0,0,0.0,0,0,384.91727399803017,0,0,0,ok,completed,5.9680360999991535,c36553b74fabe50e893eada5c8015d30900e08b71a488c7ec88c4eec579e7327,ed621ecb1233543fcbc3c2f9d986dc598487aea5a586b8bb72eacf55cddb9601,eef6d00d0a16f2b85a7621576f084e62054f13069ca8d34a2da5f3fec97789f2
E7C017,10,MOI,screening,low,0.0,20,high,loose,1128,1206,280.2667965083546,0.24846347208187466,0.9353233830845771,0.9353233830845771,0,0,0,0.0,0,0,280.2667965083546,0,0,0,ok,completed,5.967667599999913,b1566d8773caa1272e7a3faaccae636bc93471ce160ad6a4772832b0f691333d,9c60b9e25328b057cf6a4dd4974b802aa788ec4fc8637aaf005ce5cbe082d122,27909c6e9247ccc8b10d57a350d4debae8bf64ab966aa215b482d7f74a735c88
E7C017,10,PASI,screening,low,0.0,20,high,loose,1128,1206,280.2667965083546,0.24846347208187466,0.9353233830845771,0.9353233830845771,0,0,0,0.0,0,0,280.2667965083546,0,0,0,ok,completed,5.955880999999863,b1566d8773caa1272e7a3faaccae636bc93471ce160ad6a4772832b0f691333d,9c60b9e25328b057cf6a4dd4974b802aa788ec4fc8637aaf005ce5cbe082d122,27909c6e9247ccc8b10d57a350d4debae8bf64ab966aa215b482d7f74a735c88
E7C018,1,MOI,screening,high,0.5,1,high,moderate,2516,3531,931.2809678494568,0.37014346893857586,0.712546020957236,0.712546020957236,0,0,0,0.0,0,0,931.2809678494568,0,0,0,ok,completed,6.676382599995122,e60a9613cc052e89d5f54455389db3597a9004f2d0eaa3214d6c414d8926d44a,11cef9cb8cbbe9fbae7880ebb50922c001b7b73d11314e6bdd4a7fc541a92f20,831d40900db52d0ec9e1b670856f76dfdd454b33bb7ef0d578952ec288115cd5
E7C018,1,PASI,screening,high,0.5,1,high,moderate,2516,3531,926.6583141799032,0.3683061662082286,0.712546020957236,0.712546020957236,0,0,0,0.0,0,0,926.6583141799032,0,0,0,ok,completed,7.197996200004127,e60a9613cc052e89d5f54455389db3597a9004f2d0eaa3214d6c414d8926d44a,11cef9cb8cbbe9fbae7880ebb50922c001b7b73d11314e6bdd4a7fc541a92f20,831d40900db52d0ec9e1b670856f76dfdd454b33bb7ef0d578952ec288115cd5
E7C018,2,MOI,screening,high,0.5,1,high,moderate,2511,3531,651.1299459718387,0.2593110099449776,0.7111299915038233,0.7111299915038233,0,0,0,0.0,0,0,651.1299459718387,0,0,0,ok,completed,7.128762800000004,ec6fb6e3e70e4e4cfaf432beb8c8e81197411dc276b4156fadadf46c4149536b,492d4cad035985c18923cfde4bc4232fa03b6a93196cdf24efda7f57b3d85ad6,ea452ccaed0f7d7c704eb4a3c79252124ae012a1d936e054e6133556853105b6
E7C018,2,PASI,screening,high,0.5,1,high,moderate,2511,3531,646.886805443061,0.2576211889458626,0.7111299915038233,0.7111299915038233,0,0,0,0.0,0,0,646.886805443061,0,0,0,ok,completed,7.1752204000003985,ec6fb6e3e70e4e4cfaf432beb8c8e81197411dc276b4156fadadf46c4149536b,492d4cad035985c18923cfde4bc4232fa03b6a93196cdf24efda7f57b3d85ad6,ea452ccaed0f7d7c704eb4a3c79252124ae012a1d936e054e6133556853105b6
E7C018,3,MOI,screening,high,0.5,1,high,moderate,2478,3531,894.0098441329828,0.36077879101411736,0.7017841971112999,0.7017841971112999,0,0,0,0.0,0,0,894.0098441329828,0,0,0,ok,completed,7.392858700000033,c44b94beec3a0f3f02bc5e6fa6cd1528e66f2f4dc81fc3d375d0a2fa4a82c358,e1e48c4a0d095eaddd1c487f357c5a5231c41cf97c05d582ee656f2824b389b9,139e38ee28ecd62289f3108b791a1be2a30a1e53df3f904eebb7f092ed7128bf
E7C018,3,PASI,screening,high,0.5,1,high,moderate,2478,3531,890.5143377071734,0.3593681750230724,0.7017841971112999,0.7017841971112999,0,0,0,0.0,0,0,890.5143377071734,0,0,0,ok,completed,7.376453899999433,c44b94beec3a0f3f02bc5e6fa6cd1528e66f2f4dc81fc3d375d0a2fa4a82c358,e1e48c4a0d095eaddd1c487f357c5a5231c41cf97c05d582ee656f2824b389b9,139e38ee28ecd62289f3108b791a1be2a30a1e53df3f904eebb7f092ed7128bf
E7C018,4,MOI,screening,high,0.5,1,high,moderate,2484,3531,855.9073960089679,0.3445681948506312,0.703483432455395,0.703483432455395,0,0,0,0.0,0,0,855.9073960089679,0,0,0,ok,completed,7.411629100000027,b3523e2089dbd7a32da94bd9af1457f53f613cc29afd93e90d9e37732b37fa40,2e4fa65a58cb09ed60334251d14263a9ac2f7df6c2af4ea3d214ae55c8fa675d,7e47627ef6e93779080e34f9e03d94dd8bec3367349762207ef2bd1267f244fc
E7C018,4,PASI,screening,high,0.5,1,high,moderate,2484,3531,851.8504658393438,0.34293497014466334,0.703483432455395,0.703483432455395,0,0,0,0.0,0,0,851.8504658393438,0,0,0,ok,completed,7.422178799999529,b3523e2089dbd7a32da94bd9af1457f53f613cc29afd93e90d9e37732b37fa40,2e4fa65a58cb09ed60334251d14263a9ac2f7df6c2af4ea3d214ae55c8fa675d,7e47627ef6e93779080e34f9e03d94dd8bec3367349762207ef2bd1267f244fc
E7C018,5,MOI,screening,high,0.5,1,high,moderate,2502,3531,751.5551388529157,0.3003817501410534,0.7085811384876806,0.7085811384876806,0,0,0,0.0,0,0,751.5551388529157,0,0,0,ok,completed,9.155611999999564,9c91d040fe812b98e9b759b6161595b173d2d116b16ce3708a8597be62bb4e8a,a0144a97460eb561ed5ae3c768bb8599f8b0b02944531430c25196e23bb7af33,31ae2f7af53f707783468c7c1aba2fd31d2b554357d3082e6f7b78e2a137c237
E7C018,5,PASI,screening,high,0.5,1,high,moderate,2502,3531,746.4979391741429,0.2983604872798333,0.7085811384876806,0.7085811384876806,0,0,0,0.0,0,0,746.4979391741429,0,0,0,ok,completed,9.276216599999316,9c91d040fe812b98e9b759b6161595b173d2d116b16ce3708a8597be62bb4e8a,a0144a97460eb561ed5ae3c768bb8599f8b0b02944531430c25196e23bb7af33,31ae2f7af53f707783468c7c1aba2fd31d2b554357d3082e6f7b78e2a137c237
E7C018,6,MOI,screening,high,0.5,1,high,moderate,2523,3531,703.6003072756266,0.2788744777152702,0.7145284621920136,0.7145284621920136,0,0,0,0.0,0,0,703.6003072756266,0,0,0,ok,completed,9.940822800000205,2e819b4fd88809fe30a8e26b180554e99e1dc9845ddda4dd3314189e44d73369,52fe198786d2ed48372d917ed90519c979331f4eb0cf355898006eb579419719,2da592b9771c57640afa4544c2f8dda7aca8610c18e9be8689053d8b8e8cc69b
E7C018,6,PASI,screening,high,0.5,1,high,moderate,2523,3531,697.7963558271779,0.27657406096994763,0.7145284621920136,0.7145284621920136,0,0,0,0.0,0,0,697.7963558271779,0,0,0,ok,completed,8.367508200000884,2e819b4fd88809fe30a8e26b180554e99e1dc9845ddda4dd3314189e44d73369,52fe198786d2ed48372d917ed90519c979331f4eb0cf355898006eb579419719,2da592b9771c57640afa4544c2f8dda7aca8610c18e9be8689053d8b8e8cc69b
E7C018,7,MOI,screening,high,0.5,1,high,moderate,2484,3531,573.8299395329859,0.2310104426461296,0.703483432455395,0.703483432455395,0,0,0,0.0,0,0,573.8299395329859,0,0,0,ok,completed,8.072820399999728,a4a74c297dd7facbcadc3f2bfea242294af7bea2cb4a29c627d99e29a9dfb6e7,60406b0b46e23fe9e145188679264675393880ba816980a155d4f156aa3b9e2a,abc344cda2dbeaac03dbae681fe837285fbdf4d27bec51b614ba234f2c6c5a50
E7C018,7,PASI,screening,high,0.5,1,high,moderate,2484,3531,568.4417831868707,0.2288412975792555,0.703483432455395,0.703483432455395,0,0,0,0.0,0,0,568.4417831868707,0,0,0,ok,completed,7.5789817000004405,a4a74c297dd7facbcadc3f2bfea242294af7bea2cb4a29c627d99e29a9dfb6e7,60406b0b46e23fe9e145188679264675393880ba816980a155d4f156aa3b9e2a,abc344cda2dbeaac03dbae681fe837285fbdf4d27bec51b614ba234f2c6c5a50
E7C018,8,MOI,screening,high,0.5,1,high,moderate,2541,3531,795.2552083357664,0.31296938541352476,0.719626168224299,0.719626168224299,0,0,0,0.0,0,0,795.2552083357664,0,0,0,ok,completed,7.734937100000025,2e4d842490f744be05f504ad4e589f453696f55663201363d55bb7b564314928,bad71a5bf90b2748d558e7bd9e582545259049198d51b02a0d523354be940943,761abb70479b3bc639920a927b698fbdf7e17a8af658f87a28cf93a0ea2db398
E7C018,8,PASI,screening,high,0.5,1,high,moderate,2541,3531,789.9524089884083,0.31088249074711066,0.719626168224299,0.719626168224299,0,0,0,0.0,0,0,789.9524089884083,0,0,0,ok,completed,7.883406800000557,2e4d842490f744be05f504ad4e589f453696f55663201363d55bb7b564314928,bad71a5bf90b2748d558e7bd9e582545259049198d51b02a0d523354be940943,761abb70479b3bc639920a927b698fbdf7e17a8af658f87a28cf93a0ea2db398
E7C018,9,MOI,screening,high,0.5,1,high,moderate,2494,3531,901.1353679611996,0.3613213183485163,0.7063154913622204,0.7063154913622204,0,0,0,0.0,0,0,901.1353679611996,0,0,0,ok,completed,8.087651600000754,05644c349dadd2679e3020242271f6c70707fe1f74822a0aab58fe3b5ac86b1b,d8ff27230a7567657dd1511a6d99211671c9c617f42bc0f652467f3d8d947740,625ffaa6b9545e329a705eaa926df5e867f08a3d1f5ebb73082c93d0b56e39fa
E7C018,9,PASI,screening,high,0.5,1,high,moderate,2494,3531,897.0436412180693,0.3596806901435723,0.7063154913622204,0.7063154913622204,0,0,0,0.0,0,0,897.0436412180693,0,0,0,ok,completed,8.112910399999237,05644c349dadd2679e3020242271f6c70707fe1f74822a0aab58fe3b5ac86b1b,d8ff27230a7567657dd1511a6d99211671c9c617f42bc0f652467f3d8d947740,625ffaa6b9545e329a705eaa926df5e867f08a3d1f5ebb73082c93d0b56e39fa
E7C018,10,MOI,screening,high,0.5,1,high,moderate,2501,3531,664.820731264678,0.265821963720383,0.708297932596998,0.708297932596998,0,0,0,0.0,0,0,664.820731264678,0,0,0,ok,completed,7.774747899999966,ae2f818058c1f2abf5435b1a214d3adaed90fbe8b8524612ee7f9075b830725b,13ce05c5db181772b0626fbe4f1d194081005c45564ad37624e44c30677e0c49,c39cbfd2b9eba68f4fb759a01fe20907966876bcb34eb50c8b723872f7ca5452
E7C018,10,PASI,screening,high,0.5,1,high,moderate,2501,3531,660.1113861526302,0.2639389788695043,0.708297932596998,0.708297932596998,0,0,0,0.0,0,0,660.1113861526302,0,0,0,ok,completed,7.599365099999886,ae2f818058c1f2abf5435b1a214d3adaed90fbe8b8524612ee7f9075b830725b,13ce05c5db181772b0626fbe4f1d194081005c45564ad37624e44c30677e0c49,c39cbfd2b9eba68f4fb759a01fe20907966876bcb34eb50c8b723872f7ca5452
E7C020,1,MOI,screening,low,0.0,5,high,strict,855,1206,279.2658999816049,0.32662678360421626,0.7089552238805971,0.7089552238805971,0,0,0,0.0,0,0,279.2658999816049,0,0,0,ok,completed,5.801359699995373,a6853d1f6a46472be7c9ef37ac0c534128e38eeee9a4af6dc1215c753dd73e8b,ec22371983a259c14f4c8d91c29d100c194db3be0b439c722923a20d80c394ef,8738fe74610a2908ccbdbe19619a6c6561653b9659d2387a0b3e36b53c4cab51
E7C020,1,PASI,screening,low,0.0,5,high,strict,855,1206,279.2658999816049,0.32662678360421626,0.7089552238805971,0.7089552238805971,0,0,0,0.0,0,0,279.2658999816049,0,0,0,ok,completed,6.123329599999124,a6853d1f6a46472be7c9ef37ac0c534128e38eeee9a4af6dc1215c753dd73e8b,ec22371983a259c14f4c8d91c29d100c194db3be0b439c722923a20d80c394ef,8738fe74610a2908ccbdbe19619a6c6561653b9659d2387a0b3e36b53c4cab51
E7C020,2,MOI,screening,low,0.0,5,high,strict,886,1206,206.23952123164648,0.23277598333142943,0.7346600331674958,0.7346600331674958,0,0,0,0.0,0,0,206.23952123164648,0,0,0,ok,completed,6.630170700000235,e7afb3295713137c70e759ced4d1be1c529b43d61136a24b4a4f1ea81f67b788,a39b0811c2f464ab764e8dbd8e8b9487ee6f06182940d447e7a4597636aac541,205aa15bbc3758b62526e0b331446accad7d5f24d771430e582b3329e6535a97
E7C020,2,PASI,screening,low,0.0,5,high,strict,886,1206,206.23952123164648,0.23277598333142943,0.7346600331674958,0.7346600331674958,0,0,0,0.0,0,0,206.23952123164648,0,0,0,ok,completed,6.610503600000811,e7afb3295713137c70e759ced4d1be1c529b43d61136a24b4a4f1ea81f67b788,a39b0811c2f464ab764e8dbd8e8b9487ee6f06182940d447e7a4597636aac541,205aa15bbc3758b62526e0b331446accad7d5f24d771430e582b3329e6535a97
E7C020,3,MOI,screening,low,0.0,5,high,strict,882,1206,277.2061215876493,0.3142926548612804,0.7313432835820896,0.7313432835820896,0,0,0,0.0,0,0,277.2061215876493,0,0,0,ok,completed,6.133340899999894,6e6ffca284f94f477304cb0337f85cbd41dc716c490254a0fa9f3b509c77d831,196eb5c9c5c3188bcc0d9b17c0f052bcdd132d6719f36eda010856852aba6a7c,a9b2076055339f3db3a508355773cfe34080ec6b90fe9bd0fa049e9f6bbd4481
E7C020,3,PASI,screening,low,0.0,5,high,strict,882,1206,277.2061215876493,0.3142926548612804,0.7313432835820896,0.7313432835820896,0,0,0,0.0,0,0,277.2061215876493,0,0,0,ok,completed,6.199763999999959,6e6ffca284f94f477304cb0337f85cbd41dc716c490254a0fa9f3b509c77d831,196eb5c9c5c3188bcc0d9b17c0f052bcdd132d6719f36eda010856852aba6a7c,a9b2076055339f3db3a508355773cfe34080ec6b90fe9bd0fa049e9f6bbd4481
E7C020,4,MOI,screening,low,0.0,5,high,strict,863,1206,266.9102486117343,0.30928186397651714,0.7155887230514096,0.7155887230514096,0,0,0,0.0,0,0,266.9102486117343,0,0,0,ok,completed,6.182073400000263,b479d924483e1b20a309785a611e582afabec5a7decd37ecdaac82a22d643fb3,09efb71e6d62b006f3ec3fe63739503350485a325c5979c3eb9dd05401ca11eb,8ed4f8dece313e489e03f7bee9294ec200027da503038e031562f8ea26044c0e
E7C020,4,PASI,screening,low,0.0,5,high,strict,863,1206,266.9102486117343,0.30928186397651714,0.7155887230514096,0.7155887230514096,0,0,0,0.0,0,0,266.9102486117343,0,0,0,ok,completed,6.163810799999737,b479d924483e1b20a309785a611e582afabec5a7decd37ecdaac82a22d643fb3,09efb71e6d62b006f3ec3fe63739503350485a325c5979c3eb9dd05401ca11eb,8ed4f8dece313e489e03f7bee9294ec200027da503038e031562f8ea26044c0e
E7C020,5,MOI,screening,low,0.0,5,high,strict,859,1206,240.336293221628,0.27978613879118513,0.7122719734660033,0.7122719734660033,0,0,0,0.0,0,0,240.336293221628,0,0,0,ok,completed,6.441129699999692,5835ae3525d94e6b2905e151656d3fc4f01a68a364a90e09c2d74fba6ffda3c0,7fae0de04dd792aaec115bd87fa4900b11c746275332ce142fb1f1edf0b209e3,470c48cb2c4430f9036598d0495ab1c54a3b8679a83a9bf05a617ff40b058e92
E7C020,5,PASI,screening,low,0.0,5,high,strict,859,1206,240.336293221628,0.27978613879118513,0.7122719734660033,0.7122719734660033,0,0,0,0.0,0,0,240.336293221628,0,0,0,ok,completed,6.371487299999899,5835ae3525d94e6b2905e151656d3fc4f01a68a364a90e09c2d74fba6ffda3c0,7fae0de04dd792aaec115bd87fa4900b11c746275332ce142fb1f1edf0b209e3,470c48cb2c4430f9036598d0495ab1c54a3b8679a83a9bf05a617ff40b058e92
E7C020,6,MOI,screening,low,0.0,5,high,strict,856,1206,228.40672885867218,0.2668302907227479,0.7097844112769486,0.7097844112769486,0,0,0,0.0,0,0,228.40672885867218,0,0,0,ok,completed,6.347303499999725,f00beec923e5881e89555edc23bc5ed65e1ab571fcb71554186a85292825d71a,b686317ba1a6e585f4fafcf8623be963a470380fad24127d76e6ba6a18026cd4,3c1d12b45620a43d61d5a3e765e3fb0bd42f5439be53bd5e9b5ef916f4259861
E7C020,6,PASI,screening,low,0.0,5,high,strict,856,1206,228.40672885867218,0.2668302907227479,0.7097844112769486,0.7097844112769486,0,0,0,0.0,0,0,228.40672885867218,0,0,0,ok,completed,6.3447689000004175,f00beec923e5881e89555edc23bc5ed65e1ab571fcb71554186a85292825d71a,b686317ba1a6e585f4fafcf8623be963a470380fad24127d76e6ba6a18026cd4,3c1d12b45620a43d61d5a3e765e3fb0bd42f5439be53bd5e9b5ef916f4259861
E7C020,7,MOI,screening,low,0.0,5,high,strict,882,1206,187.65572424695125,0.21276159211672477,0.7313432835820896,0.7313432835820896,0,0,0,0.0,0,0,187.65572424695125,0,0,0,ok,completed,5.932371699999749,699e16a61a72d6f6677c88dc92cd28e4eea46af6652088b2c45b39ce3fa488c6,9ec08ecc0cb27e9bf90bde3fee64591dc1a2f37d471945ce53e7984e871d118d,4f326793abf50e0ed14b47295dc19d57f48a9e1050866000d3263f79349cb247
E7C020,7,PASI,screening,low,0.0,5,high,strict,882,1206,187.65572424695125,0.21276159211672477,0.7313432835820896,0.7313432835820896,0,0,0,0.0,0,0,187.65572424695125,0,0,0,ok,completed,5.9687381999992795,699e16a61a72d6f6677c88dc92cd28e4eea46af6652088b2c45b39ce3fa488c6,9ec08ecc0cb27e9bf90bde3fee64591dc1a2f37d471945ce53e7984e871d118d,4f326793abf50e0ed14b47295dc19d57f48a9e1050866000d3263f79349cb247
E7C020,8,MOI,screening,low,0.0,5,high,strict,843,1206,243.4734374254875,0.2888178379899021,0.6990049751243781,0.6990049751243781,0,0,0,0.0,0,0,243.4734374254875,0,0,0,ok,completed,5.976912600000105,9339345ab1e47990db2ed9dddddcaaafac158be442d6520f9b1ea59107378204,a74c70608042d200f55c80a63d4533bc2b4006310e1bcb6e243189d27ced1990,e04e67da82fc6c97eeb78bcd310c850be92bac61d292abc3f7b5a100758bf1f6
E7C020,8,PASI,screening,low,0.0,5,high,strict,843,1206,243.4734374254875,0.2888178379899021,0.6990049751243781,0.6990049751243781,0,0,0,0.0,0,0,243.4734374254875,0,0,0,ok,completed,6.016879999999219,9339345ab1e47990db2ed9dddddcaaafac158be442d6520f9b1ea59107378204,a74c70608042d200f55c80a63d4533bc2b4006310e1bcb6e243189d27ced1990,e04e67da82fc6c97eeb78bcd310c850be92bac61d292abc3f7b5a100758bf1f6
E7C020,9,MOI,screening,low,0.0,5,high,strict,867,1206,298.3713788053536,0.34414230542716673,0.7189054726368159,0.7189054726368159,0,0,0,0.0,0,0,298.3713788053536,0,0,0,ok,completed,6.473402200000237,c36553b74fabe50e893eada5c8015d30900e08b71a488c7ec88c4eec579e7327,eef667784ad4220f13e2bea32305373753967c565a0d07c5df8ffd696fe9ad56,190f4d976aa67b3b7a05075ddf2df8a95e1e31f851bce2251a50ad5f050eef5b
E7C020,9,PASI,screening,low,0.0,5,high,strict,867,1206,298.3713788053536,0.34414230542716673,0.7189054726368159,0.7189054726368159,0,0,0,0.0,0,0,298.3713788053536,0,0,0,ok,completed,6.499789500000588,c36553b74fabe50e893eada5c8015d30900e08b71a488c7ec88c4eec579e7327,eef667784ad4220f13e2bea32305373753967c565a0d07c5df8ffd696fe9ad56,190f4d976aa67b3b7a05075ddf2df8a95e1e31f851bce2251a50ad5f050eef5b
E7C020,10,MOI,screening,low,0.0,5,high,strict,873,1206,213.34535574037812,0.24438185079081115,0.7238805970149254,0.7238805970149254,0,0,0,0.0,0,0,213.34535574037812,0,0,0,ok,completed,6.486526700000468,b1566d8773caa1272e7a3faaccae636bc93471ce160ad6a4772832b0f691333d,a7bbcf26013098e02fff4a279a492c8db368cc93c6dd20a5b06fe9ddb0e31d7c,3ee3fe8bbcd3f60c5c9268a56a3cb73d26a3a6a87207e6754173e2de6e105ac0
E7C020,10,PASI,screening,low,0.0,5,high,strict,873,1206,213.34535574037812,0.24438185079081115,0.7238805970149254,0.7238805970149254,0,0,0,0.0,0,0,213.34535574037812,0,0,0,ok,completed,6.498411399999895,b1566d8773caa1272e7a3faaccae636bc93471ce160ad6a4772832b0f691333d,a7bbcf26013098e02fff4a279a492c8db368cc93c6dd20a5b06fe9ddb0e31d7c,3ee3fe8bbcd3f60c5c9268a56a3cb73d26a3a6a87207e6754173e2de6e105ac0
E7C021,1,MOI,screening,low,0.5,5,low,moderate,1030,1206,345.3970620050758,0.3353369534029862,0.8540630182421227,0.8540630182421227,0,0,0,0.0,0,0,345.3970620050758,0,0,0,ok,completed,5.900267699995311,a6853d1f6a46472be7c9ef37ac0c534128e38eeee9a4af6dc1215c753dd73e8b,ec22371983a259c14f4c8d91c29d100c194db3be0b439c722923a20d80c394ef,d404b60a3977a7a85e4da8aa81ba65462cd57b9f90dc59a9c7c05dc7692bdef8
E7C021,1,PASI,screening,low,0.5,5,low,moderate,1030,1206,342.47104507245126,0.3324961602645158,0.8540630182421227,0.8540630182421227,0,0,0,0.0,0,0,342.47104507245126,0,0,0,ok,completed,6.020014800000354,a6853d1f6a46472be7c9ef37ac0c534128e38eeee9a4af6dc1215c753dd73e8b,ec22371983a259c14f4c8d91c29d100c194db3be0b439c722923a20d80c394ef,d404b60a3977a7a85e4da8aa81ba65462cd57b9f90dc59a9c7c05dc7692bdef8
E7C021,2,MOI,screening,low,0.5,5,low,moderate,1048,1206,304.00519150456955,0.2900812896035969,0.8689883913764511,0.8689883913764511,0,0,0,0.0,0,0,304.00519150456955,0,0,0,ok,completed,6.0412203999994745,e7afb3295713137c70e759ced4d1be1c529b43d61136a24b4a4f1ea81f67b788,a39b0811c2f464ab764e8dbd8e8b9487ee6f06182940d447e7a4597636aac541,61bd5f37ca4b92c2d2f43d1ebc1cc93c2995288a1b86e9473b3af17ced8961e1
E7C021,2,PASI,screening,low,0.5,5,low,moderate,1048,1206,300.69291118577934,0.28692071678032377,0.8689883913764511,0.8689883913764511,0,0,0,0.0,0,0,300.69291118577934,0,0,0,ok,completed,6.043304299999363,e7afb3295713137c70e759ced4d1be1c529b43d61136a24b4a4f1ea81f67b788,a39b0811c2f464ab764e8dbd8e8b9487ee6f06182940d447e7a4597636aac541,61bd5f37ca4b92c2d2f43d1ebc1cc93c2995288a1b86e9473b3af17ced8961e1
E7C021,3,MOI,screening,low,0.5,5,low,moderate,1028,1206,355.8611954867414,0.346168478099943,0.8524046434494196,0.8524046434494196,0,0,0,0.0,0,0,355.8611954867414,0,0,0,ok,completed,6.050073899999916,6e6ffca284f94f477304cb0337f85cbd41dc716c490254a0fa9f3b509c77d831,196eb5c9c5c3188bcc0d9b17c0f052bcdd132d6719f36eda010856852aba6a7c,12a3802f5d828a174806737f7ee442ec0a5741c41d004d0a75f364826ddda521
E7C021,3,PASI,screening,low,0.5,5,low,moderate,1028,1206,353.0136980830996,0.34339853899134204,0.8524046434494196,0.8524046434494196,0,0,0,0.0,0,0,353.0136980830996,0,0,0,ok,completed,6.0993018000008306,6e6ffca284f94f477304cb0337f85cbd41dc716c490254a0fa9f3b509c77d831,196eb5c9c5c3188bcc0d9b17c0f052bcdd132d6719f36eda010856852aba6a7c,12a3802f5d828a174806737f7ee442ec0a5741c41d004d0a75f364826ddda521
E7C021,4,MOI,screening,low,0.5,5,low,moderate,1047,1206,330.7200070833356,0.31587393226679616,0.8681592039800995,0.8681592039800995,0,0,0,0.0,0,0,330.7200070833356,0,0,0,ok,completed,6.9257417999997415,b479d924483e1b20a309785a611e582afabec5a7decd37ecdaac82a22d643fb3,09efb71e6d62b006f3ec3fe63739503350485a325c5979c3eb9dd05401ca11eb,3f9b501e8c250d81b99a3b6d59711293621edcdf251fa483bf94b65da79eec97
E7C021,4,PASI,screening,low,0.5,5,low,moderate,1047,1206,327.84949445044697,0.3131322774120792,0.8681592039800995,0.8681592039800995,0,0,0,0.0,0,0,327.84949445044697,0,0,0,ok,completed,7.204369300000508,b479d924483e1b20a309785a611e582afabec5a7decd37ecdaac82a22d643fb3,09efb71e6d62b006f3ec3fe63739503350485a325c5979c3eb9dd05401ca11eb,3f9b501e8c250d81b99a3b6d59711293621edcdf251fa483bf94b65da79eec97
E7C021,5,MOI,screening,low,0.5,5,low,moderate,1034,1206,307.28851194503545,0.2971842475290478,0.857379767827529,0.857379767827529,0,0,0,0.0,0,0,307.28851194503545,0,0,0,ok,completed,7.210552000000462,5835ae3525d94e6b2905e151656d3fc4f01a68a364a90e09c2d74fba6ffda3c0,7fae0de04dd792aaec115bd87fa4900b11c746275332ce142fb1f1edf0b209e3,ea55560107b606e6e845ef8f16e8da9cdd00ee02e69b124af46c10bd3c9e8923
E7C021,5,PASI,screening,low,0.5,5,low,moderate,1034,1206,303.3363024601532,0.2933619946423145,0.857379767827529,0.857379767827529,0,0,0,0.0,0,0,303.3363024601532,0,0,0,ok,completed,7.169014400000378,5835ae3525d94e6b2905e151656d3fc4f01a68a364a90e09c2d74fba6ffda3c0,7fae0de04dd792aaec115bd87fa4900b11c746275332ce142fb1f1edf0b209e3,ea55560107b606e6e845ef8f16e8da9cdd00ee02e69b124af46c10bd3c9e8923
E7C021,6,MOI,screening,low,0.5,5,low,moderate,1036,1206,286.36602480338115,0.2764150818565455,0.8590381426202321,0.8590381426202321,0,0,0,0.0,0,0,286.36602480338115,0,0,0,ok,completed,6.254696599999988,f00beec923e5881e89555edc23bc5ed65e1ab571fcb71554186a85292825d71a,b686317ba1a6e585f4fafcf8623be963a470380fad24127d76e6ba6a18026cd4,17aec97dcd5f8a80e2a2252f806f16e23b7710d143969452548b7c2d38708703
E7C021,6,PASI,screening,low,0.5,5,low,moderate,1036,1206,283.0463420013736,0.27321075482758067,0.8590381426202321,0.8590381426202321,0,0,0,0.0,0,0,283.0463420013736,0,0,0,ok,completed,5.984698300000673,f00beec923e5881e89555edc23bc5ed65e1ab571fcb71554186a85292825d71a,b686317ba1a6e585f4fafcf8623be963a470380fad24127d76e6ba6a18026cd4,17aec97dcd5f8a80e2a2252f806f16e23b7710d143969452548b7c2d38708703
E7C021,7,MOI,screening,low,0.5,5,low,moderate,1015,1206,271.12429849877276,0.2671175354667712,0.8416252072968491,0.8416252072968491,0,0,0,0.0,0,0,271.12429849877276,0,0,0,ok,completed,5.992889400000422,699e16a61a72d6f6677c88dc92cd28e4eea46af6652088b2c45b39ce3fa488c6,9ec08ecc0cb27e9bf90bde3fee64591dc1a2f37d471945ce53e7984e871d118d,9ae690ff5b68c501e0f2dbe9e61ad32a5de453837f3bd5b591d368f9eccced70
E7C021,7,PASI,screening,low,0.5,5,low,moderate,1015,1206,267.8161402143895,0.26385826622107345,0.8416252072968491,0.8416252072968491,0,0,0,0.0,0,0,267.8161402143895,0,0,0,ok,completed,5.985814000000573,699e16a61a72d6f6677c88dc92cd28e4eea46af6652088b2c45b39ce3fa488c6,9ec08ecc0cb27e9bf90bde3fee64591dc1a2f37d471945ce53e7984e871d118d,9ae690ff5b68c501e0f2dbe9e61ad32a5de453837f3bd5b591d368f9eccced70
E7C021,8,MOI,screening,low,0.5,5,low,moderate,1026,1206,312.68283900585936,0.3047591023448922,0.8507462686567164,0.8507462686567164,0,0,0,0.0,0,0,312.68283900585936,0,0,0,ok,completed,6.041264899999987,9339345ab1e47990db2ed9dddddcaaafac158be442d6520f9b1ea59107378204,a74c70608042d200f55c80a63d4533bc2b4006310e1bcb6e243189d27ced1990,1e40eac4bfdd4cb5a59d1f04575e765cbf4fe79b9b97e4ac616c9f23bd9fe572
E7C021,8,PASI,screening,low,0.5,5,low,moderate,1026,1206,309.2966881084037,0.30145876033957475,0.8507462686567164,0.8507462686567164,0,0,0,0.0,0,0,309.2966881084037,0,0,0,ok,completed,6.072477400000025,9339345ab1e47990db2ed9dddddcaaafac158be442d6520f9b1ea59107378204,a74c70608042d200f55c80a63d4533bc2b4006310e1bcb6e243189d27ced1990,1e40eac4bfdd4cb5a59d1f04575e765cbf4fe79b9b97e4ac616c9f23bd9fe572
E7C021,9,MOI,screening,low,0.5,5,low,moderate,1031,1206,319.0441626488712,0.30945117618707196,0.8548922056384743,0.8548922056384743,0,0,0,0.0,0,0,319.0441626488712,0,0,0,ok,completed,6.058979999999792,c36553b74fabe50e893eada5c8015d30900e08b71a488c7ec88c4eec579e7327,eef667784ad4220f13e2bea32305373753967c565a0d07c5df8ffd696fe9ad56,20efe10d909d0f5bfb8b39551c3fb912bab2445422f0ee90b738d2cfee57a430
E7C021,9,PASI,screening,low,0.5,5,low,moderate,1031,1206,315.97121981467023,0.3064706302761108,0.8548922056384743,0.8548922056384743,0,0,0,0.0,0,0,315.97121981467023,0,0,0,ok,completed,6.0805866999999125,c36553b74fabe50e893eada5c8015d30900e08b71a488c7ec88c4eec579e7327,eef667784ad4220f13e2bea32305373753967c565a0d07c5df8ffd696fe9ad56,20efe10d909d0f5bfb8b39551c3fb912bab2445422f0ee90b738d2cfee57a430
E7C021,10,MOI,screening,low,0.5,5,low,moderate,1044,1206,289.06448969701114,0.27688169511207966,0.8656716417910447,0.8656716417910447,0,0,0,0.0,0,0,289.06448969701114,0,0,0,ok,completed,6.238186900000073,b1566d8773caa1272e7a3faaccae636bc93471ce160ad6a4772832b0f691333d,a7bbcf26013098e02fff4a279a492c8db368cc93c6dd20a5b06fe9ddb0e31d7c,0a7310f859229b7e0f18bf214e730f00fa5a535c3340f37c530d15775a16eca8
E7C021,10,PASI,screening,low,0.5,5,low,moderate,1044,1206,285.43141136814825,0.2734017350269619,0.8656716417910447,0.8656716417910447,0,0,0,0.0,0,0,285.43141136814825,0,0,0,ok,completed,6.190848999999616,b1566d8773caa1272e7a3faaccae636bc93471ce160ad6a4772832b0f691333d,a7bbcf26013098e02fff4a279a492c8db368cc93c6dd20a5b06fe9ddb0e31d7c,0a7310f859229b7e0f18bf214e730f00fa5a535c3340f37c530d15775a16eca8
E7C024,1,MOI,screening,medium,0.75,1,high,strict,1623,2464,554.0481395447365,0.3413728524613287,0.658685064935065,0.658685064935065,0,0,0,0.0,0,0,554.0481395447365,0,0,0,ok,completed,6.112322700006189,85ffcbc7aa05dd74f46233993024f6329d830fa78acc4d396d9be8f6a04b357c,11cef9cb8cbbe9fbae7880ebb50922c001b7b73d11314e6bdd4a7fc541a92f20,05732d26ad99ba288de8cdbf5b50be4492f169671e2382c9230bdf5f85b9e73a
E7C024,1,PASI,screening,medium,0.75,1,high,strict,1623,2464,549.314194633198,0.33845606570129266,0.658685064935065,0.658685064935065,0,0,0,0.0,0,0,549.314194633198,0,0,0,ok,completed,5.994150400001672,85ffcbc7aa05dd74f46233993024f6329d830fa78acc4d396d9be8f6a04b357c,11cef9cb8cbbe9fbae7880ebb50922c001b7b73d11314e6bdd4a7fc541a92f20,05732d26ad99ba288de8cdbf5b50be4492f169671e2382c9230bdf5f85b9e73a
E7C024,2,MOI,screening,medium,0.75,1,high,strict,1672,2464,410.9968002723299,0.24581148341646525,0.6785714285714286,0.6785714285714286,0,0,0,0.0,0,0,410.9968002723299,0,0,0,ok,completed,6.406247799999619,df0244e9ea919f41a24d33c303f0c9b691f81eb081b6c5c3c3bb0daef57ba065,492d4cad035985c18923cfde4bc4232fa03b6a93196cdf24efda7f57b3d85ad6,0c44326bcc630d6c85c0b9e7bbefc6f8156d80429ea2c9e8b57d2c53e54ce6af
E7C024,2,PASI,screening,medium,0.75,1,high,strict,1672,2464,406.65434170895156,0.2432143192039184,0.6785714285714286,0.6785714285714286,0,0,0,0.0,0,0,406.65434170895156,0,0,0,ok,completed,6.410365800000363,df0244e9ea919f41a24d33c303f0c9b691f81eb081b6c5c3c3bb0daef57ba065,492d4cad035985c18923cfde4bc4232fa03b6a93196cdf24efda7f57b3d85ad6,0c44326bcc630d6c85c0b9e7bbefc6f8156d80429ea2c9e8b57d2c53e54ce6af
E7C024,3,MOI,screening,medium,0.75,1,high,strict,1643,2464,552.0356014323119,0.33599245370195485,0.666801948051948,0.666801948051948,0,0,0,0.0,0,0,552.0356014323119,0,0,0,ok,completed,6.318609499999184,fdf083b32927818f7ba2c8aa53ababe13d99eb06cec7b3e807b114d639c8012c,e1e48c4a0d095eaddd1c487f357c5a5231c41cf97c05d582ee656f2824b389b9,5e48c954afe0ade580dcb3521dfad8b0a71352101daeb0aa21d573126e4a05af
E7C024,3,PASI,screening,medium,0.75,1,high,strict,1643,2464,549.229527787197,0.33428455738721663,0.666801948051948,0.666801948051948,0,0,0,0.0,0,0,549.229527787197,0,0,0,ok,completed,6.388087799999994,fdf083b32927818f7ba2c8aa53ababe13d99eb06cec7b3e807b114d639c8012c,e1e48c4a0d095eaddd1c487f357c5a5231c41cf97c05d582ee656f2824b389b9,5e48c954afe0ade580dcb3521dfad8b0a71352101daeb0aa21d573126e4a05af
E7C024,4,MOI,screening,medium,0.75,1,high,strict,1691,2464,552.8945685695171,0.32696308017121056,0.6862824675324676,0.6862824675324676,0,0,0,0.0,0,0,552.8945685695171,0,0,0,ok,completed,6.395871199999419,a09c811a97a72168477996bea5cae221e3be21b35d8313e224ec6b2d2e563dd8,2e4fa65a58cb09ed60334251d14263a9ac2f7df6c2af4ea3d214ae55c8fa675d,55710be3f1c4155c7c3701e07af7e15fa38e769327ad0434590341c224029d7e
E7C024,4,PASI,screening,medium,0.75,1,high,strict,1691,2464,548.2537973922026,0.32421868562519374,0.6862824675324676,0.6862824675324676,0,0,0,0.0,0,0,548.2537973922026,0,0,0,ok,completed,6.421123900000566,a09c811a97a72168477996bea5cae221e3be21b35d8313e224ec6b2d2e563dd8,2e4fa65a58cb09ed60334251d14263a9ac2f7df6c2af4ea3d214ae55c8fa675d,55710be3f1c4155c7c3701e07af7e15fa38e769327ad0434590341c224029d7e
E7C024,5,MOI,screening,medium,0.75,1,high,strict,1642,2464,463.227789004444,0.28211192996616563,0.6663961038961039,0.6663961038961039,0,0,0,0.0,0,0,463.227789004444,0,0,0,ok,completed,6.4426799000002575,3f9d2d2d43882f17652140e431466432f24708128d4f6afea54f0dc89d31b4f9,a0144a97460eb561ed5ae3c768bb8599f8b0b02944531430c25196e23bb7af33,e6508698b5cf1d5e7e8fa1b49a66a4bad09930ffc8c787d8fa49fa928c1c6163
E7C024,5,PASI,screening,medium,0.75,1,high,strict,1642,2464,458.63721314112485,0.27931620775951577,0.6663961038961039,0.6663961038961039,0,0,0,0.0,0,0,458.63721314112485,0,0,0,ok,completed,6.639022199999999,3f9d2d2d43882f17652140e431466432f24708128d4f6afea54f0dc89d31b4f9,a0144a97460eb561ed5ae3c768bb8599f8b0b02944531430c25196e23bb7af33,e6508698b5cf1d5e7e8fa1b49a66a4bad09930ffc8c787d8fa49fa928c1c6163
E7C024,6,MOI,screening,medium,0.75,1,high,strict,1621,2464,430.293619381932,0.26544948758910053,0.6578733766233766,0.6578733766233766,0,0,0,0.0,0,0,430.293619381932,0,0,0,ok,completed,6.690485000000081,946035e9be2addf721a815cd2b9a051dff9265f5deb6140d693eee9a431839fc,52fe198786d2ed48372d917ed90519c979331f4eb0cf355898006eb579419719,c7f946aa10d869bdf3ac4b103536690b28c9c1d1a5deabb2aa8bf23f010b095f
E7C024,6,PASI,screening,medium,0.75,1,high,strict,1621,2464,424.364798098998,0.2617919790863652,0.6578733766233766,0.6578733766233766,0,0,0,0.0,0,0,424.364798098998,0,0,0,ok,completed,6.727529400000094,946035e9be2addf721a815cd2b9a051dff9265f5deb6140d693eee9a431839fc,52fe198786d2ed48372d917ed90519c979331f4eb0cf355898006eb579419719,c7f946aa10d869bdf3ac4b103536690b28c9c1d1a5deabb2aa8bf23f010b095f
E7C024,7,MOI,screening,medium,0.75,1,high,strict,1630,2464,367.03091660817057,0.22517234147740525,0.661525974025974,0.661525974025974,0,0,0,0.0,0,0,367.03091660817057,0,0,0,ok,completed,6.822067600000082,66a1dabb1c578246ff41f5507e00f5385f498dfe0996ab8076b5045cf229b8a4,60406b0b46e23fe9e145188679264675393880ba816980a155d4f156aa3b9e2a,393129a71a0320baf4e9e1774ca5b3c633e19e3a7c0f4808d59e3193e1f5c765
E7C024,7,PASI,screening,medium,0.75,1,high,strict,1630,2464,362.7651149923459,0.22255528527137786,0.661525974025974,0.661525974025974,0,0,0,0.0,0,0,362.7651149923459,0,0,0,ok,completed,6.635642100000041,66a1dabb1c578246ff41f5507e00f5385f498dfe0996ab8076b5045cf229b8a4,60406b0b46e23fe9e145188679264675393880ba816980a155d4f156aa3b9e2a,393129a71a0320baf4e9e1774ca5b3c633e19e3a7c0f4808d59e3193e1f5c765
E7C024,8,MOI,screening,medium,0.75,1,high,strict,1703,2464,508.23404287180375,0.2984345524790392,0.6911525974025974,0.6911525974025974,0,0,0,0.0,0,0,508.23404287180375,0,0,0,ok,completed,6.578603799999655,3ef71d6b5b3de753cdb418012bc0d13fe5bea52bc8e2465fee6ca58713ce5b1a,bad71a5bf90b2748d558e7bd9e582545259049198d51b02a0d523354be940943,fd6faef2c8d6a3375688115dbd6bc374184e51851cc822816dbd67e84c7a6c3d
E7C024,8,PASI,screening,medium,0.75,1,high,strict,1703,2464,503.0127111267484,0.29536859138388044,0.6911525974025974,0.6911525974025974,0,0,0,0.0,0,0,503.0127111267484,0,0,0,ok,completed,6.551698499999475,3ef71d6b5b3de753cdb418012bc0d13fe5bea52bc8e2465fee6ca58713ce5b1a,bad71a5bf90b2748d558e7bd9e582545259049198d51b02a0d523354be940943,fd6faef2c8d6a3375688115dbd6bc374184e51851cc822816dbd67e84c7a6c3d
E7C024,9,MOI,screening,medium,0.75,1,high,strict,1654,2464,577.178646350389,0.34895927832550727,0.6712662337662337,0.6712662337662337,0,0,0,0.0,0,0,577.178646350389,0,0,0,ok,completed,6.063673100000415,f4292d060ea4095cd4a251074581960f5216aa080dd253380130be1fa49e5845,d8ff27230a7567657dd1511a6d99211671c9c617f42bc0f652467f3d8d947740,e884bcc5528cb3d143b9a86edd4cf8d86a52f1ca97a9e987e3e8e6c3d81fbb4e
E7C024,9,PASI,screening,medium,0.75,1,high,strict,1654,2464,572.3327267804214,0.34602945996397905,0.6712662337662337,0.6712662337662337,0,0,0,0.0,0,0,572.3327267804214,0,0,0,ok,completed,6.084531999999854,f4292d060ea4095cd4a251074581960f5216aa080dd253380130be1fa49e5845,d8ff27230a7567657dd1511a6d99211671c9c617f42bc0f652467f3d8d947740,e884bcc5528cb3d143b9a86edd4cf8d86a52f1ca97a9e987e3e8e6c3d81fbb4e
E7C024,10,MOI,screening,medium,0.75,1,high,strict,1647,2464,415.91593669732293,0.2525294090451263,0.6684253246753247,0.6684253246753247,0,0,0,0.0,0,0,415.91593669732293,0,0,0,ok,completed,6.123935499999789,39fb39cff2f581164b297c9583e6c363cfa52d5de3808a2d23774f98ce3ee5a8,13ce05c5db181772b0626fbe4f1d194081005c45564ad37624e44c30677e0c49,d0ea511c7fab71eedc5fa7f00185a5e7f27bbd3417dd0307c2de8ab9b11306a8
E7C024,10,PASI,screening,medium,0.75,1,high,strict,1647,2464,411.09995213340017,0.24960531398506386,0.6684253246753247,0.6684253246753247,0,0,0,0.0,0,0,411.09995213340017,0,0,0,ok,completed,6.115382500000123,39fb39cff2f581164b297c9583e6c363cfa52d5de3808a2d23774f98ce3ee5a8,13ce05c5db181772b0626fbe4f1d194081005c45564ad37624e44c30677e0c49,d0ea511c7fab71eedc5fa7f00185a5e7f27bbd3417dd0307c2de8ab9b11306a8
E7C025,1,MOI,screening,low,0.25,1,high,strict,855,1206,279.2658999816049,0.32662678360421626,0.7089552238805971,0.7089552238805971,0,0,0,0.0,0,0,279.2658999816049,0,0,0,ok,completed,6.101519300005748,a6853d1f6a46472be7c9ef37ac0c534128e38eeee9a4af6dc1215c753dd73e8b,11cef9cb8cbbe9fbae7880ebb50922c001b7b73d11314e6bdd4a7fc541a92f20,c3f710f929437dae8ed9981795d1ef340db66179c51853a1638055358eb53868
E7C025,1,PASI,screening,low,0.25,1,high,strict,855,1206,277.4877595796896,0.32454708722770714,0.7089552238805971,0.7089552238805971,0,0,0,0.0,0,0,277.4877595796896,0,0,0,ok,completed,5.769512800005032,a6853d1f6a46472be7c9ef37ac0c534128e38eeee9a4af6dc1215c753dd73e8b,11cef9cb8cbbe9fbae7880ebb50922c001b7b73d11314e6bdd4a7fc541a92f20,c3f710f929437dae8ed9981795d1ef340db66179c51853a1638055358eb53868
E7C025,2,MOI,screening,low,0.25,1,high,strict,886,1206,206.23952123164648,0.23277598333142943,0.7346600331674958,0.7346600331674958,0,0,0,0.0,0,0,206.23952123164648,0,0,0,ok,completed,6.2131884000000355,e7afb3295713137c70e759ced4d1be1c529b43d61136a24b4a4f1ea81f67b788,492d4cad035985c18923cfde4bc4232fa03b6a93196cdf24efda7f57b3d85ad6,582bf14dec082031674dec2c58e202740399cf7244ecaab7f25c7d102e50980a
E7C025,2,PASI,screening,low,0.25,1,high,strict,886,1206,204.4140967570626,0.23071568482738442,0.7346600331674958,0.7346600331674958,0,0,0,0.0,0,0,204.4140967570626,0,0,0,ok,completed,6.349279600000045,e7afb3295713137c70e759ced4d1be1c529b43d61136a24b4a4f1ea81f67b788,492d4cad035985c18923cfde4bc4232fa03b6a93196cdf24efda7f57b3d85ad6,582bf14dec082031674dec2c58e202740399cf7244ecaab7f25c7d102e50980a
E7C025,3,MOI,screening,low,0.25,1,high,strict,882,1206,277.2061215876493,0.3142926548612804,0.7313432835820896,0.7313432835820896,0,0,0,0.0,0,0,277.2061215876493,0,0,0,ok,completed,6.353569500000049,6e6ffca284f94f477304cb0337f85cbd41dc716c490254a0fa9f3b509c77d831,e1e48c4a0d095eaddd1c487f357c5a5231c41cf97c05d582ee656f2824b389b9,18cc6a5d815f18689966f606ccdb6672168527c970acbc92299394a78a23d5b4
E7C025,3,PASI,screening,low,0.25,1,high,strict,882,1206,275.9170158579973,0.31283108373922597,0.7313432835820896,0.7313432835820896,0,0,0,0.0,0,0,275.9170158579973,0,0,0,ok,completed,6.345235899999352,6e6ffca284f94f477304cb0337f85cbd41dc716c490254a0fa9f3b509c77d831,e1e48c4a0d095eaddd1c487f357c5a5231c41cf97c05d582ee656f2824b389b9,18cc6a5d815f18689966f606ccdb6672168527c970acbc92299394a78a23d5b4
E7C025,4,MOI,screening,low,0.25,1,high,strict,863,1206,266.9102486117343,0.30928186397651714,0.7155887230514096,0.7155887230514096,0,0,0,0.0,0,0,266.9102486117343,0,0,0,ok,completed,6.120616500000324,b479d924483e1b20a309785a611e582afabec5a7decd37ecdaac82a22d643fb3,2e4fa65a58cb09ed60334251d14263a9ac2f7df6c2af4ea3d214ae55c8fa675d,3ae78ffa47b1092c1e0be68a59ea0264487261a5fcf8a4c4ba48a20b687e7494
E7C025,4,PASI,screening,low,0.25,1,high,strict,863,1206,264.6463174300063,0.3066585369988486,0.7155887230514096,0.7155887230514096,0,0,0,0.0,0,0,264.6463174300063,0,0,0,ok,completed,5.996560699999463,b479d924483e1b20a309785a611e582afabec5a7decd37ecdaac82a22d643fb3,2e4fa65a58cb09ed60334251d14263a9ac2f7df6c2af4ea3d214ae55c8fa675d,3ae78ffa47b1092c1e0be68a59ea0264487261a5fcf8a4c4ba48a20b687e7494
E7C025,5,MOI,screening,low,0.25,1,high,strict,859,1206,240.336293221628,0.27978613879118513,0.7122719734660033,0.7122719734660033,0,0,0,0.0,0,0,240.336293221628,0,0,0,ok,completed,6.034544499999356,5835ae3525d94e6b2905e151656d3fc4f01a68a364a90e09c2d74fba6ffda3c0,a0144a97460eb561ed5ae3c768bb8599f8b0b02944531430c25196e23bb7af33,4ff4dec4b7f97a150b06e33490ebc92f842e2eca484e354acad3cafd33b7af90
E7C025,5,PASI,screening,low,0.25,1,high,strict,859,1206,237.74604174565263,0.2767707121602475,0.7122719734660033,0.7122719734660033,0,0,0,0.0,0,0,237.74604174565263,0,0,0,ok,completed,6.0354468000005,5835ae3525d94e6b2905e151656d3fc4f01a68a364a90e09c2d74fba6ffda3c0,a0144a97460eb561ed5ae3c768bb8599f8b0b02944531430c25196e23bb7af33,4ff4dec4b7f97a150b06e33490ebc92f842e2eca484e354acad3cafd33b7af90
E7C025,6,MOI,screening,low,0.25,1,high,strict,856,1206,228.40672885867218,0.2668302907227479,0.7097844112769486,0.7097844112769486,0,0,0,0.0,0,0,228.40672885867218,0,0,0,ok,completed,5.89374080000016,f00beec923e5881e89555edc23bc5ed65e1ab571fcb71554186a85292825d71a,52fe198786d2ed48372d917ed90519c979331f4eb0cf355898006eb579419719,e39b881d3c1e67a3d636eb68a78f9e8cd7e6c4945f0871a6e9168e458c26df48
E7C025,6,PASI,screening,low,0.25,1,high,strict,856,1206,226.6738593087914,0.2648059104074666,0.7097844112769486,0.7097844112769486,0,0,0,0.0,0,0,226.6738593087914,0,0,0,ok,completed,5.894243700000516,f00beec923e5881e89555edc23bc5ed65e1ab571fcb71554186a85292825d71a,52fe198786d2ed48372d917ed90519c979331f4eb0cf355898006eb579419719,e39b881d3c1e67a3d636eb68a78f9e8cd7e6c4945f0871a6e9168e458c26df48
E7C025,7,MOI,screening,low,0.25,1,high,strict,882,1206,187.65572424695125,0.21276159211672477,0.7313432835820896,0.7313432835820896,0,0,0,0.0,0,0,187.65572424695125,0,0,0,ok,completed,5.924243000000388,699e16a61a72d6f6677c88dc92cd28e4eea46af6652088b2c45b39ce3fa488c6,60406b0b46e23fe9e145188679264675393880ba816980a155d4f156aa3b9e2a,742c68abb6ad3889a2b51d76c3566fdbdbdd8e9be83b0fbc3d1a4ed213d25f1f
E7C025,7,PASI,screening,low,0.25,1,high,strict,882,1206,185.523715288168,0.21034434839928345,0.7313432835820896,0.7313432835820896,0,0,0,0.0,0,0,185.523715288168,0,0,0,ok,completed,5.922474300000431,699e16a61a72d6f6677c88dc92cd28e4eea46af6652088b2c45b39ce3fa488c6,60406b0b46e23fe9e145188679264675393880ba816980a155d4f156aa3b9e2a,742c68abb6ad3889a2b51d76c3566fdbdbdd8e9be83b0fbc3d1a4ed213d25f1f
E7C025,8,MOI,screening,low,0.25,1,high,strict,843,1206,243.4734374254875,0.2888178379899021,0.6990049751243781,0.6990049751243781,0,0,0,0.0,0,0,243.4734374254875,0,0,0,ok,completed,6.141168199999811,9339345ab1e47990db2ed9dddddcaaafac158be442d6520f9b1ea59107378204,bad71a5bf90b2748d558e7bd9e582545259049198d51b02a0d523354be940943,e71866643adc75554c887d4cf6f7afaf99f3899d4bb5ed997dd4d69d94ae7e82
E7C025,8,PASI,screening,low,0.25,1,high,strict,843,1206,241.6971847551328,0.2867107766964802,0.6990049751243781,0.6990049751243781,0,0,0,0.0,0,0,241.6971847551328,0,0,0,ok,completed,6.1365342999997665,9339345ab1e47990db2ed9dddddcaaafac158be442d6520f9b1ea59107378204,bad71a5bf90b2748d558e7bd9e582545259049198d51b02a0d523354be940943,e71866643adc75554c887d4cf6f7afaf99f3899d4bb5ed997dd4d69d94ae7e82
E7C025,9,MOI,screening,low,0.25,1,high,strict,867,1206,298.3713788053536,0.34414230542716673,0.7189054726368159,0.7189054726368159,0,0,0,0.0,0,0,298.3713788053536,0,0,0,ok,completed,6.1893301000000065,c36553b74fabe50e893eada5c8015d30900e08b71a488c7ec88c4eec579e7327,d8ff27230a7567657dd1511a6d99211671c9c617f42bc0f652467f3d8d947740,f96995a465ff2786c4512ce285236348481e1838ce147d2cff2dc8919278ac6e
E7C025,9,PASI,screening,low,0.25,1,high,strict,867,1206,296.26309293227575,0.34171060315141377,0.7189054726368159,0.7189054726368159,0,0,0,0.0,0,0,296.26309293227575,0,0,0,ok,completed,6.206438500000331,c36553b74fabe50e893eada5c8015d30900e08b71a488c7ec88c4eec579e7327,d8ff27230a7567657dd1511a6d99211671c9c617f42bc0f652467f3d8d947740,f96995a465ff2786c4512ce285236348481e1838ce147d2cff2dc8919278ac6e
E7C025,10,MOI,screening,low,0.25,1,high,strict,873,1206,213.34535574037812,0.24438185079081115,0.7238805970149254,0.7238805970149254,0,0,0,0.0,0,0,213.34535574037812,0,0,0,ok,completed,5.964359599999625,b1566d8773caa1272e7a3faaccae636bc93471ce160ad6a4772832b0f691333d,13ce05c5db181772b0626fbe4f1d194081005c45564ad37624e44c30677e0c49,020c0801ba8d3305a354ba1abd9b3a71cae9697a33fa47f0069be6edb4826efe
E7C025,10,PASI,screening,low,0.25,1,high,strict,873,1206,211.3503106313103,0.24209657575178728,0.7238805970149254,0.7238805970149254,0,0,0,0.0,0,0,211.3503106313103,0,0,0,ok,completed,5.957408999999643,b1566d8773caa1272e7a3faaccae636bc93471ce160ad6a4772832b0f691333d,13ce05c5db181772b0626fbe4f1d194081005c45564ad37624e44c30677e0c49,020c0801ba8d3305a354ba1abd9b3a71cae9697a33fa47f0069be6edb4826efe
E7C026,1,MOI,screening,medium,0.1,20,medium,strict,1623,2464,556.6325968749422,0.3429652476124105,0.658685064935065,0.658685064935065,0,0,0,0.0,0,0,556.6325968749422,0,0,0,ok,completed,6.1359729999967385,85ffcbc7aa05dd74f46233993024f6329d830fa78acc4d396d9be8f6a04b357c,d66ab3746ae69bf57359cac1f8b1c6eb618a7244b4bd06dae91814cf786b2a77,66d09e3a27295619fdbebdb80b442658d6af732984cf73c5f4d8c1fb17fd3e8d
E7C026,1,PASI,screening,medium,0.1,20,medium,strict,1623,2464,555.1813443697322,0.3420710686196748,0.658685064935065,0.658685064935065,0,0,0,0.0,0,0,555.1813443697322,0,0,0,ok,completed,6.144563299996662,85ffcbc7aa05dd74f46233993024f6329d830fa78acc4d396d9be8f6a04b357c,d66ab3746ae69bf57359cac1f8b1c6eb618a7244b4bd06dae91814cf786b2a77,66d09e3a27295619fdbebdb80b442658d6af732984cf73c5f4d8c1fb17fd3e8d
E7C026,2,MOI,screening,medium,0.1,20,medium,strict,1672,2464,453.4773028030454,0.2712184825377066,0.6785714285714286,0.6785714285714286,0,0,0,0.0,0,0,453.4773028030454,0,0,0,ok,completed,6.1534606000004715,df0244e9ea919f41a24d33c303f0c9b691f81eb081b6c5c3c3bb0daef57ba065,dae307466c0f2d7e7699b903b80d1e23544f00c41db5e1304b43ec51263cb44e,7bfc008a011cac04a57339502d8b5715a718b0494e26dff0c19abd94a8df38f6
E7C026,2,PASI,screening,medium,0.1,20,medium,strict,1672,2464,451.9786813349309,0.2703221778318965,0.6785714285714286,0.6785714285714286,0,0,0,0.0,0,0,451.9786813349309,0,0,0,ok,completed,6.190219800000705,df0244e9ea919f41a24d33c303f0c9b691f81eb081b6c5c3c3bb0daef57ba065,dae307466c0f2d7e7699b903b80d1e23544f00c41db5e1304b43ec51263cb44e,7bfc008a011cac04a57339502d8b5715a718b0494e26dff0c19abd94a8df38f6
E7C026,3,MOI,screening,medium,0.1,20,medium,strict,1643,2464,577.4060229728584,0.35143397624641415,0.666801948051948,0.666801948051948,0,0,0,0.0,0,0,577.4060229728584,0,0,0,ok,completed,6.258814799999527,fdf083b32927818f7ba2c8aa53ababe13d99eb06cec7b3e807b114d639c8012c,e4cdbc8f20cac984f5e330304cac803c185b55cf405a0586e7fac72c62462b8d,f52a7fd78cc34d9cf1b1c675ac9a841971ba6154d416ab131f9040932129d6ba
E7C026,3,PASI,screening,medium,0.1,20,medium,strict,1643,2464,576.5264278382372,0.35089861706526915,0.666801948051948,0.666801948051948,0,0,0,0.0,0,0,576.5264278382372,0,0,0,ok,completed,6.259277699999984,fdf083b32927818f7ba2c8aa53ababe13d99eb06cec7b3e807b114d639c8012c,e4cdbc8f20cac984f5e330304cac803c185b55cf405a0586e7fac72c62462b8d,f52a7fd78cc34d9cf1b1c675ac9a841971ba6154d416ab131f9040932129d6ba
E7C026,4,MOI,screening,medium,0.1,20,medium,strict,1691,2464,554.1818670692559,0.32772434480736595,0.6862824675324676,0.6862824675324676,0,0,0,0.0,0,0,554.1818670692559,0,0,0,ok,completed,6.346521999999823,a09c811a97a72168477996bea5cae221e3be21b35d8313e224ec6b2d2e563dd8,b27c00ae6aa33cfc0565d19aa920482babeef332343d8559989dc93b8cc2acdb,c2579407b3502ea032f5799a52d3db0b1aec81061473dc426284b63bf91f4583
E7C026,4,PASI,screening,medium,0.1,20,medium,strict,1691,2464,552.6318113148426,0.32680769444993646,0.6862824675324676,0.6862824675324676,0,0,0,0.0,0,0,552.6318113148426,0,0,0,ok,completed,6.3212233000003835,a09c811a97a72168477996bea5cae221e3be21b35d8313e224ec6b2d2e563dd8,b27c00ae6aa33cfc0565d19aa920482babeef332343d8559989dc93b8cc2acdb,c2579407b3502ea032f5799a52d3db0b1aec81061473dc426284b63bf91f4583
E7C026,5,MOI,screening,medium,0.1,20,medium,strict,1642,2464,476.5852711736393,0.29024681557468895,0.6663961038961039,0.6663961038961039,0,0,0,0.0,0,0,476.5852711736393,0,0,0,ok,completed,6.149742499999775,3f9d2d2d43882f17652140e431466432f24708128d4f6afea54f0dc89d31b4f9,31b612abdfd0c127827079ee50fea19181189832da19f892a32bd95109089da5,389181b53c777e5278101ed9b8799ff394713f2942f9d4b8cd4aa54d5426a5e0
E7C026,5,PASI,screening,medium,0.1,20,medium,strict,1642,2464,474.8572358204997,0.28919441889189995,0.6663961038961039,0.6663961038961039,0,0,0,0.0,0,0,474.8572358204997,0,0,0,ok,completed,6.16497260000051,3f9d2d2d43882f17652140e431466432f24708128d4f6afea54f0dc89d31b4f9,31b612abdfd0c127827079ee50fea19181189832da19f892a32bd95109089da5,389181b53c777e5278101ed9b8799ff394713f2942f9d4b8cd4aa54d5426a5e0
E7C026,6,MOI,screening,medium,0.1,20,medium,strict,1621,2464,443.43522678980025,0.27355658654521914,0.6578733766233766,0.6578733766233766,0,0,0,0.0,0,0,443.43522678980025,0,0,0,ok,completed,6.164732499999445,946035e9be2addf721a815cd2b9a051dff9265f5deb6140d693eee9a431839fc,11cb1d2cc52ef078d70aba72f90a0ee04eadee8f538c44070cab74678943ea17,1fc54462bd2c4d3f00fd09dd2c060052db9883c9efe1201af4bf0526de50ecb4
E7C026,6,PASI,screening,medium,0.1,20,medium,strict,1621,2464,441.7873329883852,0.27253999567451276,0.6578733766233766,0.6578733766233766,0,0,0,0.0,0,0,441.7873329883852,0,0,0,ok,completed,6.166684400000122,946035e9be2addf721a815cd2b9a051dff9265f5deb6140d693eee9a431839fc,11cb1d2cc52ef078d70aba72f90a0ee04eadee8f538c44070cab74678943ea17,1fc54462bd2c4d3f00fd09dd2c060052db9883c9efe1201af4bf0526de50ecb4
E7C026,7,MOI,screening,medium,0.1,20,medium,strict,1630,2464,409.18045508057673,0.25103095403716363,0.661525974025974,0.661525974025974,0,0,0,0.0,0,0,409.18045508057673,0,0,0,ok,completed,6.368940599999405,66a1dabb1c578246ff41f5507e00f5385f498dfe0996ab8076b5045cf229b8a4,743a26a15c4e74c6298bfab744dedc3455ab63886040084903705f73a56f26e1,091b3f675ab89aa8f78364c6e1db17cbcaf562623815bddfd17e3d90464ed87e
E7C026,7,PASI,screening,medium,0.1,20,medium,strict,1630,2464,407.6232200323775,0.25007559511188804,0.661525974025974,0.661525974025974,0,0,0,0.0,0,0,407.6232200323775,0,0,0,ok,completed,6.350537500000428,66a1dabb1c578246ff41f5507e00f5385f498dfe0996ab8076b5045cf229b8a4,743a26a15c4e74c6298bfab744dedc3455ab63886040084903705f73a56f26e1,091b3f675ab89aa8f78364c6e1db17cbcaf562623815bddfd17e3d90464ed87e
E7C026,8,MOI,screening,medium,0.1,20,medium,strict,1703,2464,512.6006554457133,0.3009986232799256,0.6911525974025974,0.6911525974025974,0,0,0,0.0,0,0,512.6006554457133,0,0,0,ok,completed,6.354938000000402,3ef71d6b5b3de753cdb418012bc0d13fe5bea52bc8e2465fee6ca58713ce5b1a,03477e9b5e7807e00eed284eb79c3662d8792fcbfa50a802900cdd4df9a90a23,053a51ed6c1e02085661cdf9788402225728bd38d4374c89b23be3c4249793ac
E7C026,8,PASI,screening,medium,0.1,20,medium,strict,1703,2464,510.79689574191406,0.29993945727652027,0.6911525974025974,0.6911525974025974,0,0,0,0.0,0,0,510.79689574191406,0,0,0,ok,completed,6.3358954000004815,3ef71d6b5b3de753cdb418012bc0d13fe5bea52bc8e2465fee6ca58713ce5b1a,03477e9b5e7807e00eed284eb79c3662d8792fcbfa50a802900cdd4df9a90a23,053a51ed6c1e02085661cdf9788402225728bd38d4374c89b23be3c4249793ac
E7C026,9,MOI,screening,medium,0.1,20,medium,strict,1654,2464,552.253823507336,0.33388985701773644,0.6712662337662337,0.6712662337662337,0,0,0,0.0,0,0,552.253823507336,0,0,0,ok,completed,6.038400100000217,f4292d060ea4095cd4a251074581960f5216aa080dd253380130be1fa49e5845,ed621ecb1233543fcbc3c2f9d986dc598487aea5a586b8bb72eacf55cddb9601,4d9189136104834506905fe9c8206d9040f8a5372a3fcfbdbcb0b8fca6682044
E7C026,9,PASI,screening,medium,0.1,20,medium,strict,1654,2464,550.9338534981172,0.33309180985375886,0.6712662337662337,0.6712662337662337,0,0,0,0.0,0,0,550.9338534981172,0,0,0,ok,completed,6.028856900000392,f4292d060ea4095cd4a251074581960f5216aa080dd253380130be1fa49e5845,ed621ecb1233543fcbc3c2f9d986dc598487aea5a586b8bb72eacf55cddb9601,4d9189136104834506905fe9c8206d9040f8a5372a3fcfbdbcb0b8fca6682044
E7C026,10,MOI,screening,medium,0.1,20,medium,strict,1647,2464,443.0030776363783,0.2689757605563924,0.6684253246753247,0.6684253246753247,0,0,0,0.0,0,0,443.0030776363783,0,0,0,ok,completed,6.033607299999858,39fb39cff2f581164b297c9583e6c363cfa52d5de3808a2d23774f98ce3ee5a8,9c60b9e25328b057cf6a4dd4974b802aa788ec4fc8637aaf005ce5cbe082d122,2ed3637480de3cfd8d8ba1b08368f158e4ec44be0a64b135c8cf1d6a96caf829
E7C026,10,PASI,screening,medium,0.1,20,medium,strict,1647,2464,441.3757576880502,0.26798770958594426,0.6684253246753247,0.6684253246753247,0,0,0,0.0,0,0,441.3757576880502,0,0,0,ok,completed,6.05737339999996,39fb39cff2f581164b297c9583e6c363cfa52d5de3808a2d23774f98ce3ee5a8,9c60b9e25328b057cf6a4dd4974b802aa788ec4fc8637aaf005ce5cbe082d122,2ed3637480de3cfd8d8ba1b08368f158e4ec44be0a64b135c8cf1d6a96caf829
E7C026,11,MOI,confirmation,medium,0.1,20,medium,strict,1640,2464,479.35211079698234,0.29228787243718435,0.6655844155844156,0.6655844155844156,0,0,0,0.0,0,0,479.35211079698234,0,0,0,ok,completed,6.186830099999497,bcdc29669796bf6b6bccf7e245c476a78fbe550a5d880176ad11112cea4db251,2b4d05eb6c31065d2ca4a31bd16523f701055f37ebc6eafda79d08842a18cd42,02be0a08fd6f721f88fc96eee0b138d63bf975cfb2e5b8ed9e6d5c8e63126928
E7C026,11,PASI,confirmation,medium,0.1,20,medium,strict,1640,2464,477.9175410902885,0.29141313481115155,0.6655844155844156,0.6655844155844156,0,0,0,0.0,0,0,477.9175410902885,0,0,0,ok,completed,6.240562699999828,bcdc29669796bf6b6bccf7e245c476a78fbe550a5d880176ad11112cea4db251,2b4d05eb6c31065d2ca4a31bd16523f701055f37ebc6eafda79d08842a18cd42,02be0a08fd6f721f88fc96eee0b138d63bf975cfb2e5b8ed9e6d5c8e63126928
E7C026,12,MOI,confirmation,medium,0.1,20,medium,strict,1639,2464,504.08030059196415,0.3075535696107164,0.6651785714285714,0.6651785714285714,0,0,0,0.0,0,0,504.08030059196415,0,0,0,ok,completed,6.255225899999459,c2c32df8671bf2dee6731de7029d05b3a67cd00533b3b3cb1fe65afec3ba0a5c,34c909d48198fdc718eb98f4c253b653e658736f296fc45dd45a5bc947666059,3ef7071f152a420615747986ee6ad12328efc5dada9fa9dd404f3dea7138a6c0
E7C026,12,PASI,confirmation,medium,0.1,20,medium,strict,1639,2464,502.664757769718,0.3066899071200232,0.6651785714285714,0.6651785714285714,0,0,0,0.0,0,0,502.664757769718,0,0,0,ok,completed,6.261574899999687,c2c32df8671bf2dee6731de7029d05b3a67cd00533b3b3cb1fe65afec3ba0a5c,34c909d48198fdc718eb98f4c253b653e658736f296fc45dd45a5bc947666059,3ef7071f152a420615747986ee6ad12328efc5dada9fa9dd404f3dea7138a6c0
E7C026,13,MOI,confirmation,medium,0.1,20,medium,strict,1649,2464,622.1390704283633,0.377282638222173,0.669237012987013,0.669237012987013,0,0,0,0.0,0,0,622.1390704283633,0,0,0,ok,completed,6.4063288999996075,63e33272eb9ac08ff21a215dac11cb655c85c9eb80a7d76103838eda900a694b,4b02f8d6786c95772a800a9d2766ea771132035e7219af36fa5f93ed6e0a91ed,45c89295e6f213a62e07ad21e638b6f856f061e9b206611625cf1e3e5ca50665
E7C026,13,PASI,confirmation,medium,0.1,20,medium,strict,1649,2464,621.1400085574702,0.37667677899179514,0.669237012987013,0.669237012987013,0,0,0,0.0,0,0,621.1400085574702,0,0,0,ok,completed,6.393802799999321,63e33272eb9ac08ff21a215dac11cb655c85c9eb80a7d76103838eda900a694b,4b02f8d6786c95772a800a9d2766ea771132035e7219af36fa5f93ed6e0a91ed,45c89295e6f213a62e07ad21e638b6f856f061e9b206611625cf1e3e5ca50665
E7C026,14,MOI,confirmation,medium,0.1,20,medium,strict,1651,2464,474.6856571104129,0.2875140261116977,0.6700487012987013,0.6700487012987013,0,0,0,0.0,0,0,474.6856571104129,0,0,0,ok,completed,6.362259300000005,684890ad110ded553a61864b0aa2d72b6b9ab0553a6f60e5424f66f784312ef6,40e89fac8b1c577bffeb7fe00a68cf719871669a94193595e853ea43fa938784,0eacab12fc09506d0a9090f95d4af6c38dab83e2f920aaaf077233b57f6a006d
E7C026,14,PASI,confirmation,medium,0.1,20,medium,strict,1651,2464,473.4611207832795,0.2867723323944758,0.6700487012987013,0.6700487012987013,0,0,0,0.0,0,0,473.4611207832795,0,0,0,ok,completed,6.362870999999359,684890ad110ded553a61864b0aa2d72b6b9ab0553a6f60e5424f66f784312ef6,40e89fac8b1c577bffeb7fe00a68cf719871669a94193595e853ea43fa938784,0eacab12fc09506d0a9090f95d4af6c38dab83e2f920aaaf077233b57f6a006d
E7C026,15,MOI,confirmation,medium,0.1,20,medium,strict,1653,2464,620.273210422356,0.3752409016469183,0.6708603896103896,0.6708603896103896,0,0,0,0.0,0,0,620.273210422356,0,0,0,ok,completed,6.041096699999798,b9adc352754b94bbc326b95b0c56d02bb2e151dff7922858bedc689f95e32a47,3a86368cc1ab8f9f0a3a7bf8364efdbc3db3a614caa551f2bb994c3682455675,46506c80c4455a13b6e0b972d17c2873b2cf41e538f75e604b2dbfcf82fa4815
E7C026,15,PASI,confirmation,medium,0.1,20,medium,strict,1653,2464,619.3911299353197,0.37470727763782197,0.6708603896103896,0.6708603896103896,0,0,0,0.0,0,0,619.3911299353197,0,0,0,ok,completed,6.113391599999886,b9adc352754b94bbc326b95b0c56d02bb2e151dff7922858bedc689f95e32a47,3a86368cc1ab8f9f0a3a7bf8364efdbc3db3a614caa551f2bb994c3682455675,46506c80c4455a13b6e0b972d17c2873b2cf41e538f75e604b2dbfcf82fa4815
E7C026,16,MOI,confirmation,medium,0.1,20,medium,strict,1659,2464,564.6336653796852,0.34034578986117253,0.6732954545454546,0.6732954545454546,0,0,0,0.0,0,0,564.6336653796852,0,0,0,ok,completed,6.154432399999678,790650cd63642c18048dfb7cb594c1f24e44c532325a987ec5673c1c0675e7cc,5ed92cce0a079734db6c4d33611093eec2cd86500100dbc8ab6a00bc091d280c,337eab4947136c380d3860890c24c0177c0ce15de3af1f3559669029ed23103c
E7C026,16,PASI,confirmation,medium,0.1,20,medium,strict,1659,2464,563.2511004744085,0.3395124174047068,0.6732954545454546,0.6732954545454546,0,0,0,0.0,0,0,563.2511004744085,0,0,0,ok,completed,6.134890700000142,790650cd63642c18048dfb7cb594c1f24e44c532325a987ec5673c1c0675e7cc,5ed92cce0a079734db6c4d33611093eec2cd86500100dbc8ab6a00bc091d280c,337eab4947136c380d3860890c24c0177c0ce15de3af1f3559669029ed23103c
E7C026,17,MOI,confirmation,medium,0.1,20,medium,strict,1648,2464,531.873498658164,0.32273877345762375,0.6688311688311688,0.6688311688311688,0,0,0,0.0,0,0,531.873498658164,0,0,0,ok,completed,6.150119000000814,7d31f0479e48b7d959ae400e6c46204dc81615d0667fe4e518cc8d009c333653,e413406d4d8a97d1511c69e6940800322f9d4ab49edd00bdbcb59e5542167c95,bda31fc30924835de58cc4bb56cc0a01b6204c7aa0c6290666a9a614ebf07835
E7C026,17,PASI,confirmation,medium,0.1,20,medium,strict,1648,2464,530.6310637545882,0.32198486878312393,0.6688311688311688,0.6688311688311688,0,0,0,0.0,0,0,530.6310637545882,0,0,0,ok,completed,6.119581299999481,7d31f0479e48b7d959ae400e6c46204dc81615d0667fe4e518cc8d009c333653,e413406d4d8a97d1511c69e6940800322f9d4ab49edd00bdbcb59e5542167c95,bda31fc30924835de58cc4bb56cc0a01b6204c7aa0c6290666a9a614ebf07835
E7C026,18,MOI,confirmation,medium,0.1,20,medium,strict,1688,2464,493.9387820554081,0.29261776188116595,0.685064935064935,0.685064935064935,0,0,0,0.0,0,0,493.9387820554081,0,0,0,ok,completed,6.131902899999659,cca303634e73c2aff071f394d76da01f8397d8a63bd39c4a959ae3a4fc0d2909,2bd1bbc49b50a6b45c13a09cc1c035bbdca0c8fedae684966d3c7b24a36edb6d,600d0e577b207f7cbbbc24fc721d69ea4738ce185420068fc635b64bc68a011c
E7C026,18,PASI,confirmation,medium,0.1,20,medium,strict,1688,2464,492.9337389979525,0.2920223572262752,0.685064935064935,0.685064935064935,0,0,0,0.0,0,0,492.9337389979525,0,0,0,ok,completed,6.134419199999684,cca303634e73c2aff071f394d76da01f8397d8a63bd39c4a959ae3a4fc0d2909,2bd1bbc49b50a6b45c13a09cc1c035bbdca0c8fedae684966d3c7b24a36edb6d,600d0e577b207f7cbbbc24fc721d69ea4738ce185420068fc635b64bc68a011c
E7C026,19,MOI,confirmation,medium,0.1,20,medium,strict,1659,2464,469.463382688887,0.2829797364007758,0.6732954545454546,0.6732954545454546,0,0,0,0.0,0,0,469.463382688887,0,0,0,ok,completed,6.425072,67d4d8ea3cc9ec6fe95d3990e228c362166282e38337d5f0c6f7007bf6cd14be,20c0c9a34f4452f17f918f97d5b4b0d0af1def6281986ff72c1735586f459d71,1ae1293f4c85dddc43cd29310bd3454930b1f20ae20c00322c09d322cc63f9ae
E7C026,19,PASI,confirmation,medium,0.1,20,medium,strict,1659,2464,467.93787693168804,0.28206020309324176,0.6732954545454546,0.6732954545454546,0,0,0,0.0,0,0,467.93787693168804,0,0,0,ok,completed,6.511796800000411,67d4d8ea3cc9ec6fe95d3990e228c362166282e38337d5f0c6f7007bf6cd14be,20c0c9a34f4452f17f918f97d5b4b0d0af1def6281986ff72c1735586f459d71,1ae1293f4c85dddc43cd29310bd3454930b1f20ae20c00322c09d322cc63f9ae
E7C026,20,MOI,confirmation,medium,0.1,20,medium,strict,1625,2464,490.04549754765696,0.30156646002932735,0.6594967532467533,0.6594967532467533,0,0,0,0.0,0,0,490.04549754765696,0,0,0,ok,completed,6.4869048999998995,d2cc60f019e889230990dce8f05c6427c9480695842d03f82d16698da58de11d,cadced37aca230b612222cfcce6c691511f1a6a5836bf463e4ffe0f56557df08,54105ef770f4a03be2da54c71e2f39f582b372f7fa5c2300aa61c94569c03156
E7C026,20,PASI,confirmation,medium,0.1,20,medium,strict,1625,2464,488.467019421858,0.30059508887498954,0.6594967532467533,0.6594967532467533,0,0,0,0.0,0,0,488.467019421858,0,0,0,ok,completed,6.459603399999651,d2cc60f019e889230990dce8f05c6427c9480695842d03f82d16698da58de11d,cadced37aca230b612222cfcce6c691511f1a6a5836bf463e4ffe0f56557df08,54105ef770f4a03be2da54c71e2f39f582b372f7fa5c2300aa61c94569c03156
E7C026,21,MOI,confirmation,medium,0.1,20,medium,strict,1615,2464,449.30380656485687,0.2782066913714284,0.6554383116883117,0.6554383116883117,0,0,0,0.0,0,0,449.30380656485687,0,0,0,ok,completed,6.162523900000451,a52635c8e1346fcb791f11569cb222889e8cc056530df389479126c70a15158c,a6776a97843269f55d68643939d3702f2f978539602eef39e3e0707b0305dd56,16d22a40c29a9ae21f9651168e05205dd3f985739e07a5864dce12d26517fff5
E7C026,21,PASI,confirmation,medium,0.1,20,medium,strict,1615,2464,447.6853737642492,0.2772045657982967,0.6554383116883117,0.6554383116883117,0,0,0,0.0,0,0,447.6853737642492,0,0,0,ok,completed,6.19031780000023,a52635c8e1346fcb791f11569cb222889e8cc056530df389479126c70a15158c,a6776a97843269f55d68643939d3702f2f978539602eef39e3e0707b0305dd56,16d22a40c29a9ae21f9651168e05205dd3f985739e07a5864dce12d26517fff5
E7C026,22,MOI,confirmation,medium,0.1,20,medium,strict,1645,2464,548.128637644153,0.33320889826392275,0.6676136363636364,0.6676136363636364,0,0,0,0.0,0,0,548.128637644153,0,0,0,ok,completed,6.236869100000149,bdb646d4c9db2fef4b028c14ce081854af31f6e21c478d6116aa889d14c1de34,4eb741c6d08bcab2b115a036c6ead24c669ce862f433b99324fc25e92f13bb33,b575993418c1beaa7f25c4b50ed9b24f9dbd904aedeece035b669acf3024240e
E7C026,22,PASI,confirmation,medium,0.1,20,medium,strict,1645,2464,547.0313107231349,0.3325418302268297,0.6676136363636364,0.6676136363636364,0,0,0,0.0,0,0,547.0313107231349,0,0,0,ok,completed,6.257139400000597,bdb646d4c9db2fef4b028c14ce081854af31f6e21c478d6116aa889d14c1de34,4eb741c6d08bcab2b115a036c6ead24c669ce862f433b99324fc25e92f13bb33,b575993418c1beaa7f25c4b50ed9b24f9dbd904aedeece035b669acf3024240e
E7C026,23,MOI,confirmation,medium,0.1,20,medium,strict,1640,2464,550.866055235387,0.33589393611913837,0.6655844155844156,0.6655844155844156,0,0,0,0.0,0,0,550.866055235387,0,0,0,ok,completed,6.5048823999995875,47a1bb57b5640cee7d8514dd3543eaaa54d1a8d03c2b596fc9d2c7c44c8cf0a6,ef589139a24248e260687363411c2312be729266cd7138253a0e4e09655dd283,bb0bc1f736130732ad4ac1293e745ba81326af41d9a523857ca23a80b6d9f4cf
E7C026,23,PASI,confirmation,medium,0.1,20,medium,strict,1640,2464,549.3807513098246,0.3349882629937955,0.6655844155844156,0.6655844155844156,0,0,0,0.0,0,0,549.3807513098246,0,0,0,ok,completed,6.548654899999747,47a1bb57b5640cee7d8514dd3543eaaa54d1a8d03c2b596fc9d2c7c44c8cf0a6,ef589139a24248e260687363411c2312be729266cd7138253a0e4e09655dd283,bb0bc1f736130732ad4ac1293e745ba81326af41d9a523857ca23a80b6d9f4cf
E7C026,24,MOI,confirmation,medium,0.1,20,medium,strict,1614,2464,472.79564300234046,0.2929341034710907,0.6550324675324676,0.6550324675324676,0,0,0,0.0,0,0,472.79564300234046,0,0,0,ok,completed,6.561266600000636,4ccdc4d197f2ebc74a6fb7a23c92d782276b9d0785b0d349523ab42b2cdc4e53,5ae7c573d583422b84501c9630d5f5827cee6b07439fb183ba5742addb1b6032,958c9a3a4d25ee9e895af0df89e2b23a42f91c55c20e104d3093a6bdb1117eb2
E7C026,24,PASI,confirmation,medium,0.1,20,medium,strict,1614,2464,470.91548100086845,0.29176919516782435,0.6550324675324676,0.6550324675324676,0,0,0,0.0,0,0,470.91548100086845,0,0,0,ok,completed,6.553748000000269,4ccdc4d197f2ebc74a6fb7a23c92d782276b9d0785b0d349523ab42b2cdc4e53,5ae7c573d583422b84501c9630d5f5827cee6b07439fb183ba5742addb1b6032,958c9a3a4d25ee9e895af0df89e2b23a42f91c55c20e104d3093a6bdb1117eb2
E7C026,25,MOI,confirmation,medium,0.1,20,medium,strict,1662,2464,503.58151451593335,0.30299730115278783,0.674512987012987,0.674512987012987,0,0,0,0.0,0,0,503.58151451593335,0,0,0,ok,completed,6.305318200000329,baa2ce82b2457712c738a451c0727e1e4ebd1d9218513bbc9633aa35344d3f29,5b326e5ce07136aa30d876de062c31fac8c41cef77d59aa30811a04483cab1c0,b238faf1b80453032c66fbff9a57471aab4ac4ae27af4aa427ebd8a0890cc7f9
E7C026,25,PASI,confirmation,medium,0.1,20,medium,strict,1662,2464,502.3159482124672,0.3022358292493786,0.674512987012987,0.674512987012987,0,0,0,0.0,0,0,502.3159482124672,0,0,0,ok,completed,6.217977499999506,baa2ce82b2457712c738a451c0727e1e4ebd1d9218513bbc9633aa35344d3f29,5b326e5ce07136aa30d876de062c31fac8c41cef77d59aa30811a04483cab1c0,b238faf1b80453032c66fbff9a57471aab4ac4ae27af4aa427ebd8a0890cc7f9
E7C026,26,MOI,confirmation,medium,0.1,20,medium,strict,1648,2464,462.37298132206126,0.28056612944299836,0.6688311688311688,0.6688311688311688,0,0,0,0.0,0,0,462.37298132206126,0,0,0,ok,completed,6.260700200000429,1d16f58d71f69baec76073233ea553321bd35ffa99cdba316305e9b1068b2d4a,c52bd71f81080352ebf79d5c9f62f0f137e06d90fc3cefb8dc56ee52493f03ba,8da6f042b03c6ed33a024e0fd8e7c6581d72c6eb98dd5fd1bb69c4337a9495ca
E7C026,26,PASI,confirmation,medium,0.1,20,medium,strict,1648,2464,460.5097984810682,0.27943555733074527,0.6688311688311688,0.6688311688311688,0,0,0,0.0,0,0,460.5097984810682,0,0,0,ok,completed,6.2641333999999915,1d16f58d71f69baec76073233ea553321bd35ffa99cdba316305e9b1068b2d4a,c52bd71f81080352ebf79d5c9f62f0f137e06d90fc3cefb8dc56ee52493f03ba,8da6f042b03c6ed33a024e0fd8e7c6581d72c6eb98dd5fd1bb69c4337a9495ca
E7C026,27,MOI,confirmation,medium,0.1,20,medium,strict,1658,2464,469.6793681489852,0.28328068042761473,0.6728896103896104,0.6728896103896104,0,0,0,0.0,0,0,469.6793681489852,0,0,0,ok,completed,6.1109660000001895,03bd0593d6e0139198a4b742a479208a988c681b57e80666a27d133e1ff8d392,54607f953848fbc54798d49767c93a9a93ff47f04c39f5c84a4e95ddf6e04091,bd26fb9c3e4282c66f348df95bf75886aac32214a9df05278b60d1fefc4f260b
E7C026,27,PASI,confirmation,medium,0.1,20,medium,strict,1658,2464,468.3470301807829,0.28247709902339135,0.6728896103896104,0.6728896103896104,0,0,0,0.0,0,0,468.3470301807829,0,0,0,ok,completed,6.088914500000101,03bd0593d6e0139198a4b742a479208a988c681b57e80666a27d133e1ff8d392,54607f953848fbc54798d49767c93a9a93ff47f04c39f5c84a4e95ddf6e04091,bd26fb9c3e4282c66f348df95bf75886aac32214a9df05278b60d1fefc4f260b
E7C026,28,MOI,confirmation,medium,0.1,20,medium,strict,1640,2464,543.3919616095615,0.3313365619570497,0.6655844155844156,0.6655844155844156,0,0,0,0.0,0,0,543.3919616095615,0,0,0,ok,completed,6.120768199999475,730cccee99d5acf90e370a4eb2f701a69ec192bc3a25bc1b4b6c851951da9683,c890b20dd023652d423d655c022b80ff7f493870b2a3709f55db66f023b95417,c31b08216845a8cd9d6a91c8dc91e94d6b74d19e4336f57e7c455cdb9aa23c5a
E7C026,28,PASI,confirmation,medium,0.1,20,medium,strict,1640,2464,541.9708600469594,0.33047003661399965,0.6655844155844156,0.6655844155844156,0,0,0,0.0,0,0,541.9708600469594,0,0,0,ok,completed,6.148917999999867,730cccee99d5acf90e370a4eb2f701a69ec192bc3a25bc1b4b6c851951da9683,c890b20dd023652d423d655c022b80ff7f493870b2a3709f55db66f023b95417,c31b08216845a8cd9d6a91c8dc91e94d6b74d19e4336f57e7c455cdb9aa23c5a
E7C026,29,MOI,confirmation,medium,0.1,20,medium,strict,1658,2464,436.2058194726978,0.2630915678363678,0.6728896103896104,0.6728896103896104,0,0,0,0.0,0,0,436.2058194726978,0,0,0,ok,completed,6.547386199999892,1652211decee0151b52429f6442c65e243255cdb1365e8cfacdb6e91289cb363,8f74ade18a1c5d608e2dcabf394716b9c268a16e2e918228d4f246e161eba520,92095d40ee9935bd9579c99bdb3e783cf9475f6c4cb76c9de703e9257a40b336
E7C026,29,PASI,confirmation,medium,0.1,20,medium,strict,1658,2464,435.00141059634063,0.2623651451123888,0.6728896103896104,0.6728896103896104,0,0,0,0.0,0,0,435.00141059634063,0,0,0,ok,completed,6.511040399999729,1652211decee0151b52429f6442c65e243255cdb1365e8cfacdb6e91289cb363,8f74ade18a1c5d608e2dcabf394716b9c268a16e2e918228d4f246e161eba520,92095d40ee9935bd9579c99bdb3e783cf9475f6c4cb76c9de703e9257a40b336
E7C026,30,MOI,confirmation,medium,0.1,20,medium,strict,1658,2464,462.1678567606852,0.2787502151753228,0.6728896103896104,0.6728896103896104,0,0,0,0.0,0,0,462.1678567606852,0,0,0,ok,completed,6.499916999999186,87ffc62864a4a72081072c4fd378ff644a0e20bfb18fc2e8800aea42acda897d,8dafcfe8fb902f040b5462995c13dea893bb9804a293dcc79745ae3776dcd2a1,24a89543608692b456189131bd7bcc549e7834b851eca50fb8fbdb6cda496d42
E7C026,30,PASI,confirmation,medium,0.1,20,medium,strict,1658,2464,460.5394844500835,0.2777680847105449,0.6728896103896104,0.6728896103896104,0,0,0,0.0,0,0,460.5394844500835,0,0,0,ok,completed,6.473032799999601,87ffc62864a4a72081072c4fd378ff644a0e20bfb18fc2e8800aea42acda897d,8dafcfe8fb902f040b5462995c13dea893bb9804a293dcc79745ae3776dcd2a1,24a89543608692b456189131bd7bcc549e7834b851eca50fb8fbdb6cda496d42
E7C028,1,MOI,screening,high,0.1,1,medium,moderate,2516,3531,922.749151261689,0.36675244485758707,0.712546020957236,0.712546020957236,0,0,0,0.0,0,0,922.749151261689,0,0,0,ok,completed,6.937790099997073,e60a9613cc052e89d5f54455389db3597a9004f2d0eaa3214d6c414d8926d44a,11cef9cb8cbbe9fbae7880ebb50922c001b7b73d11314e6bdd4a7fc541a92f20,dc13e4a54404b75ced7e06668036fcce31b7cd82d94fcd7ee3c9d9f54f79dea3
E7C028,1,PASI,screening,high,0.1,1,medium,moderate,2516,3531,920.9696063635921,0.36604515356263595,0.712546020957236,0.712546020957236,0,0,0,0.0,0,0,920.9696063635921,0,0,0,ok,completed,6.942508000007365,e60a9613cc052e89d5f54455389db3597a9004f2d0eaa3214d6c414d8926d44a,11cef9cb8cbbe9fbae7880ebb50922c001b7b73d11314e6bdd4a7fc541a92f20,dc13e4a54404b75ced7e06668036fcce31b7cd82d94fcd7ee3c9d9f54f79dea3
E7C028,2,MOI,screening,high,0.1,1,medium,moderate,2511,3531,701.6603484264806,0.2794346270117406,0.7111299915038233,0.7111299915038233,0,0,0,0.0,0,0,701.6603484264806,0,0,0,ok,completed,6.91313590000027,ec6fb6e3e70e4e4cfaf432beb8c8e81197411dc276b4156fadadf46c4149536b,492d4cad035985c18923cfde4bc4232fa03b6a93196cdf24efda7f57b3d85ad6,344b06de08f9c84e5223cdb5caf100648d739457e1ac102dd614dfedd7502f5d
E7C028,2,PASI,screening,high,0.1,1,medium,moderate,2511,3531,699.6781528634682,0.27864522216784876,0.7111299915038233,0.7111299915038233,0,0,0,0.0,0,0,699.6781528634682,0,0,0,ok,completed,6.930160599999908,ec6fb6e3e70e4e4cfaf432beb8c8e81197411dc276b4156fadadf46c4149536b,492d4cad035985c18923cfde4bc4232fa03b6a93196cdf24efda7f57b3d85ad6,344b06de08f9c84e5223cdb5caf100648d739457e1ac102dd614dfedd7502f5d
E7C028,3,MOI,screening,high,0.1,1,medium,moderate,2478,3531,910.770706751377,0.3675426580917583,0.7017841971112999,0.7017841971112999,0,0,0,0.0,0,0,910.770706751377,0,0,0,ok,completed,7.027265699999589,c44b94beec3a0f3f02bc5e6fa6cd1528e66f2f4dc81fc3d375d0a2fa4a82c358,e1e48c4a0d095eaddd1c487f357c5a5231c41cf97c05d582ee656f2824b389b9,bb5c6083e2e34ba44e33f4109ca03d8b56904010221d0168771bc7aba6d36d24
E7C028,3,PASI,screening,high,0.1,1,medium,moderate,2478,3531,909.4888522238028,0.3670253640935443,0.7017841971112999,0.7017841971112999,0,0,0,0.0,0,0,909.4888522238028,0,0,0,ok,completed,7.070293199999469,c44b94beec3a0f3f02bc5e6fa6cd1528e66f2f4dc81fc3d375d0a2fa4a82c358,e1e48c4a0d095eaddd1c487f357c5a5231c41cf97c05d582ee656f2824b389b9,bb5c6083e2e34ba44e33f4109ca03d8b56904010221d0168771bc7aba6d36d24
E7C028,4,MOI,screening,high,0.1,1,medium,moderate,2484,3531,844.4059622523274,0.3399379880242864,0.703483432455395,0.703483432455395,0,0,0,0.0,0,0,844.4059622523274,0,0,0,ok,completed,7.0597625000000335,b3523e2089dbd7a32da94bd9af1457f53f613cc29afd93e90d9e37732b37fa40,2e4fa65a58cb09ed60334251d14263a9ac2f7df6c2af4ea3d214ae55c8fa675d,3f2daf2a71b841d8d48a26a737664bf68f1eee3f53c1fa8ccb903038c27e3ac5
E7C028,4,PASI,screening,high,0.1,1,medium,moderate,2484,3531,842.6313512530951,0.3392235713579288,0.703483432455395,0.703483432455395,0,0,0,0.0,0,0,842.6313512530951,0,0,0,ok,completed,7.067696900000556,b3523e2089dbd7a32da94bd9af1457f53f613cc29afd93e90d9e37732b37fa40,2e4fa65a58cb09ed60334251d14263a9ac2f7df6c2af4ea3d214ae55c8fa675d,3f2daf2a71b841d8d48a26a737664bf68f1eee3f53c1fa8ccb903038c27e3ac5
E7C028,5,MOI,screening,high,0.1,1,medium,moderate,2502,3531,763.974061656002,0.30534534838369387,0.7085811384876806,0.7085811384876806,0,0,0,0.0,0,0,763.974061656002,0,0,0,ok,completed,7.038287699999273,9c91d040fe812b98e9b759b6161595b173d2d116b16ce3708a8597be62bb4e8a,a0144a97460eb561ed5ae3c768bb8599f8b0b02944531430c25196e23bb7af33,48f516064ff86fcbcef030904400cde3ed0289b757b9e069b96d909ab61f8a9d
E7C028,5,PASI,screening,high,0.1,1,medium,moderate,2502,3531,761.8578197870438,0.3044995282921838,0.7085811384876806,0.7085811384876806,0,0,0,0.0,0,0,761.8578197870438,0,0,0,ok,completed,7.0633004000001165,9c91d040fe812b98e9b759b6161595b173d2d116b16ce3708a8597be62bb4e8a,a0144a97460eb561ed5ae3c768bb8599f8b0b02944531430c25196e23bb7af33,48f516064ff86fcbcef030904400cde3ed0289b757b9e069b96d909ab61f8a9d
E7C028,6,MOI,screening,high,0.1,1,medium,moderate,2523,3531,709.3091492318734,0.28113719747597044,0.7145284621920136,0.7145284621920136,0,0,0,0.0,0,0,709.3091492318734,0,0,0,ok,completed,6.857641599999624,2e819b4fd88809fe30a8e26b180554e99e1dc9845ddda4dd3314189e44d73369,52fe198786d2ed48372d917ed90519c979331f4eb0cf355898006eb579419719,0cd63df500b694900ed1fce26d71194bf2c3f4e73e66919e3d5f1fb4ae062c40
E7C028,6,PASI,screening,high,0.1,1,medium,moderate,2523,3531,706.8636188380924,0.2801679028292082,0.7145284621920136,0.7145284621920136,0,0,0,0.0,0,0,706.8636188380924,0,0,0,ok,completed,6.8729276000003665,2e819b4fd88809fe30a8e26b180554e99e1dc9845ddda4dd3314189e44d73369,52fe198786d2ed48372d917ed90519c979331f4eb0cf355898006eb579419719,0cd63df500b694900ed1fce26d71194bf2c3f4e73e66919e3d5f1fb4ae062c40
E7C028,7,MOI,screening,high,0.1,1,medium,moderate,2484,3531,626.2738022967294,0.25212310881510847,0.703483432455395,0.703483432455395,0,0,0,0.0,0,0,626.2738022967294,0,0,0,ok,completed,6.910272799999802,a4a74c297dd7facbcadc3f2bfea242294af7bea2cb4a29c627d99e29a9dfb6e7,60406b0b46e23fe9e145188679264675393880ba816980a155d4f156aa3b9e2a,65f4eed268d7dd8eacd34db9f440de3522b723fa450e8731638e91e50583aacf
E7C028,7,PASI,screening,high,0.1,1,medium,moderate,2484,3531,624.1767669018072,0.2512788916673942,0.703483432455395,0.703483432455395,0,0,0,0.0,0,0,624.1767669018072,0,0,0,ok,completed,6.9609353000005285,a4a74c297dd7facbcadc3f2bfea242294af7bea2cb4a29c627d99e29a9dfb6e7,60406b0b46e23fe9e145188679264675393880ba816980a155d4f156aa3b9e2a,65f4eed268d7dd8eacd34db9f440de3522b723fa450e8731638e91e50583aacf
E7C028,8,MOI,screening,high,0.1,1,medium,moderate,2541,3531,789.5089674720455,0.3107079761794748,0.719626168224299,0.719626168224299,0,0,0,0.0,0,0,789.5089674720455,0,0,0,ok,completed,7.0898582999998325,2e4d842490f744be05f504ad4e589f453696f55663201363d55bb7b564314928,bad71a5bf90b2748d558e7bd9e582545259049198d51b02a0d523354be940943,db718fea793f36d0edb8dbfd4dd30ecc0389f55b9d77a72292978d99b4fe7f74
E7C028,8,PASI,screening,high,0.1,1,medium,moderate,2541,3531,787.3576521781746,0.30986133497763657,0.719626168224299,0.719626168224299,0,0,0,0.0,0,0,787.3576521781746,0,0,0,ok,completed,7.064607199999955,2e4d842490f744be05f504ad4e589f453696f55663201363d55bb7b564314928,bad71a5bf90b2748d558e7bd9e582545259049198d51b02a0d523354be940943,db718fea793f36d0edb8dbfd4dd30ecc0389f55b9d77a72292978d99b4fe7f74
E7C028,9,MOI,screening,high,0.1,1,medium,moderate,2494,3531,854.7103543427188,0.3427066376674895,0.7063154913622204,0.7063154913622204,0,0,0,0.0,0,0,854.7103543427188,0,0,0,ok,completed,7.138793000000078,05644c349dadd2679e3020242271f6c70707fe1f74822a0aab58fe3b5ac86b1b,d8ff27230a7567657dd1511a6d99211671c9c617f42bc0f652467f3d8d947740,42ca0a6e1c6f430ecaf2cba2f443fb15faf2b3c2f30fb87f2bffe3e4dcac532c
E7C028,9,PASI,screening,high,0.1,1,medium,moderate,2494,3531,852.7718145607414,0.34192935627936705,0.7063154913622204,0.7063154913622204,0,0,0,0.0,0,0,852.7718145607414,0,0,0,ok,completed,7.150045000000318,05644c349dadd2679e3020242271f6c70707fe1f74822a0aab58fe3b5ac86b1b,d8ff27230a7567657dd1511a6d99211671c9c617f42bc0f652467f3d8d947740,42ca0a6e1c6f430ecaf2cba2f443fb15faf2b3c2f30fb87f2bffe3e4dcac532c
E7C028,10,MOI,screening,high,0.1,1,medium,moderate,2501,3531,697.8887505496432,0.2790438826667906,0.708297932596998,0.708297932596998,0,0,0,0.0,0,0,697.8887505496432,0,0,0,ok,completed,6.7798537000007855,ae2f818058c1f2abf5435b1a214d3adaed90fbe8b8524612ee7f9075b830725b,13ce05c5db181772b0626fbe4f1d194081005c45564ad37624e44c30677e0c49,275c24c9e6af62c2d1341fdfd4b32fea2a57b03607d65eb8b5c8f1510125bc9a
E7C028,10,PASI,screening,high,0.1,1,medium,moderate,2501,3531,695.8517738471406,0.27822941777174753,0.708297932596998,0.708297932596998,0,0,0,0.0,0,0,695.8517738471406,0,0,0,ok,completed,6.797960399999283,ae2f818058c1f2abf5435b1a214d3adaed90fbe8b8524612ee7f9075b830725b,13ce05c5db181772b0626fbe4f1d194081005c45564ad37624e44c30677e0c49,275c24c9e6af62c2d1341fdfd4b32fea2a57b03607d65eb8b5c8f1510125bc9a
E7C032,1,MOI,screening,low,0.25,1,medium,moderate,1030,1206,346.40371344753,0.33631428490051457,0.8540630182421227,0.8540630182421227,0,0,0,0.0,0,0,346.40371344753,0,0,0,ok,completed,5.7779251000029035,a6853d1f6a46472be7c9ef37ac0c534128e38eeee9a4af6dc1215c753dd73e8b,11cef9cb8cbbe9fbae7880ebb50922c001b7b73d11314e6bdd4a7fc541a92f20,048c9a5d34905c54fcfb1bc2123ba52f8a4c051a06757d3cdedfcf5590d60cc7
E7C032,1,PASI,screening,low,0.25,1,medium,moderate,1030,1206,344.4513138442111,0.3344187513050593,0.8540630182421227,0.8540630182421227,0,0,0,0.0,0,0,344.4513138442111,0,0,0,ok,completed,5.978424200002337,a6853d1f6a46472be7c9ef37ac0c534128e38eeee9a4af6dc1215c753dd73e8b,11cef9cb8cbbe9fbae7880ebb50922c001b7b73d11314e6bdd4a7fc541a92f20,048c9a5d34905c54fcfb1bc2123ba52f8a4c051a06757d3cdedfcf5590d60cc7
E7C032,2,MOI,screening,low,0.25,1,medium,moderate,1048,1206,277.31602849642763,0.2646145310080416,0.8689883913764511,0.8689883913764511,0,0,0,0.0,0,0,277.31602849642763,0,0,0,ok,completed,5.89240830000017,e7afb3295713137c70e759ced4d1be1c529b43d61136a24b4a4f1ea81f67b788,492d4cad035985c18923cfde4bc4232fa03b6a93196cdf24efda7f57b3d85ad6,31405e8b6032ebf7890a28c42e4134bfd7a8533b52b96fe3698dc2743ed498c0
E7C032,2,PASI,screening,low,0.25,1,medium,moderate,1048,1206,275.08635482285933,0.2624869797928047,0.8689883913764511,0.8689883913764511,0,0,0,0.0,0,0,275.08635482285933,0,0,0,ok,completed,5.879625599999599,e7afb3295713137c70e759ced4d1be1c529b43d61136a24b4a4f1ea81f67b788,492d4cad035985c18923cfde4bc4232fa03b6a93196cdf24efda7f57b3d85ad6,31405e8b6032ebf7890a28c42e4134bfd7a8533b52b96fe3698dc2743ed498c0
E7C032,3,MOI,screening,low,0.25,1,medium,moderate,1028,1206,346.64858620421313,0.3372067959184953,0.8524046434494196,0.8524046434494196,0,0,0,0.0,0,0,346.64858620421313,0,0,0,ok,completed,5.922517300000436,6e6ffca284f94f477304cb0337f85cbd41dc716c490254a0fa9f3b509c77d831,e1e48c4a0d095eaddd1c487f357c5a5231c41cf97c05d582ee656f2824b389b9,415909418b494f8d9f82d49280b171a271d4e27d47e2da24fb3ddd97fae06ac6
E7C032,3,PASI,screening,low,0.25,1,medium,moderate,1028,1206,344.99431593050525,0.33559758358998565,0.8524046434494196,0.8524046434494196,0,0,0,0.0,0,0,344.99431593050525,0,0,0,ok,completed,5.980242699999508,6e6ffca284f94f477304cb0337f85cbd41dc716c490254a0fa9f3b509c77d831,e1e48c4a0d095eaddd1c487f357c5a5231c41cf97c05d582ee656f2824b389b9,415909418b494f8d9f82d49280b171a271d4e27d47e2da24fb3ddd97fae06ac6
E7C032,4,MOI,screening,low,0.25,1,medium,moderate,1047,1206,330.53212652571034,0.31569448569790864,0.8681592039800995,0.8681592039800995,0,0,0,0.0,0,0,330.53212652571034,0,0,0,ok,completed,5.963204900000164,b479d924483e1b20a309785a611e582afabec5a7decd37ecdaac82a22d643fb3,2e4fa65a58cb09ed60334251d14263a9ac2f7df6c2af4ea3d214ae55c8fa675d,554e488ff9d6f71f8caa56a35483bde6dd7c9febb4d7248e7244e638188ffbd6
E7C032,4,PASI,screening,low,0.25,1,medium,moderate,1047,1206,328.20311095028245,0.3134700200098209,0.8681592039800995,0.8681592039800995,0,0,0,0.0,0,0,328.20311095028245,0,0,0,ok,completed,5.958940299999995,b479d924483e1b20a309785a611e582afabec5a7decd37ecdaac82a22d643fb3,2e4fa65a58cb09ed60334251d14263a9ac2f7df6c2af4ea3d214ae55c8fa675d,554e488ff9d6f71f8caa56a35483bde6dd7c9febb4d7248e7244e638188ffbd6
E7C032,5,MOI,screening,low,0.25,1,medium,moderate,1034,1206,300.4045564211293,0.29052665031056996,0.857379767827529,0.857379767827529,0,0,0,0.0,0,0,300.4045564211293,0,0,0,ok,completed,6.1948256999994555,5835ae3525d94e6b2905e151656d3fc4f01a68a364a90e09c2d74fba6ffda3c0,a0144a97460eb561ed5ae3c768bb8599f8b0b02944531430c25196e23bb7af33,335c9666a5e74d13ea4be305e21e216510b219330984d75ff5dacfb53cbf335e
E7C032,5,PASI,screening,low,0.25,1,medium,moderate,1034,1206,298.06104394963995,0.28826019724336555,0.857379767827529,0.857379767827529,0,0,0,0.0,0,0,298.06104394963995,0,0,0,ok,completed,6.166664899999887,5835ae3525d94e6b2905e151656d3fc4f01a68a364a90e09c2d74fba6ffda3c0,a0144a97460eb561ed5ae3c768bb8599f8b0b02944531430c25196e23bb7af33,335c9666a5e74d13ea4be305e21e216510b219330984d75ff5dacfb53cbf335e
E7C032,6,MOI,screening,low,0.25,1,medium,moderate,1036,1206,284.16651728227663,0.2742920050987226,0.8590381426202321,0.8590381426202321,0,0,0,0.0,0,0,284.16651728227663,0,0,0,ok,completed,6.125289399999929,f00beec923e5881e89555edc23bc5ed65e1ab571fcb71554186a85292825d71a,52fe198786d2ed48372d917ed90519c979331f4eb0cf355898006eb579419719,9c0aac21e5940026648a0699bff58a36e2c3df98ea4db03e8026d459a60d7082
E7C032,6,PASI,screening,low,0.25,1,medium,moderate,1036,1206,281.9563638583961,0.2721586523729692,0.8590381426202321,0.8590381426202321,0,0,0,0.0,0,0,281.9563638583961,0,0,0,ok,completed,6.147508100000778,f00beec923e5881e89555edc23bc5ed65e1ab571fcb71554186a85292825d71a,52fe198786d2ed48372d917ed90519c979331f4eb0cf355898006eb579419719,9c0aac21e5940026648a0699bff58a36e2c3df98ea4db03e8026d459a60d7082
E7C032,7,MOI,screening,low,0.25,1,medium,moderate,1015,1206,243.91074895621915,0.24030615660711246,0.8416252072968491,0.8416252072968491,0,0,0,0.0,0,0,243.91074895621915,0,0,0,ok,completed,5.842744099999436,699e16a61a72d6f6677c88dc92cd28e4eea46af6652088b2c45b39ce3fa488c6,60406b0b46e23fe9e145188679264675393880ba816980a155d4f156aa3b9e2a,8b524ff809e07f96511df87e83b9c1b01dac190ec77824d7aba469d90f75a5af
E7C032,7,PASI,screening,low,0.25,1,medium,moderate,1015,1206,241.5321342646237,0.2379626938567721,0.8416252072968491,0.8416252072968491,0,0,0,0.0,0,0,241.5321342646237,0,0,0,ok,completed,5.882258499999807,699e16a61a72d6f6677c88dc92cd28e4eea46af6652088b2c45b39ce3fa488c6,60406b0b46e23fe9e145188679264675393880ba816980a155d4f156aa3b9e2a,8b524ff809e07f96511df87e83b9c1b01dac190ec77824d7aba469d90f75a5af
E7C032,8,MOI,screening,low,0.25,1,medium,moderate,1026,1206,307.30840759659463,0.2995208651038934,0.8507462686567164,0.8507462686567164,0,0,0,0.0,0,0,307.30840759659463,0,0,0,ok,completed,5.902342100000169,9339345ab1e47990db2ed9dddddcaaafac158be442d6520f9b1ea59107378204,bad71a5bf90b2748d558e7bd9e582545259049198d51b02a0d523354be940943,4dc6564bbc087f5d94b3e109fa1b0f1004b33009d6d40af6553667363b5f71b5
E7C032,8,PASI,screening,low,0.25,1,medium,moderate,1026,1206,304.9412146294635,0.2972136594829079,0.8507462686567164,0.8507462686567164,0,0,0,0.0,0,0,304.9412146294635,0,0,0,ok,completed,5.925112100000661,9339345ab1e47990db2ed9dddddcaaafac158be442d6520f9b1ea59107378204,bad71a5bf90b2748d558e7bd9e582545259049198d51b02a0d523354be940943,4dc6564bbc087f5d94b3e109fa1b0f1004b33009d6d40af6553667363b5f71b5
E7C032,9,MOI,screening,low,0.25,1,medium,moderate,1031,1206,337.77057854390955,0.3276145281706203,0.8548922056384743,0.8548922056384743,0,0,0,0.0,0,0,337.77057854390955,0,0,0,ok,completed,5.942621099999997,c36553b74fabe50e893eada5c8015d30900e08b71a488c7ec88c4eec579e7327,d8ff27230a7567657dd1511a6d99211671c9c617f42bc0f652467f3d8d947740,13d4d4be1f9a4e8aa746cb51e31943f86a683c075664baf349f855cfd13b6d05
E7C032,9,PASI,screening,low,0.25,1,medium,moderate,1031,1206,335.3955655452502,0.3253109268140157,0.8548922056384743,0.8548922056384743,0,0,0,0.0,0,0,335.3955655452502,0,0,0,ok,completed,5.9095164000000295,c36553b74fabe50e893eada5c8015d30900e08b71a488c7ec88c4eec579e7327,d8ff27230a7567657dd1511a6d99211671c9c617f42bc0f652467f3d8d947740,13d4d4be1f9a4e8aa746cb51e31943f86a683c075664baf349f855cfd13b6d05
E7C032,10,MOI,screening,low,0.25,1,medium,moderate,1044,1206,276.25294321237266,0.2646100988624259,0.8656716417910447,0.8656716417910447,0,0,0,0.0,0,0,276.25294321237266,0,0,0,ok,completed,5.913810099999864,b1566d8773caa1272e7a3faaccae636bc93471ce160ad6a4772832b0f691333d,13ce05c5db181772b0626fbe4f1d194081005c45564ad37624e44c30677e0c49,a0529fafa6c563c7df2a2635e162bb88bf1743e08eee26c4817cfd6abec0cab9
E7C032,10,PASI,screening,low,0.25,1,medium,moderate,1044,1206,274.0848079462887,0.26253334094472097,0.8656716417910447,0.8656716417910447,0,0,0,0.0,0,0,274.0848079462887,0,0,0,ok,completed,5.927605900000344,b1566d8773caa1272e7a3faaccae636bc93471ce160ad6a4772832b0f691333d,13ce05c5db181772b0626fbe4f1d194081005c45564ad37624e44c30677e0c49,a0529fafa6c563c7df2a2635e162bb88bf1743e08eee26c4817cfd6abec0cab9
E7C033,1,MOI,screening,medium,0.75,1,low,moderate,1894,2464,659.5043260570462,0.3482071415295915,0.7686688311688312,0.7686688311688312,0,0,0,0.0,0,0,659.5043260570462,0,0,0,ok,completed,5.901030000008177,85ffcbc7aa05dd74f46233993024f6329d830fa78acc4d396d9be8f6a04b357c,11cef9cb8cbbe9fbae7880ebb50922c001b7b73d11314e6bdd4a7fc541a92f20,ccbcfbc40ba0389c83707334a081da7393fcac6095a9e1a1e95a75baeb90474b
E7C033,1,PASI,screening,medium,0.75,1,low,moderate,1894,2464,655.8074297550545,0.346255242742901,0.7686688311688312,0.7686688311688312,0,0,0,0.0,0,0,655.8074297550545,0,0,0,ok,completed,5.991968500005896,85ffcbc7aa05dd74f46233993024f6329d830fa78acc4d396d9be8f6a04b357c,11cef9cb8cbbe9fbae7880ebb50922c001b7b73d11314e6bdd4a7fc541a92f20,ccbcfbc40ba0389c83707334a081da7393fcac6095a9e1a1e95a75baeb90474b
E7C033,2,MOI,screening,medium,0.75,1,low,moderate,1933,2464,571.3273404717531,0.2955651011235143,0.7844967532467533,0.7844967532467533,0,0,0,0.0,0,0,571.3273404717531,0,0,0,ok,completed,6.512631900000088,df0244e9ea919f41a24d33c303f0c9b691f81eb081b6c5c3c3bb0daef57ba065,492d4cad035985c18923cfde4bc4232fa03b6a93196cdf24efda7f57b3d85ad6,198530974deeb226672fa1c7833b08a1f8dbcb1edfebcca54265fb8c6fe2029f
E7C033,2,PASI,screening,medium,0.75,1,low,moderate,1933,2464,566.7286540966707,0.2931860600603573,0.7844967532467533,0.7844967532467533,0,0,0,0.0,0,0,566.7286540966707,0,0,0,ok,completed,6.684513100000004,df0244e9ea919f41a24d33c303f0c9b691f81eb081b6c5c3c3bb0daef57ba065,492d4cad035985c18923cfde4bc4232fa03b6a93196cdf24efda7f57b3d85ad6,198530974deeb226672fa1c7833b08a1f8dbcb1edfebcca54265fb8c6fe2029f
E7C033,3,MOI,screening,medium,0.75,1,low,moderate,1949,2464,715.7389070895624,0.3672339184656554,0.7909902597402597,0.7909902597402597,0,0,0,0.0,0,0,715.7389070895624,0,0,0,ok,completed,6.687070800000583,fdf083b32927818f7ba2c8aa53ababe13d99eb06cec7b3e807b114d639c8012c,e1e48c4a0d095eaddd1c487f357c5a5231c41cf97c05d582ee656f2824b389b9,167fe17f2845c0abb4c8ae4fadef3a639d3175caa8be5a3bfad2289ab44820bd
E7C033,3,PASI,screening,medium,0.75,1,low,moderate,1949,2464,712.6248500204565,0.36563614675241485,0.7909902597402597,0.7909902597402597,0,0,0,0.0,0,0,712.6248500204565,0,0,0,ok,completed,6.780307099999845,fdf083b32927818f7ba2c8aa53ababe13d99eb06cec7b3e807b114d639c8012c,e1e48c4a0d095eaddd1c487f357c5a5231c41cf97c05d582ee656f2824b389b9,167fe17f2845c0abb4c8ae4fadef3a639d3175caa8be5a3bfad2289ab44820bd
E7C033,4,MOI,screening,medium,0.75,1,low,moderate,1945,2464,640.7356686372857,0.3294270789908924,0.7893668831168831,0.7893668831168831,0,0,0,0.0,0,0,640.7356686372857,0,0,0,ok,completed,6.425478600000133,a09c811a97a72168477996bea5cae221e3be21b35d8313e224ec6b2d2e563dd8,2e4fa65a58cb09ed60334251d14263a9ac2f7df6c2af4ea3d214ae55c8fa675d,900b3cbe52ca15c640325970f3ce0e8b760652475d7cfd34d34777f5c0f6d5f4
E7C033,4,PASI,screening,medium,0.75,1,low,moderate,1945,2464,636.4403672902152,0.32721869783558627,0.7893668831168831,0.7893668831168831,0,0,0,0.0,0,0,636.4403672902152,0,0,0,ok,completed,6.191618299999391,a09c811a97a72168477996bea5cae221e3be21b35d8313e224ec6b2d2e563dd8,2e4fa65a58cb09ed60334251d14263a9ac2f7df6c2af4ea3d214ae55c8fa675d,900b3cbe52ca15c640325970f3ce0e8b760652475d7cfd34d34777f5c0f6d5f4
E7C033,5,MOI,screening,medium,0.75,1,low,moderate,1928,2464,578.367032296529,0.2999829005687391,0.7824675324675324,0.7824675324675324,0,0,0,0.0,0,0,578.367032296529,0,0,0,ok,completed,6.157884600000216,3f9d2d2d43882f17652140e431466432f24708128d4f6afea54f0dc89d31b4f9,a0144a97460eb561ed5ae3c768bb8599f8b0b02944531430c25196e23bb7af33,be671f98bf41b0cd143244b74db86c6465acdd11bd24fd56d9e9e5135e4178e4
E7C033,5,PASI,screening,medium,0.75,1,low,moderate,1928,2464,573.740782888998,0.2975833936146255,0.7824675324675324,0.7824675324675324,0,0,0,0.0,0,0,573.740782888998,0,0,0,ok,completed,6.192681300000004,3f9d2d2d43882f17652140e431466432f24708128d4f6afea54f0dc89d31b4f9,a0144a97460eb561ed5ae3c768bb8599f8b0b02944531430c25196e23bb7af33,be671f98bf41b0cd143244b74db86c6465acdd11bd24fd56d9e9e5135e4178e4
E7C033,6,MOI,screening,medium,0.75,1,low,moderate,1894,2464,526.9688566309958,0.2782306529202723,0.7686688311688312,0.7686688311688312,0,0,0,0.0,0,0,526.9688566309958,0,0,0,ok,completed,6.331857399999535,946035e9be2addf721a815cd2b9a051dff9265f5deb6140d693eee9a431839fc,52fe198786d2ed48372d917ed90519c979331f4eb0cf355898006eb579419719,e6983bf4e3a33cb63aa332880811e82c28be03aec799cb8959e76627dcc2293d
E7C033,6,PASI,screening,medium,0.75,1,low,moderate,1894,2464,521.4201986350286,0.2753010552455272,0.7686688311688312,0.7686688311688312,0,0,0,0.0,0,0,521.4201986350286,0,0,0,ok,completed,6.366421400000036,946035e9be2addf721a815cd2b9a051dff9265f5deb6140d693eee9a431839fc,52fe198786d2ed48372d917ed90519c979331f4eb0cf355898006eb579419719,e6983bf4e3a33cb63aa332880811e82c28be03aec799cb8959e76627dcc2293d
E7C033,7,MOI,screening,medium,0.75,1,low,moderate,1940,2464,535.7815843205716,0.2761760743920472,0.7873376623376623,0.7873376623376623,0,0,0,0.0,0,0,535.7815843205716,0,0,0,ok,completed,6.353632500000458,66a1dabb1c578246ff41f5507e00f5385f498dfe0996ab8076b5045cf229b8a4,60406b0b46e23fe9e145188679264675393880ba816980a155d4f156aa3b9e2a,8196eb271a6592a9aac6fe835a9dfdbdc217bfea78c2c274054bb4afa84ed300
E7C033,7,PASI,screening,medium,0.75,1,low,moderate,1940,2464,531.076746344912,0.2737509001777897,0.7873376623376623,0.7873376623376623,0,0,0,0.0,0,0,531.076746344912,0,0,0,ok,completed,6.374809300000379,66a1dabb1c578246ff41f5507e00f5385f498dfe0996ab8076b5045cf229b8a4,60406b0b46e23fe9e145188679264675393880ba816980a155d4f156aa3b9e2a,8196eb271a6592a9aac6fe835a9dfdbdc217bfea78c2c274054bb4afa84ed300
E7C033,8,MOI,screening,medium,0.75,1,low,moderate,1961,2464,592.0599215562152,0.30191734908527035,0.7958603896103896,0.7958603896103896,0,0,0,0.0,0,0,592.0599215562152,0,0,0,ok,completed,6.25784509999994,3ef71d6b5b3de753cdb418012bc0d13fe5bea52bc8e2465fee6ca58713ce5b1a,bad71a5bf90b2748d558e7bd9e582545259049198d51b02a0d523354be940943,ba94b77c21df6953834e93a643ed71e823d87d726f809b4736a8ee5b9dad4e35
E7C033,8,PASI,screening,medium,0.75,1,low,moderate,1961,2464,587.068191686283,0.29937184685685003,0.7958603896103896,0.7958603896103896,0,0,0,0.0,0,0,587.068191686283,0,0,0,ok,completed,6.308199899999636,3ef71d6b5b3de753cdb418012bc0d13fe5bea52bc8e2465fee6ca58713ce5b1a,bad71a5bf90b2748d558e7bd9e582545259049198d51b02a0d523354be940943,ba94b77c21df6953834e93a643ed71e823d87d726f809b4736a8ee5b9dad4e35
E7C033,9,MOI,screening,medium,0.75,1,low,moderate,1943,2464,618.7561184458281,0.3184539981707813,0.7885551948051948,0.7885551948051948,0,0,0,0.0,0,0,618.7561184458281,0,0,0,ok,completed,6.316829999999754,f4292d060ea4095cd4a251074581960f5216aa080dd253380130be1fa49e5845,d8ff27230a7567657dd1511a6d99211671c9c617f42bc0f652467f3d8d947740,6b578a05ef59d0de6b63f916d6406cf87d9d8c2ae17c6a73fa86fe14c12d7768
E7C033,9,PASI,screening,medium,0.75,1,low,moderate,1943,2464,614.2979179516936,0.31615950486448463,0.7885551948051948,0.7885551948051948,0,0,0,0.0,0,0,614.2979179516936,0,0,0,ok,completed,6.357514900000751,f4292d060ea4095cd4a251074581960f5216aa080dd253380130be1fa49e5845,d8ff27230a7567657dd1511a6d99211671c9c617f42bc0f652467f3d8d947740,6b578a05ef59d0de6b63f916d6406cf87d9d8c2ae17c6a73fa86fe14c12d7768
E7C033,10,MOI,screening,medium,0.75,1,low,moderate,1932,2464,542.8257769722717,0.280965723070534,0.7840909090909091,0.7840909090909091,0,0,0,0.0,0,0,542.8257769722717,0,0,0,ok,completed,6.177255199999308,39fb39cff2f581164b297c9583e6c363cfa52d5de3808a2d23774f98ce3ee5a8,13ce05c5db181772b0626fbe4f1d194081005c45564ad37624e44c30677e0c49,9e87bcebd4d1b5319dcd97617404478efa53a30fbe20248d703b1f076e093820
E7C033,10,PASI,screening,medium,0.75,1,low,moderate,1932,2464,538.0675307408737,0.2785028627023156,0.7840909090909091,0.7840909090909091,0,0,0,0.0,0,0,538.0675307408737,0,0,0,ok,completed,6.097033099999862,39fb39cff2f581164b297c9583e6c363cfa52d5de3808a2d23774f98ce3ee5a8,13ce05c5db181772b0626fbe4f1d194081005c45564ad37624e44c30677e0c49,9e87bcebd4d1b5319dcd97617404478efa53a30fbe20248d703b1f076e093820
E7C034,1,MOI,screening,medium,0.5,1,low,loose,2061,2464,723.2288252347903,0.3509116085564242,0.8364448051948052,0.8364448051948052,0,0,0,0.0,0,0,723.2288252347903,0,0,0,ok,completed,5.94923069998913,85ffcbc7aa05dd74f46233993024f6329d830fa78acc4d396d9be8f6a04b357c,11cef9cb8cbbe9fbae7880ebb50922c001b7b73d11314e6bdd4a7fc541a92f20,ac3c9e8ea09f8a44e01874fc6be8ecd6e82c9c54dc8848c6f0a7ac3b4ba71c35
E7C034,1,PASI,screening,medium,0.5,1,low,loose,2061,2464,719.8249246521902,0.34926003136933054,0.8364448051948052,0.8364448051948052,0,0,0,0.0,0,0,719.8249246521902,0,0,0,ok,completed,6.158226700004889,85ffcbc7aa05dd74f46233993024f6329d830fa78acc4d396d9be8f6a04b357c,11cef9cb8cbbe9fbae7880ebb50922c001b7b73d11314e6bdd4a7fc541a92f20,ac3c9e8ea09f8a44e01874fc6be8ecd6e82c9c54dc8848c6f0a7ac3b4ba71c35
E7C034,2,MOI,screening,medium,0.5,1,low,loose,2066,2464,614.8468823449678,0.29760255679814507,0.838474025974026,0.838474025974026,0,0,0,0.0,0,0,614.8468823449678,0,0,0,ok,completed,6.065437000000202,df0244e9ea919f41a24d33c303f0c9b691f81eb081b6c5c3c3bb0daef57ba065,492d4cad035985c18923cfde4bc4232fa03b6a93196cdf24efda7f57b3d85ad6,e79f3c63bb6a29a3e03f1dd308b1e8ef9da24a5d3d6a1aff51cfbbd0b59a85d2
E7C034,2,PASI,screening,medium,0.5,1,low,loose,2066,2464,610.6653612853037,0.2955785872629737,0.838474025974026,0.838474025974026,0,0,0,0.0,0,0,610.6653612853037,0,0,0,ok,completed,6.0686705999996775,df0244e9ea919f41a24d33c303f0c9b691f81eb081b6c5c3c3bb0daef57ba065,492d4cad035985c18923cfde4bc4232fa03b6a93196cdf24efda7f57b3d85ad6,e79f3c63bb6a29a3e03f1dd308b1e8ef9da24a5d3d6a1aff51cfbbd0b59a85d2
E7C034,3,MOI,screening,medium,0.5,1,low,loose,2090,2464,774.143603148422,0.37040363787005837,0.8482142857142857,0.8482142857142857,0,0,0,0.0,0,0,774.143603148422,0,0,0,ok,completed,6.3369078000005175,fdf083b32927818f7ba2c8aa53ababe13d99eb06cec7b3e807b114d639c8012c,e1e48c4a0d095eaddd1c487f357c5a5231c41cf97c05d582ee656f2824b389b9,9322f6a4de854a939abcc4c6a5ddf04b91b739080b24f7ffc8bdbd2cf120a503
E7C034,3,PASI,screening,medium,0.5,1,low,loose,2090,2464,771.3876672934234,0.36908500827436524,0.8482142857142857,0.8482142857142857,0,0,0,0.0,0,0,771.3876672934234,0,0,0,ok,completed,6.317438199999742,fdf083b32927818f7ba2c8aa53ababe13d99eb06cec7b3e807b114d639c8012c,e1e48c4a0d095eaddd1c487f357c5a5231c41cf97c05d582ee656f2824b389b9,9322f6a4de854a939abcc4c6a5ddf04b91b739080b24f7ffc8bdbd2cf120a503
E7C034,4,MOI,screening,medium,0.5,1,low,loose,2070,2464,684.156704802047,0.3305104854116169,0.8400974025974026,0.8400974025974026,0,0,0,0.0,0,0,684.156704802047,0,0,0,ok,completed,6.319188899999972,a09c811a97a72168477996bea5cae221e3be21b35d8313e224ec6b2d2e563dd8,2e4fa65a58cb09ed60334251d14263a9ac2f7df6c2af4ea3d214ae55c8fa675d,57457ab6e55817166ec71a5158661594bd20f58db2cc46dda94d1fa7c0a47011
E7C034,4,PASI,screening,medium,0.5,1,low,loose,2070,2464,680.477633725228,0.328733156388999,0.8400974025974026,0.8400974025974026,0,0,0,0.0,0,0,680.477633725228,0,0,0,ok,completed,6.342680899999323,a09c811a97a72168477996bea5cae221e3be21b35d8313e224ec6b2d2e563dd8,2e4fa65a58cb09ed60334251d14263a9ac2f7df6c2af4ea3d214ae55c8fa675d,57457ab6e55817166ec71a5158661594bd20f58db2cc46dda94d1fa7c0a47011
E7C034,5,MOI,screening,medium,0.5,1,low,loose,2068,2464,622.1779419686368,0.3008597398300952,0.8392857142857143,0.8392857142857143,0,0,0,0.0,0,0,622.1779419686368,0,0,0,ok,completed,6.037905500000306,3f9d2d2d43882f17652140e431466432f24708128d4f6afea54f0dc89d31b4f9,a0144a97460eb561ed5ae3c768bb8599f8b0b02944531430c25196e23bb7af33,f2eb4f67878f73d9232026803b071870049623316e16bd84acb1be8b073bad85
E7C034,5,PASI,screening,medium,0.5,1,low,loose,2068,2464,617.8966967563813,0.2987895052013449,0.8392857142857143,0.8392857142857143,0,0,0,0.0,0,0,617.8966967563813,0,0,0,ok,completed,6.06652269999995,3f9d2d2d43882f17652140e431466432f24708128d4f6afea54f0dc89d31b4f9,a0144a97460eb561ed5ae3c768bb8599f8b0b02944531430c25196e23bb7af33,f2eb4f67878f73d9232026803b071870049623316e16bd84acb1be8b073bad85
E7C034,6,MOI,screening,medium,0.5,1,low,loose,2039,2464,569.473840299348,0.27929075051463853,0.8275162337662337,0.8275162337662337,0,0,0,0.0,0,0,569.473840299348,0,0,0,ok,completed,6.039925299999595,946035e9be2addf721a815cd2b9a051dff9265f5deb6140d693eee9a431839fc,52fe198786d2ed48372d917ed90519c979331f4eb0cf355898006eb579419719,5d07f37db20f694821f9f471e534d3805b619ae563301b9587833a32420fad06
E7C034,6,PASI,screening,medium,0.5,1,low,loose,2039,2464,564.5714887924296,0.2768864584563166,0.8275162337662337,0.8275162337662337,0,0,0,0.0,0,0,564.5714887924296,0,0,0,ok,completed,6.076145499999257,946035e9be2addf721a815cd2b9a051dff9265f5deb6140d693eee9a431839fc,52fe198786d2ed48372d917ed90519c979331f4eb0cf355898006eb579419719,5d07f37db20f694821f9f471e534d3805b619ae563301b9587833a32420fad06
E7C034,7,MOI,screening,medium,0.5,1,low,loose,2087,2464,579.1922119547389,0.2775238198153996,0.8469967532467533,0.8469967532467533,0,0,0,0.0,0,0,579.1922119547389,0,0,0,ok,completed,6.244674400000804,66a1dabb1c578246ff41f5507e00f5385f498dfe0996ab8076b5045cf229b8a4,60406b0b46e23fe9e145188679264675393880ba816980a155d4f156aa3b9e2a,2412650c0ddac2425cdd8a2136fc93d7348f93235ad2bfb7170ee63e18b4870e
E7C034,7,PASI,screening,medium,0.5,1,low,loose,2087,2464,574.7250187045577,0.27538333430980244,0.8469967532467533,0.8469967532467533,0,0,0,0.0,0,0,574.7250187045577,0,0,0,ok,completed,6.207593699999961,66a1dabb1c578246ff41f5507e00f5385f498dfe0996ab8076b5045cf229b8a4,60406b0b46e23fe9e145188679264675393880ba816980a155d4f156aa3b9e2a,2412650c0ddac2425cdd8a2136fc93d7348f93235ad2bfb7170ee63e18b4870e
E7C034,8,MOI,screening,medium,0.5,1,low,loose,2085,2464,631.5848904486276,0.3029184126851931,0.846185064935065,0.846185064935065,0,0,0,0.0,0,0,631.5848904486276,0,0,0,ok,completed,6.223838599999908,3ef71d6b5b3de753cdb418012bc0d13fe5bea52bc8e2465fee6ca58713ce5b1a,bad71a5bf90b2748d558e7bd9e582545259049198d51b02a0d523354be940943,1e451cf15c0ea533b3da2f5d5f1c82ccf2353246e5117426528da3171c2f2628
E7C034,8,PASI,screening,medium,0.5,1,low,loose,2085,2464,626.9625872954949,0.30070148071726377,0.846185064935065,0.846185064935065,0,0,0,0.0,0,0,626.9625872954949,0,0,0,ok,completed,6.254000599999927,3ef71d6b5b3de753cdb418012bc0d13fe5bea52bc8e2465fee6ca58713ce5b1a,bad71a5bf90b2748d558e7bd9e582545259049198d51b02a0d523354be940943,1e451cf15c0ea533b3da2f5d5f1c82ccf2353246e5117426528da3171c2f2628
E7C034,9,MOI,screening,medium,0.5,1,low,loose,2083,2464,666.8918124809342,0.3201592954781249,0.8453733766233766,0.8453733766233766,0,0,0,0.0,0,0,666.8918124809342,0,0,0,ok,completed,6.067813200000273,f4292d060ea4095cd4a251074581960f5216aa080dd253380130be1fa49e5845,d8ff27230a7567657dd1511a6d99211671c9c617f42bc0f652467f3d8d947740,99df481cc855fdd5e64dd2cd7ed9a966feb2dd258b6fd602f6d7ba8563c6bfaa
E7C034,9,PASI,screening,medium,0.5,1,low,loose,2083,2464,662.9712005417855,0.31827710059615244,0.8453733766233766,0.8453733766233766,0,0,0,0.0,0,0,662.9712005417855,0,0,0,ok,completed,6.117489100000057,f4292d060ea4095cd4a251074581960f5216aa080dd253380130be1fa49e5845,d8ff27230a7567657dd1511a6d99211671c9c617f42bc0f652467f3d8d947740,99df481cc855fdd5e64dd2cd7ed9a966feb2dd258b6fd602f6d7ba8563c6bfaa
E7C034,10,MOI,screening,medium,0.5,1,low,loose,2075,2464,584.4751261223174,0.28167475957702043,0.8421266233766234,0.8421266233766234,0,0,0,0.0,0,0,584.4751261223174,0,0,0,ok,completed,6.1063593999997465,39fb39cff2f581164b297c9583e6c363cfa52d5de3808a2d23774f98ce3ee5a8,13ce05c5db181772b0626fbe4f1d194081005c45564ad37624e44c30677e0c49,1630132f6bf6ea94142c5a53ad55484cb35069ebdc2409b56f1c680e7c9e1d67
E7C034,10,PASI,screening,medium,0.5,1,low,loose,2075,2464,580.1587855235238,0.2795945954330235,0.8421266233766234,0.8421266233766234,0,0,0,0.0,0,0,580.1587855235238,0,0,0,ok,completed,6.104301100000157,39fb39cff2f581164b297c9583e6c363cfa52d5de3808a2d23774f98ce3ee5a8,13ce05c5db181772b0626fbe4f1d194081005c45564ad37624e44c30677e0c49,1630132f6bf6ea94142c5a53ad55484cb35069ebdc2409b56f1c680e7c9e1d67
E7C034,11,MOI,confirmation,medium,0.5,1,low,loose,2053,2464,597.1995847296084,0.29089117619562027,0.833198051948052,0.833198051948052,0,0,0,0.0,0,0,597.1995847296084,0,0,0,ok,completed,6.314676699999836,bcdc29669796bf6b6bccf7e245c476a78fbe550a5d880176ad11112cea4db251,f7706cdce9024d7bd9d25879845ea82c3c6e24e7fd0e7f1f10efac1c7af360c0,c8a6b8fac45767f51cffdb83ce6e3a88f1241c816cf7a2a854206be9fd228266
E7C034,11,PASI,confirmation,medium,0.5,1,low,loose,2053,2464,592.6231402691415,0.2886620264340679,0.833198051948052,0.833198051948052,0,0,0,0.0,0,0,592.6231402691415,0,0,0,ok,completed,6.400487500000054,bcdc29669796bf6b6bccf7e245c476a78fbe550a5d880176ad11112cea4db251,f7706cdce9024d7bd9d25879845ea82c3c6e24e7fd0e7f1f10efac1c7af360c0,c8a6b8fac45767f51cffdb83ce6e3a88f1241c816cf7a2a854206be9fd228266
E7C034,12,MOI,confirmation,medium,0.5,1,low,loose,2063,2464,624.6408347362501,0.3027827604150509,0.8372564935064936,0.8372564935064936,0,0,0,0.0,0,0,624.6408347362501,0,0,0,ok,completed,6.378522900000462,c2c32df8671bf2dee6731de7029d05b3a67cd00533b3b3cb1fe65afec3ba0a5c,a379596a93efb3101269008e362959716e99dcac336dcf482e5a5d1fb502d7f6,0bcfa2d7b71d216d490be1010fbbd041d8d36a7bd4a62ee22647f81c5221ce27
E7C034,12,PASI,confirmation,medium,0.5,1,low,loose,2063,2464,620.9230903138417,0.3009806545389441,0.8372564935064936,0.8372564935064936,0,0,0,0.0,0,0,620.9230903138417,0,0,0,ok,completed,6.402651599999444,c2c32df8671bf2dee6731de7029d05b3a67cd00533b3b3cb1fe65afec3ba0a5c,a379596a93efb3101269008e362959716e99dcac336dcf482e5a5d1fb502d7f6,0bcfa2d7b71d216d490be1010fbbd041d8d36a7bd4a62ee22647f81c5221ce27
E7C034,13,MOI,confirmation,medium,0.5,1,low,loose,2051,2464,774.2132460649536,0.37748086107506273,0.8323863636363636,0.8323863636363636,0,0,0,0.0,0,0,774.2132460649536,0,0,0,ok,completed,6.071132200000648,63e33272eb9ac08ff21a215dac11cb655c85c9eb80a7d76103838eda900a694b,2eb98328a158851ee83fc3c7f5635c01610effee1c25c99cce78fe8564ea1da7,e93735553735a888c69b7d037ab5906b28a05aee0647d942d7ee61e02b05385e
E7C034,13,PASI,confirmation,medium,0.5,1,low,loose,2051,2464,770.8541545281615,0.3758430787558077,0.8323863636363636,0.8323863636363636,0,0,0,0.0,0,0,770.8541545281615,0,0,0,ok,completed,6.221701499999654,63e33272eb9ac08ff21a215dac11cb655c85c9eb80a7d76103838eda900a694b,2eb98328a158851ee83fc3c7f5635c01610effee1c25c99cce78fe8564ea1da7,e93735553735a888c69b7d037ab5906b28a05aee0647d942d7ee61e02b05385e
E7C034,14,MOI,confirmation,medium,0.5,1,low,loose,2072,2464,652.0789469897144,0.3147099165008274,0.8409090909090909,0.8409090909090909,0,0,0,0.0,0,0,652.0789469897144,0,0,0,ok,completed,6.236666499999956,684890ad110ded553a61864b0aa2d72b6b9ab0553a6f60e5424f66f784312ef6,d9f8b33db5de6f0b98ff6fbe3e88f6e8b3e792c7a0ff314c119ad39eb5820357,10c694aee92e5d490cfb100dc0ecf4a70b404317cd57a0cccb0a61fa7fc5adef
E7C034,14,PASI,confirmation,medium,0.5,1,low,loose,2072,2464,648.2010741557772,0.3128383562527882,0.8409090909090909,0.8409090909090909,0,0,0,0.0,0,0,648.2010741557772,0,0,0,ok,completed,6.254387399999359,684890ad110ded553a61864b0aa2d72b6b9ab0553a6f60e5424f66f784312ef6,d9f8b33db5de6f0b98ff6fbe3e88f6e8b3e792c7a0ff314c119ad39eb5820357,10c694aee92e5d490cfb100dc0ecf4a70b404317cd57a0cccb0a61fa7fc5adef
E7C034,15,MOI,confirmation,medium,0.5,1,low,loose,2057,2464,788.9863880678797,0.3835616859834126,0.8348214285714286,0.8348214285714286,0,0,0,0.0,0,0,788.9863880678797,0,0,0,ok,completed,6.0956363000004785,b9adc352754b94bbc326b95b0c56d02bb2e151dff7922858bedc689f95e32a47,0a021ae0dd6dea41777d906289a82dacc0e204ba6317d3d29b9ce45113d2c5f5,55ef004c151283f338cedd5892727ee5aea822646c1c7fb99a978da02f66d5f7
E7C034,15,PASI,confirmation,medium,0.5,1,low,loose,2057,2464,786.2138798711959,0.38221384534331354,0.8348214285714286,0.8348214285714286,0,0,0,0.0,0,0,786.2138798711959,0,0,0,ok,completed,6.062389299999268,b9adc352754b94bbc326b95b0c56d02bb2e151dff7922858bedc689f95e32a47,0a021ae0dd6dea41777d906289a82dacc0e204ba6317d3d29b9ce45113d2c5f5,55ef004c151283f338cedd5892727ee5aea822646c1c7fb99a978da02f66d5f7
E7C034,16,MOI,confirmation,medium,0.5,1,low,loose,2070,2464,702.1133969868566,0.3391852159356795,0.8400974025974026,0.8400974025974026,0,0,0,0.0,0,0,702.1133969868566,0,0,0,ok,completed,6.071893199999977,790650cd63642c18048dfb7cb594c1f24e44c532325a987ec5673c1c0675e7cc,8ba0a3081feafbd776d09ec414b807c7e93091c10454c068b41b7636fe92896a,431547d73115e11551558a8c93445f81543ae32b027bd35e1fb6dde9e0b6244a
E7C034,16,PASI,confirmation,medium,0.5,1,low,loose,2070,2464,698.0729135184387,0.3372332915548013,0.8400974025974026,0.8400974025974026,0,0,0,0.0,0,0,698.0729135184387,0,0,0,ok,completed,6.058046499999364,790650cd63642c18048dfb7cb594c1f24e44c532325a987ec5673c1c0675e7cc,8ba0a3081feafbd776d09ec414b807c7e93091c10454c068b41b7636fe92896a,431547d73115e11551558a8c93445f81543ae32b027bd35e1fb6dde9e0b6244a
E7C034,17,MOI,confirmation,medium,0.5,1,low,loose,2070,2464,692.357307982712,0.33447212946024735,0.8400974025974026,0.8400974025974026,0,0,0,0.0,0,0,692.357307982712,0,0,0,ok,completed,6.304619800000182,7d31f0479e48b7d959ae400e6c46204dc81615d0667fe4e518cc8d009c333653,fb626e6cb61f96dc9da220f8aa2cff956edb93a75022b7045c65b8eec691f343,56859a1ac8bb7b00ccc4f89aee9c6c55fa099ae4da49afb99622e162eaa90e18
E7C034,17,PASI,confirmation,medium,0.5,1,low,loose,2070,2464,689.0733012890646,0.33288565279664956,0.8400974025974026,0.8400974025974026,0,0,0,0.0,0,0,689.0733012890646,0,0,0,ok,completed,6.342813500000375,7d31f0479e48b7d959ae400e6c46204dc81615d0667fe4e518cc8d009c333653,fb626e6cb61f96dc9da220f8aa2cff956edb93a75022b7045c65b8eec691f343,56859a1ac8bb7b00ccc4f89aee9c6c55fa099ae4da49afb99622e162eaa90e18
E7C034,18,MOI,confirmation,medium,0.5,1,low,loose,2107,2464,638.8373976436629,0.3031976258394224,0.8551136363636364,0.8551136363636364,0,0,0,0.0,0,0,638.8373976436629,0,0,0,ok,completed,6.3274922000000515,cca303634e73c2aff071f394d76da01f8397d8a63bd39c4a959ae3a4fc0d2909,5141075eb5dd8f05773739a761e8e9ebb1c7aba8525692bdc14f16cb99f840eb,d94df92538e72ccc2a826ccb8098d96c29c867b343aa02d2296ca01605ce3bb8
E7C034,18,PASI,confirmation,medium,0.5,1,low,loose,2107,2464,634.832648515765,0.3012969380710797,0.8551136363636364,0.8551136363636364,0,0,0,0.0,0,0,634.832648515765,0,0,0,ok,completed,6.33508509999956,cca303634e73c2aff071f394d76da01f8397d8a63bd39c4a959ae3a4fc0d2909,5141075eb5dd8f05773739a761e8e9ebb1c7aba8525692bdc14f16cb99f840eb,d94df92538e72ccc2a826ccb8098d96c29c867b343aa02d2296ca01605ce3bb8
E7C034,19,MOI,confirmation,medium,0.5,1,low,loose,2078,2464,619.7874761587786,0.29826153809373374,0.8433441558441559,0.8433441558441559,0,0,0,0.0,0,0,619.7874761587786,0,0,0,ok,completed,5.96620460000031,67d4d8ea3cc9ec6fe95d3990e228c362166282e38337d5f0c6f7007bf6cd14be,9403b969f38df7b07a6b636b335ac6f7c6650b737e62fa85c7153363c0b0d86d,3edcf55bbfce7e42403217b4db78d6bb4d75be187a32c87a39a827e70b18c831
E7C034,19,PASI,confirmation,medium,0.5,1,low,loose,2078,2464,615.7749731285685,0.2963305934208703,0.8433441558441559,0.8433441558441559,0,0,0,0.0,0,0,615.7749731285685,0,0,0,ok,completed,5.987037500000042,67d4d8ea3cc9ec6fe95d3990e228c362166282e38337d5f0c6f7007bf6cd14be,9403b969f38df7b07a6b636b335ac6f7c6650b737e62fa85c7153363c0b0d86d,3edcf55bbfce7e42403217b4db78d6bb4d75be187a32c87a39a827e70b18c831
E7C034,20,MOI,confirmation,medium,0.5,1,low,loose,2052,2464,630.0385627952818,0.3070363366448742,0.8327922077922078,0.8327922077922078,0,0,0,0.0,0,0,630.0385627952818,0,0,0,ok,completed,5.99901409999984,d2cc60f019e889230990dce8f05c6427c9480695842d03f82d16698da58de11d,aa5c1655f47dd0caf7c02f92320ad81da6e646155f21f96d34f9850f985d09c3,72af018563d20cfe1b42819121c10e2a95e2a399616d0c744690b97720095f11
E7C034,20,PASI,confirmation,medium,0.5,1,low,loose,2052,2464,626.3453474103849,0.30523652407913493,0.8327922077922078,0.8327922077922078,0,0,0,0.0,0,0,626.3453474103849,0,0,0,ok,completed,5.99921489999997,d2cc60f019e889230990dce8f05c6427c9480695842d03f82d16698da58de11d,aa5c1655f47dd0caf7c02f92320ad81da6e646155f21f96d34f9850f985d09c3,72af018563d20cfe1b42819121c10e2a95e2a399616d0c744690b97720095f11
E7C034,21,MOI,confirmation,medium,0.5,1,low,loose,2064,2464,607.2163946574753,0.2941939896596295,0.8376623376623377,0.8376623376623377,0,0,0,0.0,0,0,607.2163946574753,0,0,0,ok,completed,6.0032005000002755,a52635c8e1346fcb791f11569cb222889e8cc056530df389479126c70a15158c,ded53d733a16e2939c3c098abc37364fbeaa338ef2c14fc4b8cb7fd970c9d2ae,ecb8f50c84328a3ac4f7f369b5df312c3adfefc45f921e31055b108f4c8516c3
E7C034,21,PASI,confirmation,medium,0.5,1,low,loose,2064,2464,602.6130747713462,0.2919636990171251,0.8376623376623377,0.8376623376623377,0,0,0,0.0,0,0,602.6130747713462,0,0,0,ok,completed,6.0059753000005,a52635c8e1346fcb791f11569cb222889e8cc056530df389479126c70a15158c,ded53d733a16e2939c3c098abc37364fbeaa338ef2c14fc4b8cb7fd970c9d2ae,ecb8f50c84328a3ac4f7f369b5df312c3adfefc45f921e31055b108f4c8516c3
E7C034,22,MOI,confirmation,medium,0.5,1,low,loose,2034,2464,697.6815686896691,0.3430096207913811,0.825487012987013,0.825487012987013,0,0,0,0.0,0,0,697.6815686896691,0,0,0,ok,completed,6.001171700000668,bdb646d4c9db2fef4b028c14ce081854af31f6e21c478d6116aa889d14c1de34,32da06f494c041bf6e8457599bb6ec9b599a364e06d2cdf9aa41638120d780d9,13835dcca3061e3227fcb985737d4dad24a1bbb76cf7d48bf0ee02681c41514b
E7C034,22,PASI,confirmation,medium,0.5,1,low,loose,2034,2464,694.0956638687724,0.3412466390701929,0.825487012987013,0.825487012987013,0,0,0,0.0,0,0,694.0956638687724,0,0,0,ok,completed,6.002281699999912,bdb646d4c9db2fef4b028c14ce081854af31f6e21c478d6116aa889d14c1de34,32da06f494c041bf6e8457599bb6ec9b599a364e06d2cdf9aa41638120d780d9,13835dcca3061e3227fcb985737d4dad24a1bbb76cf7d48bf0ee02681c41514b
E7C034,23,MOI,confirmation,medium,0.5,1,low,loose,2066,2464,702.4085153524669,0.3399847605771863,0.838474025974026,0.838474025974026,0,0,0,0.0,0,0,702.4085153524669,0,0,0,ok,completed,6.2742293000001155,47a1bb57b5640cee7d8514dd3543eaaa54d1a8d03c2b596fc9d2c7c44c8cf0a6,41693687310bffc7b8336a9acafc966b00f0f7aeb6e44176b82e5ae567c30fe3,8fa540949bac2c917c807a45324321d6a0f4b64f504a71b6bab27a27f9921679
E7C034,23,PASI,confirmation,medium,0.5,1,low,loose,2066,2464,698.1903913868948,0.33794307424341474,0.838474025974026,0.838474025974026,0,0,0,0.0,0,0,698.1903913868948,0,0,0,ok,completed,6.315952900000411,47a1bb57b5640cee7d8514dd3543eaaa54d1a8d03c2b596fc9d2c7c44c8cf0a6,41693687310bffc7b8336a9acafc966b00f0f7aeb6e44176b82e5ae567c30fe3,8fa540949bac2c917c807a45324321d6a0f4b64f504a71b6bab27a27f9921679
E7C034,24,MOI,confirmation,medium,0.5,1,low,loose,2049,2464,612.8939536959247,0.299118571837933,0.8315746753246753,0.8315746753246753,0,0,0,0.0,0,0,612.8939536959247,0,0,0,ok,completed,6.38081080000029,4ccdc4d197f2ebc74a6fb7a23c92d782276b9d0785b0d349523ab42b2cdc4e53,ad7fdb2bc7be9dff62416cd4169b42d277b136e77b3b1ce04a9ba2195e45a182,550dcc30824a6552b7e64280e01b59e264a3ccf26e6fe1b4b6d645916abffd00
E7C034,24,PASI,confirmation,medium,0.5,1,low,loose,2049,2464,608.3734742236991,0.2969123837109317,0.8315746753246753,0.8315746753246753,0,0,0,0.0,0,0,608.3734742236991,0,0,0,ok,completed,6.393909399999757,4ccdc4d197f2ebc74a6fb7a23c92d782276b9d0785b0d349523ab42b2cdc4e53,ad7fdb2bc7be9dff62416cd4169b42d277b136e77b3b1ce04a9ba2195e45a182,550dcc30824a6552b7e64280e01b59e264a3ccf26e6fe1b4b6d645916abffd00
E7C034,25,MOI,confirmation,medium,0.5,1,low,loose,2065,2464,642.2754961894045,0.31102929597549855,0.8380681818181818,0.8380681818181818,0,0,0,0.0,0,0,642.2754961894045,0,0,0,ok,completed,6.106691900000442,baa2ce82b2457712c738a451c0727e1e4ebd1d9218513bbc9633aa35344d3f29,99eab72e72ee86df4094db41395b182bc0b43d791f691a770b2cbf353851271c,f59fec525a5662992c8c4090763880716a7fd3c7d3d1d5d92fdb69aa5fbf5f15
E7C034,25,PASI,confirmation,medium,0.5,1,low,loose,2065,2464,638.5164283515164,0.3092089241411702,0.8380681818181818,0.8380681818181818,0,0,0,0.0,0,0,638.5164283515164,0,0,0,ok,completed,6.1362175000003845,baa2ce82b2457712c738a451c0727e1e4ebd1d9218513bbc9633aa35344d3f29,99eab72e72ee86df4094db41395b182bc0b43d791f691a770b2cbf353851271c,f59fec525a5662992c8c4090763880716a7fd3c7d3d1d5d92fdb69aa5fbf5f15
E7C034,26,MOI,confirmation,medium,0.5,1,low,loose,2079,2464,578.7730536288989,0.27839011718561757,0.84375,0.84375,0,0,0,0.0,0,0,578.7730536288989,0,0,0,ok,completed,6.137247300000126,1d16f58d71f69baec76073233ea553321bd35ffa99cdba316305e9b1068b2d4a,a3434235138dc5d561b3b6d6a1f650c66cf0f67c4476d12aaebcc8e2396ad519,2ff8296aae0083054ef92fb2af765b63c65b7d36ff8f41dd420c8dc0772261a7
E7C034,26,PASI,confirmation,medium,0.5,1,low,loose,2079,2464,573.1169197977883,0.27566951409225027,0.84375,0.84375,0,0,0,0.0,0,0,573.1169197977883,0,0,0,ok,completed,6.15627190000032,1d16f58d71f69baec76073233ea553321bd35ffa99cdba316305e9b1068b2d4a,a3434235138dc5d561b3b6d6a1f650c66cf0f67c4476d12aaebcc8e2396ad519,2ff8296aae0083054ef92fb2af765b63c65b7d36ff8f41dd420c8dc0772261a7
E7C034,27,MOI,confirmation,medium,0.5,1,low,loose,2068,2464,646.9859163523154,0.31285585897113893,0.8392857142857143,0.8392857142857143,0,0,0,0.0,0,0,646.9859163523154,0,0,0,ok,completed,6.3140152999994825,03bd0593d6e0139198a4b742a479208a988c681b57e80666a27d133e1ff8d392,8cfc378df87b1368e3d6661f2e0e4d6adb02448cfbaf417d1515996732f269bc,dbca272d1f005938a857e4bbde5587a5779efc1e1f2f1736f33848558ab718ed
E7C034,27,PASI,confirmation,medium,0.5,1,low,loose,2068,2464,643.6650430970242,0.3112500208399537,0.8392857142857143,0.8392857142857143,0,0,0,0.0,0,0,643.6650430970242,0,0,0,ok,completed,6.323937399999522,03bd0593d6e0139198a4b742a479208a988c681b57e80666a27d133e1ff8d392,8cfc378df87b1368e3d6661f2e0e4d6adb02448cfbaf417d1515996732f269bc,dbca272d1f005938a857e4bbde5587a5779efc1e1f2f1736f33848558ab718ed
E7C034,28,MOI,confirmation,medium,0.5,1,low,loose,2093,2464,716.3607064777154,0.3422650293730126,0.8494318181818182,0.8494318181818182,0,0,0,0.0,0,0,716.3607064777154,0,0,0,ok,completed,6.30716829999983,730cccee99d5acf90e370a4eb2f701a69ec192bc3a25bc1b4b6c851951da9683,0b0df535810243fe4ed7435e88c30b99f0f25d611649525f94f31b59c12be119,63bfaa56d9ecaf47e504f287177ed4fedc84679ce834322d89950a2e15aa12ba
E7C034,28,PASI,confirmation,medium,0.5,1,low,loose,2093,2464,712.9071222252946,0.34061496522947665,0.8494318181818182,0.8494318181818182,0,0,0,0.0,0,0,712.9071222252946,0,0,0,ok,completed,6.316131900000073,730cccee99d5acf90e370a4eb2f701a69ec192bc3a25bc1b4b6c851951da9683,0b0df535810243fe4ed7435e88c30b99f0f25d611649525f94f31b59c12be119,63bfaa56d9ecaf47e504f287177ed4fedc84679ce834322d89950a2e15aa12ba
E7C034,29,MOI,confirmation,medium,0.5,1,low,loose,2075,2464,569.5291919523816,0.2744718997360875,0.8421266233766234,0.8421266233766234,0,0,0,0.0,0,0,569.5291919523816,0,0,0,ok,completed,6.17356479999944,1652211decee0151b52429f6442c65e243255cdb1365e8cfacdb6e91289cb363,a8048f7d5b50f7eae5ece9b76f9717866683008eace3476531c80e8197c4dd59,6a075b8c22cc78c30a6235a9799454691e3ac40f9ca594a8adc1152ed0c67d0e
E7C034,29,PASI,confirmation,medium,0.5,1,low,loose,2075,2464,565.2452901522918,0.2724073687480924,0.8421266233766234,0.8421266233766234,0,0,0,0.0,0,0,565.2452901522918,0,0,0,ok,completed,6.136107399999673,1652211decee0151b52429f6442c65e243255cdb1365e8cfacdb6e91289cb363,a8048f7d5b50f7eae5ece9b76f9717866683008eace3476531c80e8197c4dd59,6a075b8c22cc78c30a6235a9799454691e3ac40f9ca594a8adc1152ed0c67d0e
E7C034,30,MOI,confirmation,medium,0.5,1,low,loose,2041,2464,593.516383299768,0.29079685609983735,0.828327922077922,0.828327922077922,0,0,0,0.0,0,0,593.516383299768,0,0,0,ok,completed,6.167774300000019,87ffc62864a4a72081072c4fd378ff644a0e20bfb18fc2e8800aea42acda897d,a7575d83900f14c8b3204f1f14a59b5097569b6ac97f127ce887a65d4f80c453,8587a2721931503665f0fdad9051c1de4889db0a429ac8d72503193c16ad3846
E7C034,30,PASI,confirmation,medium,0.5,1,low,loose,2041,2464,589.7178287140016,0.2889357318539939,0.828327922077922,0.828327922077922,0,0,0,0.0,0,0,589.7178287140016,0,0,0,ok,completed,6.1482969999997295,87ffc62864a4a72081072c4fd378ff644a0e20bfb18fc2e8800aea42acda897d,a7575d83900f14c8b3204f1f14a59b5097569b6ac97f127ce887a65d4f80c453,8587a2721931503665f0fdad9051c1de4889db0a429ac8d72503193c16ad3846
E7C035,1,MOI,screening,high,0.0,1,medium,strict,2208,3531,789.7805692031433,0.357690475182583,0.6253186066270179,0.6253186066270179,0,0,0,0.0,0,0,789.7805692031433,0,0,0,ok,completed,6.985275700004422,e60a9613cc052e89d5f54455389db3597a9004f2d0eaa3214d6c414d8926d44a,11cef9cb8cbbe9fbae7880ebb50922c001b7b73d11314e6bdd4a7fc541a92f20,f197fe1fc759fa998812ba2423e7ca705d54d5106cc5db01488ca4c8858488e1
E7C035,1,PASI,screening,high,0.0,1,medium,strict,2208,3531,789.7805692031433,0.357690475182583,0.6253186066270179,0.6253186066270179,0,0,0,0.0,0,0,789.7805692031433,0,0,0,ok,completed,7.017261700006202,e60a9613cc052e89d5f54455389db3597a9004f2d0eaa3214d6c414d8926d44a,11cef9cb8cbbe9fbae7880ebb50922c001b7b73d11314e6bdd4a7fc541a92f20,f197fe1fc759fa998812ba2423e7ca705d54d5106cc5db01488ca4c8858488e1
E7C035,2,MOI,screening,high,0.0,1,medium,strict,2197,3531,606.8540896325984,0.2762194308751017,0.6222033418295101,0.6222033418295101,0,0,0,0.0,0,0,606.8540896325984,0,0,0,ok,completed,7.167175800000223,ec6fb6e3e70e4e4cfaf432beb8c8e81197411dc276b4156fadadf46c4149536b,492d4cad035985c18923cfde4bc4232fa03b6a93196cdf24efda7f57b3d85ad6,50d942e0f7a29631213534694379fc4bde8418a0d5e7cd9aa1c6ab2a6afac47b
E7C035,2,PASI,screening,high,0.0,1,medium,strict,2197,3531,606.8540896325984,0.2762194308751017,0.6222033418295101,0.6222033418295101,0,0,0,0.0,0,0,606.8540896325984,0,0,0,ok,completed,7.222254700000121,ec6fb6e3e70e4e4cfaf432beb8c8e81197411dc276b4156fadadf46c4149536b,492d4cad035985c18923cfde4bc4232fa03b6a93196cdf24efda7f57b3d85ad6,50d942e0f7a29631213534694379fc4bde8418a0d5e7cd9aa1c6ab2a6afac47b
E7C035,3,MOI,screening,high,0.0,1,medium,strict,2197,3531,793.6496725284005,0.36124245449631337,0.6222033418295101,0.6222033418295101,0,0,0,0.0,0,0,793.6496725284005,0,0,0,ok,completed,7.202983000000131,c44b94beec3a0f3f02bc5e6fa6cd1528e66f2f4dc81fc3d375d0a2fa4a82c358,e1e48c4a0d095eaddd1c487f357c5a5231c41cf97c05d582ee656f2824b389b9,6e6167f5711291ea4c2c74ea5ff4dae77e5796943a4ffadab99f52bc2dd6a7ef
E7C035,3,PASI,screening,high,0.0,1,medium,strict,2197,3531,793.6496725284005,0.36124245449631337,0.6222033418295101,0.6222033418295101,0,0,0,0.0,0,0,793.6496725284005,0,0,0,ok,completed,7.160019899999497,c44b94beec3a0f3f02bc5e6fa6cd1528e66f2f4dc81fc3d375d0a2fa4a82c358,e1e48c4a0d095eaddd1c487f357c5a5231c41cf97c05d582ee656f2824b389b9,6e6167f5711291ea4c2c74ea5ff4dae77e5796943a4ffadab99f52bc2dd6a7ef
E7C035,4,MOI,screening,high,0.0,1,medium,strict,2186,3531,738.3654748407391,0.3377701165785632,0.6190880770320023,0.6190880770320023,0,0,0,0.0,0,0,738.3654748407391,0,0,0,ok,completed,7.286660500000835,b3523e2089dbd7a32da94bd9af1457f53f613cc29afd93e90d9e37732b37fa40,2e4fa65a58cb09ed60334251d14263a9ac2f7df6c2af4ea3d214ae55c8fa675d,28cedbd051c42bc33f55f09e42d0c8c094e637bac98a58f52c554126fd82bee4
E7C035,4,PASI,screening,high,0.0,1,medium,strict,2186,3531,738.3654748407391,0.3377701165785632,0.6190880770320023,0.6190880770320023,0,0,0,0.0,0,0,738.3654748407391,0,0,0,ok,completed,7.328448699999171,b3523e2089dbd7a32da94bd9af1457f53f613cc29afd93e90d9e37732b37fa40,2e4fa65a58cb09ed60334251d14263a9ac2f7df6c2af4ea3d214ae55c8fa675d,28cedbd051c42bc33f55f09e42d0c8c094e637bac98a58f52c554126fd82bee4
E7C035,5,MOI,screening,high,0.0,1,medium,strict,2184,3531,651.3040802014291,0.2982161539383833,0.6185216652506372,0.6185216652506372,0,0,0,0.0,0,0,651.3040802014291,0,0,0,ok,completed,7.416824799999631,9c91d040fe812b98e9b759b6161595b173d2d116b16ce3708a8597be62bb4e8a,a0144a97460eb561ed5ae3c768bb8599f8b0b02944531430c25196e23bb7af33,e1b1278d81bdb0ecaf580623d26e90c776b331ef0035dc0f889d84e2a991b0da
E7C035,5,PASI,screening,high,0.0,1,medium,strict,2184,3531,651.3040802014291,0.2982161539383833,0.6185216652506372,0.6185216652506372,0,0,0,0.0,0,0,651.3040802014291,0,0,0,ok,completed,7.3874470999999176,9c91d040fe812b98e9b759b6161595b173d2d116b16ce3708a8597be62bb4e8a,a0144a97460eb561ed5ae3c768bb8599f8b0b02944531430c25196e23bb7af33,e1b1278d81bdb0ecaf580623d26e90c776b331ef0035dc0f889d84e2a991b0da
E7C035,6,MOI,screening,high,0.0,1,medium,strict,2203,3531,606.6621200325252,0.2753799909362348,0.6239025771736052,0.6239025771736052,0,0,0,0.0,0,0,606.6621200325252,0,0,0,ok,completed,7.120055299999876,2e819b4fd88809fe30a8e26b180554e99e1dc9845ddda4dd3314189e44d73369,52fe198786d2ed48372d917ed90519c979331f4eb0cf355898006eb579419719,b7be4a72ce25b4df2b5ef8554ad31e389df6fb2802b40a09d491e6fa4d097805
E7C035,6,PASI,screening,high,0.0,1,medium,strict,2203,3531,606.6621200325252,0.2753799909362348,0.6239025771736052,0.6239025771736052,0,0,0,0.0,0,0,606.6621200325252,0,0,0,ok,completed,7.168564300000071,2e819b4fd88809fe30a8e26b180554e99e1dc9845ddda4dd3314189e44d73369,52fe198786d2ed48372d917ed90519c979331f4eb0cf355898006eb579419719,b7be4a72ce25b4df2b5ef8554ad31e389df6fb2802b40a09d491e6fa4d097805
E7C035,7,MOI,screening,high,0.0,1,medium,strict,2174,3531,538.6489752109595,0.2477686178523273,0.615689606343812,0.615689606343812,0,0,0,0.0,0,0,538.6489752109595,0,0,0,ok,completed,7.332052699999622,a4a74c297dd7facbcadc3f2bfea242294af7bea2cb4a29c627d99e29a9dfb6e7,60406b0b46e23fe9e145188679264675393880ba816980a155d4f156aa3b9e2a,50e39e37d92e9459f628207ae0935d12b42f54759c2e1ca384c30c62d13c900c
E7C035,7,PASI,screening,high,0.0,1,medium,strict,2174,3531,538.6489752109595,0.2477686178523273,0.615689606343812,0.615689606343812,0,0,0,0.0,0,0,538.6489752109595,0,0,0,ok,completed,7.310218700000405,a4a74c297dd7facbcadc3f2bfea242294af7bea2cb4a29c627d99e29a9dfb6e7,60406b0b46e23fe9e145188679264675393880ba816980a155d4f156aa3b9e2a,50e39e37d92e9459f628207ae0935d12b42f54759c2e1ca384c30c62d13c900c
E7C035,8,MOI,screening,high,0.0,1,medium,strict,2209,3531,672.4867401960432,0.3044303939321155,0.6256018125177004,0.6256018125177004,0,0,0,0.0,0,0,672.4867401960432,0,0,0,ok,completed,7.404993300000569,2e4d842490f744be05f504ad4e589f453696f55663201363d55bb7b564314928,bad71a5bf90b2748d558e7bd9e582545259049198d51b02a0d523354be940943,4a6e283a327fa50fd89d3aa7a0fa17e4e361f6a1b06dc2f6edb24f238e14cf50
E7C035,8,PASI,screening,high,0.0,1,medium,strict,2209,3531,672.4867401960432,0.3044303939321155,0.6256018125177004,0.6256018125177004,0,0,0,0.0,0,0,672.4867401960432,0,0,0,ok,completed,7.361657800000103,2e4d842490f744be05f504ad4e589f453696f55663201363d55bb7b564314928,bad71a5bf90b2748d558e7bd9e582545259049198d51b02a0d523354be940943,4a6e283a327fa50fd89d3aa7a0fa17e4e361f6a1b06dc2f6edb24f238e14cf50
E7C035,9,MOI,screening,high,0.0,1,medium,strict,2198,3531,746.6228961677174,0.3396828463001444,0.6224865477201926,0.6224865477201926,0,0,0,0.0,0,0,746.6228961677174,0,0,0,ok,completed,7.415934500000731,05644c349dadd2679e3020242271f6c70707fe1f74822a0aab58fe3b5ac86b1b,d8ff27230a7567657dd1511a6d99211671c9c617f42bc0f652467f3d8d947740,1df8e5e84eb51c67665e6a79a7de3f5c368cdd8cb11bbb1c8978ef83297c3be8
E7C035,9,PASI,screening,high,0.0,1,medium,strict,2198,3531,746.6228961677174,0.3396828463001444,0.6224865477201926,0.6224865477201926,0,0,0,0.0,0,0,746.6228961677174,0,0,0,ok,completed,7.407385500000601,05644c349dadd2679e3020242271f6c70707fe1f74822a0aab58fe3b5ac86b1b,d8ff27230a7567657dd1511a6d99211671c9c617f42bc0f652467f3d8d947740,1df8e5e84eb51c67665e6a79a7de3f5c368cdd8cb11bbb1c8978ef83297c3be8
E7C035,10,MOI,screening,high,0.0,1,medium,strict,2208,3531,612.6633690301122,0.2774743519158117,0.6253186066270179,0.6253186066270179,0,0,0,0.0,0,0,612.6633690301122,0,0,0,ok,completed,7.165337099999306,ae2f818058c1f2abf5435b1a214d3adaed90fbe8b8524612ee7f9075b830725b,13ce05c5db181772b0626fbe4f1d194081005c45564ad37624e44c30677e0c49,31bdac58d367e97109b3df9ca73ce9e467c471d6f5ac7af91911d6c2b27e51fb
E7C035,10,PASI,screening,high,0.0,1,medium,strict,2208,3531,612.6633690301122,0.2774743519158117,0.6253186066270179,0.6253186066270179,0,0,0,0.0,0,0,612.6633690301122,0,0,0,ok,completed,7.111377199999879,ae2f818058c1f2abf5435b1a214d3adaed90fbe8b8524612ee7f9075b830725b,13ce05c5db181772b0626fbe4f1d194081005c45564ad37624e44c30677e0c49,31bdac58d367e97109b3df9ca73ce9e467c471d6f5ac7af91911d6c2b27e51fb
E7C036,1,MOI,screening,high,0.0,5,low,loose,2651,3531,967.1392366029311,0.36482053436549644,0.7507788161993769,0.7507788161993769,0,0,0,0.0,0,0,967.1392366029311,0,0,0,ok,completed,6.685148299991852,e60a9613cc052e89d5f54455389db3597a9004f2d0eaa3214d6c414d8926d44a,ec22371983a259c14f4c8d91c29d100c194db3be0b439c722923a20d80c394ef,2456899206a7f54ed32608b907b6946356f89a8eaa67c923056fe7cb4dd56a81
E7C036,1,PASI,screening,high,0.0,5,low,loose,2651,3531,967.1392366029311,0.36482053436549644,0.7507788161993769,0.7507788161993769,0,0,0,0.0,0,0,967.1392366029311,0,0,0,ok,completed,6.876326800003881,e60a9613cc052e89d5f54455389db3597a9004f2d0eaa3214d6c414d8926d44a,ec22371983a259c14f4c8d91c29d100c194db3be0b439c722923a20d80c394ef,2456899206a7f54ed32608b907b6946356f89a8eaa67c923056fe7cb4dd56a81
E7C036,2,MOI,screening,high,0.0,5,low,loose,2664,3531,796.2194375584879,0.29888117025468763,0.7544604927782498,0.7544604927782498,0,0,0,0.0,0,0,796.2194375584879,0,0,0,ok,completed,6.749565199999779,ec6fb6e3e70e4e4cfaf432beb8c8e81197411dc276b4156fadadf46c4149536b,a39b0811c2f464ab764e8dbd8e8b9487ee6f06182940d447e7a4597636aac541,bde1263b9c19892ae83e1f91fb7c0df6e7d9ddc69fc48ff04b657b02dfee8a47
E7C036,2,PASI,screening,high,0.0,5,low,loose,2664,3531,796.2194375584879,0.29888117025468763,0.7544604927782498,0.7544604927782498,0,0,0,0.0,0,0,796.2194375584879,0,0,0,ok,completed,6.7501069999998435,ec6fb6e3e70e4e4cfaf432beb8c8e81197411dc276b4156fadadf46c4149536b,a39b0811c2f464ab764e8dbd8e8b9487ee6f06182940d447e7a4597636aac541,bde1263b9c19892ae83e1f91fb7c0df6e7d9ddc69fc48ff04b657b02dfee8a47
E7C036,3,MOI,screening,high,0.0,5,low,loose,2626,3531,975.967724668757,0.37165564534225326,0.7436986689323138,0.7436986689323138,0,0,0,0.0,0,0,975.967724668757,0,0,0,ok,completed,7.029793899999277,c44b94beec3a0f3f02bc5e6fa6cd1528e66f2f4dc81fc3d375d0a2fa4a82c358,196eb5c9c5c3188bcc0d9b17c0f052bcdd132d6719f36eda010856852aba6a7c,de7cebc5934350fc9e186a71cee9c72e18be7c93563f4d8ed74a0a8fdab5644d
E7C036,3,PASI,screening,high,0.0,5,low,loose,2626,3531,975.967724668757,0.37165564534225326,0.7436986689323138,0.7436986689323138,0,0,0,0.0,0,0,975.967724668757,0,0,0,ok,completed,7.180760300000657,c44b94beec3a0f3f02bc5e6fa6cd1528e66f2f4dc81fc3d375d0a2fa4a82c358,196eb5c9c5c3188bcc0d9b17c0f052bcdd132d6719f36eda010856852aba6a7c,de7cebc5934350fc9e186a71cee9c72e18be7c93563f4d8ed74a0a8fdab5644d
E7C036,4,MOI,screening,high,0.0,5,low,loose,2611,3531,871.3679102873185,0.33372957115561797,0.7394505805720759,0.7394505805720759,0,0,0,0.0,0,0,871.3679102873185,0,0,0,ok,completed,7.1298900000001595,b3523e2089dbd7a32da94bd9af1457f53f613cc29afd93e90d9e37732b37fa40,09efb71e6d62b006f3ec3fe63739503350485a325c5979c3eb9dd05401ca11eb,e9d485ede2b733a779cd0eb0f02a72de962b2363b3b9f7f766e0e6a9eb99c236
E7C036,4,PASI,screening,high,0.0,5,low,loose,2611,3531,871.3679102873185,0.33372957115561797,0.7394505805720759,0.7394505805720759,0,0,0,0.0,0,0,871.3679102873185,0,0,0,ok,completed,7.163283099999717,b3523e2089dbd7a32da94bd9af1457f53f613cc29afd93e90d9e37732b37fa40,09efb71e6d62b006f3ec3fe63739503350485a325c5979c3eb9dd05401ca11eb,e9d485ede2b733a779cd0eb0f02a72de962b2363b3b9f7f766e0e6a9eb99c236
E7C036,5,MOI,screening,high,0.0,5,low,loose,2639,3531,814.4709205951636,0.30862861712586726,0.7473803455111866,0.7473803455111866,0,0,0,0.0,0,0,814.4709205951636,0,0,0,ok,completed,6.9454045000002225,9c91d040fe812b98e9b759b6161595b173d2d116b16ce3708a8597be62bb4e8a,7fae0de04dd792aaec115bd87fa4900b11c746275332ce142fb1f1edf0b209e3,904919ea4fd288ac66fb3b9fb252276415fb60ee19339d393c5958636600f72a
E7C036,5,PASI,screening,high,0.0,5,low,loose,2639,3531,814.4709205951636,0.30862861712586726,0.7473803455111866,0.7473803455111866,0,0,0,0.0,0,0,814.4709205951636,0,0,0,ok,completed,6.856214500000533,9c91d040fe812b98e9b759b6161595b173d2d116b16ce3708a8597be62bb4e8a,7fae0de04dd792aaec115bd87fa4900b11c746275332ce142fb1f1edf0b209e3,904919ea4fd288ac66fb3b9fb252276415fb60ee19339d393c5958636600f72a
E7C036,6,MOI,screening,high,0.0,5,low,loose,2653,3531,743.2869136536895,0.2801684559569127,0.751345227980742,0.751345227980742,0,0,0,0.0,0,0,743.2869136536895,0,0,0,ok,completed,6.803373499999907,2e819b4fd88809fe30a8e26b180554e99e1dc9845ddda4dd3314189e44d73369,b686317ba1a6e585f4fafcf8623be963a470380fad24127d76e6ba6a18026cd4,e4361963e7e6af504178029b389065c010ccbac24050fdc387dced90e8597efa
E7C036,6,PASI,screening,high,0.0,5,low,loose,2653,3531,743.2869136536895,0.2801684559569127,0.751345227980742,0.751345227980742,0,0,0,0.0,0,0,743.2869136536895,0,0,0,ok,completed,6.745691500000248,2e819b4fd88809fe30a8e26b180554e99e1dc9845ddda4dd3314189e44d73369,b686317ba1a6e585f4fafcf8623be963a470380fad24127d76e6ba6a18026cd4,e4361963e7e6af504178029b389065c010ccbac24050fdc387dced90e8597efa
E7C036,7,MOI,screening,high,0.0,5,low,loose,2636,3531,712.1754904115417,0.2701727960590067,0.7465307278391391,0.7465307278391391,0,0,0,0.0,0,0,712.1754904115417,0,0,0,ok,completed,6.81307680000009,a4a74c297dd7facbcadc3f2bfea242294af7bea2cb4a29c627d99e29a9dfb6e7,9ec08ecc0cb27e9bf90bde3fee64591dc1a2f37d471945ce53e7984e871d118d,5c87f30a91fc4cf5e1ae9b4672ce1bd4e3165169fb749abf6446a55c419452c7
E7C036,7,PASI,screening,high,0.0,5,low,loose,2636,3531,712.1754904115417,0.2701727960590067,0.7465307278391391,0.7465307278391391,0,0,0,0.0,0,0,712.1754904115417,0,0,0,ok,completed,6.746138399999836,a4a74c297dd7facbcadc3f2bfea242294af7bea2cb4a29c627d99e29a9dfb6e7,9ec08ecc0cb27e9bf90bde3fee64591dc1a2f37d471945ce53e7984e871d118d,5c87f30a91fc4cf5e1ae9b4672ce1bd4e3165169fb749abf6446a55c419452c7
E7C036,8,MOI,screening,high,0.0,5,low,loose,2696,3531,831.4778935606162,0.30841168158776566,0.7635230812800906,0.7635230812800906,0,0,0,0.0,0,0,831.4778935606162,0,0,0,ok,completed,6.6302231999998185,2e4d842490f744be05f504ad4e589f453696f55663201363d55bb7b564314928,a74c70608042d200f55c80a63d4533bc2b4006310e1bcb6e243189d27ced1990,8908fb30b1168f9dab6a07326b96396e235257e2438e40695fcedadb5abdfdb7
E7C036,8,PASI,screening,high,0.0,5,low,loose,2696,3531,831.4778935606162,0.30841168158776566,0.7635230812800906,0.7635230812800906,0,0,0,0.0,0,0,831.4778935606162,0,0,0,ok,completed,6.639540699999998,2e4d842490f744be05f504ad4e589f453696f55663201363d55bb7b564314928,a74c70608042d200f55c80a63d4533bc2b4006310e1bcb6e243189d27ced1990,8908fb30b1168f9dab6a07326b96396e235257e2438e40695fcedadb5abdfdb7
E7C036,9,MOI,screening,high,0.0,5,low,loose,2663,3531,854.1946312558383,0.3207640372721886,0.7541772868875672,0.7541772868875672,0,0,0,0.0,0,0,854.1946312558383,0,0,0,ok,completed,6.969862200000534,05644c349dadd2679e3020242271f6c70707fe1f74822a0aab58fe3b5ac86b1b,eef667784ad4220f13e2bea32305373753967c565a0d07c5df8ffd696fe9ad56,eeda8fe41f364d6a490b7edcd77510f0facb1b5b42f4547197e94005d0cc4150
E7C036,9,PASI,screening,high,0.0,5,low,loose,2663,3531,854.1946312558383,0.3207640372721886,0.7541772868875672,0.7541772868875672,0,0,0,0.0,0,0,854.1946312558383,0,0,0,ok,completed,7.022435400000177,05644c349dadd2679e3020242271f6c70707fe1f74822a0aab58fe3b5ac86b1b,eef667784ad4220f13e2bea32305373753967c565a0d07c5df8ffd696fe9ad56,eeda8fe41f364d6a490b7edcd77510f0facb1b5b42f4547197e94005d0cc4150
E7C036,10,MOI,screening,high,0.0,5,low,loose,2629,3531,756.9384654339451,0.2879187772666204,0.7445482866043613,0.7445482866043613,0,0,0,0.0,0,0,756.9384654339451,0,0,0,ok,completed,7.0641591000003245,ae2f818058c1f2abf5435b1a214d3adaed90fbe8b8524612ee7f9075b830725b,a7bbcf26013098e02fff4a279a492c8db368cc93c6dd20a5b06fe9ddb0e31d7c,c809c81148cbd066d68e0a00b65f61ce8cbe0f03b960ba70c51741ed613e1f59
E7C036,10,PASI,screening,high,0.0,5,low,loose,2629,3531,756.9384654339451,0.2879187772666204,0.7445482866043613,0.7445482866043613,0,0,0,0.0,0,0,756.9384654339451,0,0,0,ok,completed,6.964878299999327,ae2f818058c1f2abf5435b1a214d3adaed90fbe8b8524612ee7f9075b830725b,a7bbcf26013098e02fff4a279a492c8db368cc93c6dd20a5b06fe9ddb0e31d7c,c809c81148cbd066d68e0a00b65f61ce8cbe0f03b960ba70c51741ed613e1f59
E7C037,1,MOI,screening,low,0.75,1,medium,loose,1123,1206,379.21867101347414,0.33768358950442934,0.9311774461028193,0.9311774461028193,0,0,0,0.0,0,0,379.21867101347414,0,0,0,ok,completed,6.0624179000005824,a6853d1f6a46472be7c9ef37ac0c534128e38eeee9a4af6dc1215c753dd73e8b,11cef9cb8cbbe9fbae7880ebb50922c001b7b73d11314e6bdd4a7fc541a92f20,686a2049308327d90627d5822ac1104f0ab087939a2f403e8e319375a40eb7d7
E7C037,1,PASI,screening,low,0.75,1,medium,loose,1123,1206,375.9844675121531,0.3348036220054792,0.9311774461028193,0.9311774461028193,0,0,0,0.0,0,0,375.9844675121531,0,0,0,ok,completed,5.935338499999489,a6853d1f6a46472be7c9ef37ac0c534128e38eeee9a4af6dc1215c753dd73e8b,11cef9cb8cbbe9fbae7880ebb50922c001b7b73d11314e6bdd4a7fc541a92f20,686a2049308327d90627d5822ac1104f0ab087939a2f403e8e319375a40eb7d7
E7C037,2,MOI,screening,low,0.75,1,medium,loose,1136,1206,300.76887284072507,0.26476133172599037,0.9419568822553898,0.9419568822553898,0,0,0,0.0,0,0,300.76887284072507,0,0,0,ok,completed,5.841999099999157,e7afb3295713137c70e759ced4d1be1c529b43d61136a24b4a4f1ea81f67b788,492d4cad035985c18923cfde4bc4232fa03b6a93196cdf24efda7f57b3d85ad6,2733365ad92d7253cfd23813448abc2986301896e280708097162fee0bad064a
E7C037,2,PASI,screening,low,0.75,1,medium,loose,1136,1206,296.23311562727713,0.2607685877000679,0.9419568822553898,0.9419568822553898,0,0,0,0.0,0,0,296.23311562727713,0,0,0,ok,completed,5.897775100000217,e7afb3295713137c70e759ced4d1be1c529b43d61136a24b4a4f1ea81f67b788,492d4cad035985c18923cfde4bc4232fa03b6a93196cdf24efda7f57b3d85ad6,2733365ad92d7253cfd23813448abc2986301896e280708097162fee0bad064a
E7C037,3,MOI,screening,low,0.75,1,medium,loose,1120,1206,379.99727253544904,0.33928327904950806,0.9286898839137645,0.9286898839137645,0,0,0,0.0,0,0,379.99727253544904,0,0,0,ok,completed,5.934635399999934,6e6ffca284f94f477304cb0337f85cbd41dc716c490254a0fa9f3b509c77d831,e1e48c4a0d095eaddd1c487f357c5a5231c41cf97c05d582ee656f2824b389b9,9b4a005a4cceda1e14e5e273c1d62da2459924d05f80a4abb52ade4e26ccab7f
E7C037,3,PASI,screening,low,0.75,1,medium,loose,1120,1206,376.6526332150686,0.3362969939420255,0.9286898839137645,0.9286898839137645,0,0,0,0.0,0,0,376.6526332150686,0,0,0,ok,completed,5.931910999999673,6e6ffca284f94f477304cb0337f85cbd41dc716c490254a0fa9f3b509c77d831,e1e48c4a0d095eaddd1c487f357c5a5231c41cf97c05d582ee656f2824b389b9,9b4a005a4cceda1e14e5e273c1d62da2459924d05f80a4abb52ade4e26ccab7f
E7C037,4,MOI,screening,low,0.75,1,medium,loose,1123,1206,352.4234336354599,0.31382318222213706,0.9311774461028193,0.9311774461028193,0,0,0,0.0,0,0,352.4234336354599,0,0,0,ok,completed,5.9304025000001275,b479d924483e1b20a309785a611e582afabec5a7decd37ecdaac82a22d643fb3,2e4fa65a58cb09ed60334251d14263a9ac2f7df6c2af4ea3d214ae55c8fa675d,963411167b501080f66ae596f7a3560f2ef8d90ae07a43f77f7bd1c7d9e5b2af
E7C037,4,PASI,screening,low,0.75,1,medium,loose,1123,1206,348.1028988884432,0.3099758672203412,0.9311774461028193,0.9311774461028193,0,0,0,0.0,0,0,348.1028988884432,0,0,0,ok,completed,5.853126699999848,b479d924483e1b20a309785a611e582afabec5a7decd37ecdaac82a22d643fb3,2e4fa65a58cb09ed60334251d14263a9ac2f7df6c2af4ea3d214ae55c8fa675d,963411167b501080f66ae596f7a3560f2ef8d90ae07a43f77f7bd1c7d9e5b2af
E7C037,5,MOI,screening,low,0.75,1,medium,loose,1128,1206,323.916167073133,0.2871597225825647,0.9353233830845771,0.9353233830845771,0,0,0,0.0,0,0,323.916167073133,0,0,0,ok,completed,6.063790100000006,5835ae3525d94e6b2905e151656d3fc4f01a68a364a90e09c2d74fba6ffda3c0,a0144a97460eb561ed5ae3c768bb8599f8b0b02944531430c25196e23bb7af33,0e24580ce883acb70f4f8ba8bb5247eb8a342458afc9cd17b2e675bf15cea262
E7C037,5,PASI,screening,low,0.75,1,medium,loose,1128,1206,319.7613796837959,0.28347640042889705,0.9353233830845771,0.9353233830845771,0,0,0,0.0,0,0,319.7613796837959,0,0,0,ok,completed,6.066365599999699,5835ae3525d94e6b2905e151656d3fc4f01a68a364a90e09c2d74fba6ffda3c0,a0144a97460eb561ed5ae3c768bb8599f8b0b02944531430c25196e23bb7af33,0e24580ce883acb70f4f8ba8bb5247eb8a342458afc9cd17b2e675bf15cea262
E7C037,6,MOI,screening,low,0.75,1,medium,loose,1131,1206,310.40572705577404,0.2744524553985624,0.9378109452736318,0.9378109452736318,0,0,0,0.0,0,0,310.40572705577404,0,0,0,ok,completed,6.178122500000427,f00beec923e5881e89555edc23bc5ed65e1ab571fcb71554186a85292825d71a,52fe198786d2ed48372d917ed90519c979331f4eb0cf355898006eb579419719,e9372d0939b7a8772560bb0a77ddb01e5bc5f878ee3bcaf22e063c2cc4e25c55
E7C037,6,PASI,screening,low,0.75,1,medium,loose,1131,1206,306.32782790529313,0.2708468858579073,0.9378109452736318,0.9378109452736318,0,0,0,0.0,0,0,306.32782790529313,0,0,0,ok,completed,6.218683899999633,f00beec923e5881e89555edc23bc5ed65e1ab571fcb71554186a85292825d71a,52fe198786d2ed48372d917ed90519c979331f4eb0cf355898006eb579419719,e9372d0939b7a8772560bb0a77ddb01e5bc5f878ee3bcaf22e063c2cc4e25c55
E7C037,7,MOI,screening,low,0.75,1,medium,loose,1109,1206,267.5584752062967,0.2412610236305651,0.9195688225538972,0.9195688225538972,0,0,0,0.0,0,0,267.5584752062967,0,0,0,ok,completed,6.189704200000051,699e16a61a72d6f6677c88dc92cd28e4eea46af6652088b2c45b39ce3fa488c6,60406b0b46e23fe9e145188679264675393880ba816980a155d4f156aa3b9e2a,dedfc69b51600a14bdbbb673588e80c497b3c8b05366743bb595171711019148
E7C037,7,PASI,screening,low,0.75,1,medium,loose,1109,1206,262.6211786584041,0.23680899788855195,0.9195688225538972,0.9195688225538972,0,0,0,0.0,0,0,262.6211786584041,0,0,0,ok,completed,6.176756099999693,699e16a61a72d6f6677c88dc92cd28e4eea46af6652088b2c45b39ce3fa488c6,60406b0b46e23fe9e145188679264675393880ba816980a155d4f156aa3b9e2a,dedfc69b51600a14bdbbb673588e80c497b3c8b05366743bb595171711019148
E7C037,8,MOI,screening,low,0.75,1,medium,loose,1112,1206,334.45736303744286,0.30077100992575795,0.9220563847429519,0.9220563847429519,0,0,0,0.0,0,0,334.45736303744286,0,0,0,ok,completed,5.8723305000003165,9339345ab1e47990db2ed9dddddcaaafac158be442d6520f9b1ea59107378204,bad71a5bf90b2748d558e7bd9e582545259049198d51b02a0d523354be940943,bfa9132b08d77660acb1dac05dfe4c28b1bd378c309165a390936150dbd6d595
E7C037,8,PASI,screening,low,0.75,1,medium,loose,1112,1206,330.2729306397581,0.2970080311508616,0.9220563847429519,0.9220563847429519,0,0,0,0.0,0,0,330.2729306397581,0,0,0,ok,completed,5.896949699999823,9339345ab1e47990db2ed9dddddcaaafac158be442d6520f9b1ea59107378204,bad71a5bf90b2748d558e7bd9e582545259049198d51b02a0d523354be940943,bfa9132b08d77660acb1dac05dfe4c28b1bd378c309165a390936150dbd6d595
E7C037,9,MOI,screening,low,0.75,1,medium,loose,1131,1206,371.0315136735137,0.32805615709417657,0.9378109452736318,0.9378109452736318,0,0,0,0.0,0,0,371.0315136735137,0,0,0,ok,completed,6.147485200000119,c36553b74fabe50e893eada5c8015d30900e08b71a488c7ec88c4eec579e7327,d8ff27230a7567657dd1511a6d99211671c9c617f42bc0f652467f3d8d947740,890bcdc7af6a2897f62071a96a133d8b75acc6d380d4ad3421001e31487b759c
E7C037,9,PASI,screening,low,0.75,1,medium,loose,1131,1206,366.843382410074,0.3243531232626649,0.9378109452736318,0.9378109452736318,0,0,0,0.0,0,0,366.843382410074,0,0,0,ok,completed,6.1772711000003255,c36553b74fabe50e893eada5c8015d30900e08b71a488c7ec88c4eec579e7327,d8ff27230a7567657dd1511a6d99211671c9c617f42bc0f652467f3d8d947740,890bcdc7af6a2897f62071a96a133d8b75acc6d380d4ad3421001e31487b759c
E7C037,10,MOI,screening,low,0.75,1,medium,loose,1128,1206,300.5943757820246,0.2664843756932842,0.9353233830845771,0.9353233830845771,0,0,0,0.0,0,0,300.5943757820246,0,0,0,ok,completed,6.184737699999459,b1566d8773caa1272e7a3faaccae636bc93471ce160ad6a4772832b0f691333d,13ce05c5db181772b0626fbe4f1d194081005c45564ad37624e44c30677e0c49,c1e85a312bb13536a7a40a2c62737edb40327562f1fa1bae904bd1b21fcb11a0
E7C037,10,PASI,screening,low,0.75,1,medium,loose,1128,1206,296.7682196150936,0.2630923932757922,0.9353233830845771,0.9353233830845771,0,0,0,0.0,0,0,296.7682196150936,0,0,0,ok,completed,6.1134093000000576,b1566d8773caa1272e7a3faaccae636bc93471ce160ad6a4772832b0f691333d,13ce05c5db181772b0626fbe4f1d194081005c45564ad37624e44c30677e0c49,c1e85a312bb13536a7a40a2c62737edb40327562f1fa1bae904bd1b21fcb11a0
E7C039,1,MOI,screening,high,0.25,1,medium,loose,2651,3531,982.2541753944384,0.3705221333060877,0.7507788161993769,0.7507788161993769,0,0,0,0.0,0,0,982.2541753944384,0,0,0,ok,completed,6.654733000003034,e60a9613cc052e89d5f54455389db3597a9004f2d0eaa3214d6c414d8926d44a,11cef9cb8cbbe9fbae7880ebb50922c001b7b73d11314e6bdd4a7fc541a92f20,9504ac2980294a05d7d8d9bb8596216644f62a512a03a9ef06c96f6942458543
E7C039,1,PASI,screening,high,0.25,1,medium,loose,2651,3531,979.2313279166212,0.3693818664340329,0.7507788161993769,0.7507788161993769,0,0,0,0.0,0,0,979.2313279166212,0,0,0,ok,completed,6.717939900001511,e60a9613cc052e89d5f54455389db3597a9004f2d0eaa3214d6c414d8926d44a,11cef9cb8cbbe9fbae7880ebb50922c001b7b73d11314e6bdd4a7fc541a92f20,9504ac2980294a05d7d8d9bb8596216644f62a512a03a9ef06c96f6942458543
E7C039,2,MOI,screening,high,0.25,1,medium,loose,2664,3531,748.9177854596702,0.28112529484221854,0.7544604927782498,0.7544604927782498,0,0,0,0.0,0,0,748.9177854596702,0,0,0,ok,completed,6.759406299999682,ec6fb6e3e70e4e4cfaf432beb8c8e81197411dc276b4156fadadf46c4149536b,492d4cad035985c18923cfde4bc4232fa03b6a93196cdf24efda7f57b3d85ad6,d6d6daded13836c40c7a45c566b6319128e68671ed10a36f18c0baa63fc1ab93
E7C039,2,PASI,screening,high,0.25,1,medium,loose,2664,3531,745.5731222253333,0.2798697906251251,0.7544604927782498,0.7544604927782498,0,0,0,0.0,0,0,745.5731222253333,0,0,0,ok,completed,6.743860699999459,ec6fb6e3e70e4e4cfaf432beb8c8e81197411dc276b4156fadadf46c4149536b,492d4cad035985c18923cfde4bc4232fa03b6a93196cdf24efda7f57b3d85ad6,d6d6daded13836c40c7a45c566b6319128e68671ed10a36f18c0baa63fc1ab93
E7C039,3,MOI,screening,high,0.25,1,medium,loose,2626,3531,968.7476969163444,0.3689062059848988,0.7436986689323138,0.7436986689323138,0,0,0,0.0,0,0,968.7476969163444,0,0,0,ok,completed,6.9032019000005675,c44b94beec3a0f3f02bc5e6fa6cd1528e66f2f4dc81fc3d375d0a2fa4a82c358,e1e48c4a0d095eaddd1c487f357c5a5231c41cf97c05d582ee656f2824b389b9,56e94b2a15fdf3fb0fc1e9139f2e37d7b10f988b8144df841042d0573ade929b
E7C039,3,PASI,screening,high,0.25,1,medium,loose,2626,3531,966.3282514522575,0.3679848634623981,0.7436986689323138,0.7436986689323138,0,0,0,0.0,0,0,966.3282514522575,0,0,0,ok,completed,6.97627410000041,c44b94beec3a0f3f02bc5e6fa6cd1528e66f2f4dc81fc3d375d0a2fa4a82c358,e1e48c4a0d095eaddd1c487f357c5a5231c41cf97c05d582ee656f2824b389b9,56e94b2a15fdf3fb0fc1e9139f2e37d7b10f988b8144df841042d0573ade929b
E7C039,4,MOI,screening,high,0.25,1,medium,loose,2611,3531,891.4847991374318,0.34143423942452383,0.7394505805720759,0.7394505805720759,0,0,0,0.0,0,0,891.4847991374318,0,0,0,ok,completed,7.046152099999745,b3523e2089dbd7a32da94bd9af1457f53f613cc29afd93e90d9e37732b37fa40,2e4fa65a58cb09ed60334251d14263a9ac2f7df6c2af4ea3d214ae55c8fa675d,185f43ece984e5671724cd6d23996c918dc6e61eae6779e017fb65e231fdf53b
E7C039,4,PASI,screening,high,0.25,1,medium,loose,2611,3531,888.4113550200368,0.3402571256300409,0.7394505805720759,0.7394505805720759,0,0,0,0.0,0,0,888.4113550200368,0,0,0,ok,completed,7.049152800000229,b3523e2089dbd7a32da94bd9af1457f53f613cc29afd93e90d9e37732b37fa40,2e4fa65a58cb09ed60334251d14263a9ac2f7df6c2af4ea3d214ae55c8fa675d,185f43ece984e5671724cd6d23996c918dc6e61eae6779e017fb65e231fdf53b
E7C039,5,MOI,screening,high,0.25,1,medium,loose,2639,3531,807.5668841302352,0.30601246082994893,0.7473803455111866,0.7473803455111866,0,0,0,0.0,0,0,807.5668841302352,0,0,0,ok,completed,6.725538400000005,9c91d040fe812b98e9b759b6161595b173d2d116b16ce3708a8597be62bb4e8a,a0144a97460eb561ed5ae3c768bb8599f8b0b02944531430c25196e23bb7af33,09c360a4923f618ce8c6c2c70c4ac5da4d437cb97938d1382580f28500958214
E7C039,5,PASI,screening,high,0.25,1,medium,loose,2639,3531,803.9491010062702,0.3046415691573589,0.7473803455111866,0.7473803455111866,0,0,0,0.0,0,0,803.9491010062702,0,0,0,ok,completed,6.758587500000431,9c91d040fe812b98e9b759b6161595b173d2d116b16ce3708a8597be62bb4e8a,a0144a97460eb561ed5ae3c768bb8599f8b0b02944531430c25196e23bb7af33,09c360a4923f618ce8c6c2c70c4ac5da4d437cb97938d1382580f28500958214
E7C039,6,MOI,screening,high,0.25,1,medium,loose,2653,3531,749.1431652101946,0.2823758632529946,0.751345227980742,0.751345227980742,0,0,0,0.0,0,0,749.1431652101946,0,0,0,ok,completed,6.6859392000005755,2e819b4fd88809fe30a8e26b180554e99e1dc9845ddda4dd3314189e44d73369,52fe198786d2ed48372d917ed90519c979331f4eb0cf355898006eb579419719,465253745428510ba19258b6bad3a77dc5ab125868860cb7b0775a6a7d306947
E7C039,6,PASI,screening,high,0.25,1,medium,loose,2653,3531,745.0902526987852,0.28084819174473624,0.751345227980742,0.751345227980742,0,0,0,0.0,0,0,745.0902526987852,0,0,0,ok,completed,6.669022299999597,2e819b4fd88809fe30a8e26b180554e99e1dc9845ddda4dd3314189e44d73369,52fe198786d2ed48372d917ed90519c979331f4eb0cf355898006eb579419719,465253745428510ba19258b6bad3a77dc5ab125868860cb7b0775a6a7d306947
E7C039,7,MOI,screening,high,0.25,1,medium,loose,2636,3531,666.790360217805,0.2529553718580444,0.7465307278391391,0.7465307278391391,0,0,0,0.0,0,0,666.790360217805,0,0,0,ok,completed,7.0305836999996245,a4a74c297dd7facbcadc3f2bfea242294af7bea2cb4a29c627d99e29a9dfb6e7,60406b0b46e23fe9e145188679264675393880ba816980a155d4f156aa3b9e2a,017001058e9a3fdbd3cace333092962b55309849b93480aff4816d09aa42f16d
E7C039,7,PASI,screening,high,0.25,1,medium,loose,2636,3531,663.0919552146498,0.25155233505866836,0.7465307278391391,0.7465307278391391,0,0,0,0.0,0,0,663.0919552146498,0,0,0,ok,completed,7.0529168000002755,a4a74c297dd7facbcadc3f2bfea242294af7bea2cb4a29c627d99e29a9dfb6e7,60406b0b46e23fe9e145188679264675393880ba816980a155d4f156aa3b9e2a,017001058e9a3fdbd3cace333092962b55309849b93480aff4816d09aa42f16d
E7C039,8,MOI,screening,high,0.25,1,medium,loose,2696,3531,848.0371809807826,0.3145538505121597,0.7635230812800906,0.7635230812800906,0,0,0,0.0,0,0,848.0371809807826,0,0,0,ok,completed,6.908781500000259,2e4d842490f744be05f504ad4e589f453696f55663201363d55bb7b564314928,bad71a5bf90b2748d558e7bd9e582545259049198d51b02a0d523354be940943,8161269f22efb96714d43b9d4e7ccd751a9c99c1067d15b6ce7206298de2bb6e
E7C039,8,PASI,screening,high,0.25,1,medium,loose,2696,3531,844.1545532182229,0.3131137066833171,0.7635230812800906,0.7635230812800906,0,0,0,0.0,0,0,844.1545532182229,0,0,0,ok,completed,6.885638700000527,2e4d842490f744be05f504ad4e589f453696f55663201363d55bb7b564314928,bad71a5bf90b2748d558e7bd9e582545259049198d51b02a0d523354be940943,8161269f22efb96714d43b9d4e7ccd751a9c99c1067d15b6ce7206298de2bb6e
E7C039,9,MOI,screening,high,0.25,1,medium,loose,2663,3531,917.1774347672318,0.3444151088123289,0.7541772868875672,0.7541772868875672,0,0,0,0.0,0,0,917.1774347672318,0,0,0,ok,completed,6.767452799999774,05644c349dadd2679e3020242271f6c70707fe1f74822a0aab58fe3b5ac86b1b,d8ff27230a7567657dd1511a6d99211671c9c617f42bc0f652467f3d8d947740,ab011a5fbea03689ba5bea3e59a52993582c4b35e7ef8bc87bf96d1e27212b6d
E7C039,9,PASI,screening,high,0.25,1,medium,loose,2663,3531,913.9553522967776,0.34320516421208325,0.7541772868875672,0.7541772868875672,0,0,0,0.0,0,0,913.9553522967776,0,0,0,ok,completed,6.760223799999949,05644c349dadd2679e3020242271f6c70707fe1f74822a0aab58fe3b5ac86b1b,d8ff27230a7567657dd1511a6d99211671c9c617f42bc0f652467f3d8d947740,ab011a5fbea03689ba5bea3e59a52993582c4b35e7ef8bc87bf96d1e27212b6d
E7C039,10,MOI,screening,high,0.25,1,medium,loose,2629,3531,735.5991082047218,0.2798018669474027,0.7445482866043613,0.7445482866043613,0,0,0,0.0,0,0,735.5991082047218,0,0,0,ok,completed,7.012900699999591,ae2f818058c1f2abf5435b1a214d3adaed90fbe8b8524612ee7f9075b830725b,13ce05c5db181772b0626fbe4f1d194081005c45564ad37624e44c30677e0c49,ece43dccfd53bf2086d126f4d07434927870791cf41c855df49fdcd5df842852
E7C039,10,PASI,screening,high,0.25,1,medium,loose,2629,3531,732.1449478935774,0.2784879984380287,0.7445482866043613,0.7445482866043613,0,0,0,0.0,0,0,732.1449478935774,0,0,0,ok,completed,7.006622800000514,ae2f818058c1f2abf5435b1a214d3adaed90fbe8b8524612ee7f9075b830725b,13ce05c5db181772b0626fbe4f1d194081005c45564ad37624e44c30677e0c49,ece43dccfd53bf2086d126f4d07434927870791cf41c855df49fdcd5df842852
E7C040,1,MOI,screening,medium,0.75,5,medium,loose,2061,2464,730.24689458626,0.35431678534025235,0.8364448051948052,0.8364448051948052,0,0,0,0.0,0,0,730.24689458626,0,0,0,ok,completed,5.920553900010418,85ffcbc7aa05dd74f46233993024f6329d830fa78acc4d396d9be8f6a04b357c,ec22371983a259c14f4c8d91c29d100c194db3be0b439c722923a20d80c394ef,940a53aac5220ef878d03d5fb5306f5611b067ff999648c5464d0d50bc764d8c
E7C040,1,PASI,screening,medium,0.75,5,medium,loose,2061,2464,725.0864272878323,0.3518129195962311,0.8364448051948052,0.8364448051948052,0,0,0,0.0,0,0,725.0864272878323,0,0,0,ok,completed,5.964299899991602,85ffcbc7aa05dd74f46233993024f6329d830fa78acc4d396d9be8f6a04b357c,ec22371983a259c14f4c8d91c29d100c194db3be0b439c722923a20d80c394ef,940a53aac5220ef878d03d5fb5306f5611b067ff999648c5464d0d50bc764d8c
E7C040,2,MOI,screening,medium,0.75,5,medium,loose,2066,2464,572.9149970457808,0.27730638772787064,0.838474025974026,0.838474025974026,0,0,0,0.0,0,0,572.9149970457808,0,0,0,ok,completed,6.231990499999483,df0244e9ea919f41a24d33c303f0c9b691f81eb081b6c5c3c3bb0daef57ba065,a39b0811c2f464ab764e8dbd8e8b9487ee6f06182940d447e7a4597636aac541,1499cadbf415a52be069a3db429ddc56d2d22173f66c1f38a58c52e891ef4573
E7C040,2,PASI,screening,medium,0.75,5,medium,loose,2066,2464,568.1433838570084,0.2749967976074581,0.838474025974026,0.838474025974026,0,0,0,0.0,0,0,568.1433838570084,0,0,0,ok,completed,6.291490400000839,df0244e9ea919f41a24d33c303f0c9b691f81eb081b6c5c3c3bb0daef57ba065,a39b0811c2f464ab764e8dbd8e8b9487ee6f06182940d447e7a4597636aac541,1499cadbf415a52be069a3db429ddc56d2d22173f66c1f38a58c52e891ef4573
E7C040,3,MOI,screening,medium,0.75,5,medium,loose,2090,2464,757.1852742759526,0.36228960491672374,0.8482142857142857,0.8482142857142857,0,0,0,0.0,0,0,757.1852742759526,0,0,0,ok,completed,6.2494927999996435,fdf083b32927818f7ba2c8aa53ababe13d99eb06cec7b3e807b114d639c8012c,196eb5c9c5c3188bcc0d9b17c0f052bcdd132d6719f36eda010856852aba6a7c,edcee3e2c573d31f1290ebe687a57ccacbc4ad9ac51cc03731a88d2a2d291e9d
E7C040,3,PASI,screening,medium,0.75,5,medium,loose,2090,2464,753.547026542823,0.3605488165276665,0.8482142857142857,0.8482142857142857,0,0,0,0.0,0,0,753.547026542823,0,0,0,ok,completed,6.235342099999798,fdf083b32927818f7ba2c8aa53ababe13d99eb06cec7b3e807b114d639c8012c,196eb5c9c5c3188bcc0d9b17c0f052bcdd132d6719f36eda010856852aba6a7c,edcee3e2c573d31f1290ebe687a57ccacbc4ad9ac51cc03731a88d2a2d291e9d
E7C040,4,MOI,screening,medium,0.75,5,medium,loose,2070,2464,695.0561864249904,0.33577593547100987,0.8400974025974026,0.8400974025974026,0,0,0,0.0,0,0,695.0561864249904,0,0,0,ok,completed,6.1160626000000775,a09c811a97a72168477996bea5cae221e3be21b35d8313e224ec6b2d2e563dd8,09efb71e6d62b006f3ec3fe63739503350485a325c5979c3eb9dd05401ca11eb,ba7aff6aa10688792cef4ffc9a4356fab3e3d2ce24093c51b158078663385cc7
E7C040,4,PASI,screening,medium,0.75,5,medium,loose,2070,2464,690.1268106743022,0.3333945945286484,0.8400974025974026,0.8400974025974026,0,0,0,0.0,0,0,690.1268106743022,0,0,0,ok,completed,6.046646499999952,a09c811a97a72168477996bea5cae221e3be21b35d8313e224ec6b2d2e563dd8,09efb71e6d62b006f3ec3fe63739503350485a325c5979c3eb9dd05401ca11eb,ba7aff6aa10688792cef4ffc9a4356fab3e3d2ce24093c51b158078663385cc7
E7C040,5,MOI,screening,medium,0.75,5,medium,loose,2068,2464,610.5281066710874,0.29522635719104806,0.8392857142857143,0.8392857142857143,0,0,0,0.0,0,0,610.5281066710874,0,0,0,ok,completed,6.044856299999992,3f9d2d2d43882f17652140e431466432f24708128d4f6afea54f0dc89d31b4f9,7fae0de04dd792aaec115bd87fa4900b11c746275332ce142fb1f1edf0b209e3,94352d6b711a606c14d66d78e4d0cc5f2d1ee2c56955f0cce203f2306faf804b
E7C040,5,PASI,screening,medium,0.75,5,medium,loose,2068,2464,604.860224117233,0.2924856016040778,0.8392857142857143,0.8392857142857143,0,0,0,0.0,0,0,604.860224117233,0,0,0,ok,completed,6.020154900000307,3f9d2d2d43882f17652140e431466432f24708128d4f6afea54f0dc89d31b4f9,7fae0de04dd792aaec115bd87fa4900b11c746275332ce142fb1f1edf0b209e3,94352d6b711a606c14d66d78e4d0cc5f2d1ee2c56955f0cce203f2306faf804b
E7C040,6,MOI,screening,medium,0.75,5,medium,loose,2039,2464,570.8539233980619,0.2799675936233751,0.8275162337662337,0.8275162337662337,0,0,0,0.0,0,0,570.8539233980619,0,0,0,ok,completed,6.256038100000296,946035e9be2addf721a815cd2b9a051dff9265f5deb6140d693eee9a431839fc,b686317ba1a6e585f4fafcf8623be963a470380fad24127d76e6ba6a18026cd4,1d3f9aa38243fb32e117276b131c62cc1d332a4c44fcab6e1533d45e9da5e949
E7C040,6,PASI,screening,medium,0.75,5,medium,loose,2039,2464,565.17227710163,0.27718110696499754,0.8275162337662337,0.8275162337662337,0,0,0,0.0,0,0,565.17227710163,0,0,0,ok,completed,6.3255638000000545,946035e9be2addf721a815cd2b9a051dff9265f5deb6140d693eee9a431839fc,b686317ba1a6e585f4fafcf8623be963a470380fad24127d76e6ba6a18026cd4,1d3f9aa38243fb32e117276b131c62cc1d332a4c44fcab6e1533d45e9da5e949
E7C040,7,MOI,screening,medium,0.75,5,medium,loose,2087,2464,535.1610623630993,0.2564260001739814,0.8469967532467533,0.8469967532467533,0,0,0,0.0,0,0,535.1610623630993,0,0,0,ok,completed,6.28715529999954,66a1dabb1c578246ff41f5507e00f5385f498dfe0996ab8076b5045cf229b8a4,9ec08ecc0cb27e9bf90bde3fee64591dc1a2f37d471945ce53e7984e871d118d,1b0e8b969d3b59df333cbfc8d7f16b9f000250fe9b8323780d36f1c5b6dad131
E7C040,7,PASI,screening,medium,0.75,5,medium,loose,2087,2464,530.5789336312037,0.254230442564065,0.8469967532467533,0.8469967532467533,0,0,0,0.0,0,0,530.5789336312037,0,0,0,ok,completed,6.287530600000537,66a1dabb1c578246ff41f5507e00f5385f498dfe0996ab8076b5045cf229b8a4,9ec08ecc0cb27e9bf90bde3fee64591dc1a2f37d471945ce53e7984e871d118d,1b0e8b969d3b59df333cbfc8d7f16b9f000250fe9b8323780d36f1c5b6dad131
E7C040,8,MOI,screening,medium,0.75,5,medium,loose,2085,2464,637.962957850544,0.3059774378180067,0.846185064935065,0.846185064935065,0,0,0,0.0,0,0,637.962957850544,0,0,0,ok,completed,6.0130788999995275,3ef71d6b5b3de753cdb418012bc0d13fe5bea52bc8e2465fee6ca58713ce5b1a,a74c70608042d200f55c80a63d4533bc2b4006310e1bcb6e243189d27ced1990,49fc5d6e8bb9b4cce969857966ac6c8c924a0dc36429d3e3298dc30fb7265421
E7C040,8,PASI,screening,medium,0.75,5,medium,loose,2085,2464,632.7187729106711,0.30346224120415877,0.846185064935065,0.846185064935065,0,0,0,0.0,0,0,632.7187729106711,0,0,0,ok,completed,6.003835800000161,3ef71d6b5b3de753cdb418012bc0d13fe5bea52bc8e2465fee6ca58713ce5b1a,a74c70608042d200f55c80a63d4533bc2b4006310e1bcb6e243189d27ced1990,49fc5d6e8bb9b4cce969857966ac6c8c924a0dc36429d3e3298dc30fb7265421
E7C040,9,MOI,screening,medium,0.75,5,medium,loose,2083,2464,714.305514411431,0.3429215143597844,0.8453733766233766,0.8453733766233766,0,0,0,0.0,0,0,714.305514411431,0,0,0,ok,completed,6.051124599999639,f4292d060ea4095cd4a251074581960f5216aa080dd253380130be1fa49e5845,eef667784ad4220f13e2bea32305373753967c565a0d07c5df8ffd696fe9ad56,e4e02621d3c2e095083938490d0d49da802eb53bc90d67376fa18397726b3125
E7C040,9,PASI,screening,medium,0.75,5,medium,loose,2083,2464,710.0237595767264,0.34086594314773233,0.8453733766233766,0.8453733766233766,0,0,0,0.0,0,0,710.0237595767264,0,0,0,ok,completed,6.057338300000083,f4292d060ea4095cd4a251074581960f5216aa080dd253380130be1fa49e5845,eef667784ad4220f13e2bea32305373753967c565a0d07c5df8ffd696fe9ad56,e4e02621d3c2e095083938490d0d49da802eb53bc90d67376fa18397726b3125
E7C040,10,MOI,screening,medium,0.75,5,medium,loose,2075,2464,565.7316533846545,0.27264176066730333,0.8421266233766234,0.8421266233766234,0,0,0,0.0,0,0,565.7316533846545,0,0,0,ok,completed,6.007270799999787,39fb39cff2f581164b297c9583e6c363cfa52d5de3808a2d23774f98ce3ee5a8,a7bbcf26013098e02fff4a279a492c8db368cc93c6dd20a5b06fe9ddb0e31d7c,0570316028eb58768e0202e2678608a10f881bd22b6e2cc205c1022275ecf937
E7C040,10,PASI,screening,medium,0.75,5,medium,loose,2075,2464,560.5135259988664,0.2701270004813814,0.8421266233766234,0.8421266233766234,0,0,0,0.0,0,0,560.5135259988664,0,0,0,ok,completed,6.011915800000679,39fb39cff2f581164b297c9583e6c363cfa52d5de3808a2d23774f98ce3ee5a8,a7bbcf26013098e02fff4a279a492c8db368cc93c6dd20a5b06fe9ddb0e31d7c,0570316028eb58768e0202e2678608a10f881bd22b6e2cc205c1022275ecf937
E7C041,1,MOI,screening,low,0.0,1,low,strict,855,1206,283.0617918631782,0.33106642323178737,0.7089552238805971,0.7089552238805971,0,0,0,0.0,0,0,283.0617918631782,0,0,0,ok,completed,6.050639299995964,a6853d1f6a46472be7c9ef37ac0c534128e38eeee9a4af6dc1215c753dd73e8b,11cef9cb8cbbe9fbae7880ebb50922c001b7b73d11314e6bdd4a7fc541a92f20,90f589ae356b94b88e0a414fd7fb2b9bb9cb4d1805e972efd174a93597365c61
E7C041,1,PASI,screening,low,0.0,1,low,strict,855,1206,283.0617918631782,0.33106642323178737,0.7089552238805971,0.7089552238805971,0,0,0,0.0,0,0,283.0617918631782,0,0,0,ok,completed,5.7617343999882,a6853d1f6a46472be7c9ef37ac0c534128e38eeee9a4af6dc1215c753dd73e8b,11cef9cb8cbbe9fbae7880ebb50922c001b7b73d11314e6bdd4a7fc541a92f20,90f589ae356b94b88e0a414fd7fb2b9bb9cb4d1805e972efd174a93597365c61
E7C041,2,MOI,screening,low,0.0,1,low,strict,886,1206,257.48293840745663,0.2906127972996124,0.7346600331674958,0.7346600331674958,0,0,0,0.0,0,0,257.48293840745663,0,0,0,ok,completed,5.779927200000202,e7afb3295713137c70e759ced4d1be1c529b43d61136a24b4a4f1ea81f67b788,492d4cad035985c18923cfde4bc4232fa03b6a93196cdf24efda7f57b3d85ad6,ce3d8e5dee2ae179fe7f2fcb9974fc34749fbe080ef552429613febebad4faad
E7C041,2,PASI,screening,low,0.0,1,low,strict,886,1206,257.48293840745663,0.2906127972996124,0.7346600331674958,0.7346600331674958,0,0,0,0.0,0,0,257.48293840745663,0,0,0,ok,completed,5.797973499999898,e7afb3295713137c70e759ced4d1be1c529b43d61136a24b4a4f1ea81f67b788,492d4cad035985c18923cfde4bc4232fa03b6a93196cdf24efda7f57b3d85ad6,ce3d8e5dee2ae179fe7f2fcb9974fc34749fbe080ef552429613febebad4faad
E7C041,3,MOI,screening,low,0.0,1,low,strict,882,1206,303.3759899514424,0.34396370742793925,0.7313432835820896,0.7313432835820896,0,0,0,0.0,0,0,303.3759899514424,0,0,0,ok,completed,6.084117500000502,6e6ffca284f94f477304cb0337f85cbd41dc716c490254a0fa9f3b509c77d831,e1e48c4a0d095eaddd1c487f357c5a5231c41cf97c05d582ee656f2824b389b9,439b0fefa013aa5eb9a68d6541c272fb869b1925e9b6927863f81604ccd259fe
E7C041,3,PASI,screening,low,0.0,1,low,strict,882,1206,303.3759899514424,0.34396370742793925,0.7313432835820896,0.7313432835820896,0,0,0,0.0,0,0,303.3759899514424,0,0,0,ok,completed,6.152042799999435,6e6ffca284f94f477304cb0337f85cbd41dc716c490254a0fa9f3b509c77d831,e1e48c4a0d095eaddd1c487f357c5a5231c41cf97c05d582ee656f2824b389b9,439b0fefa013aa5eb9a68d6541c272fb869b1925e9b6927863f81604ccd259fe
E7C041,4,MOI,screening,low,0.0,1,low,strict,863,1206,270.5035674428981,0.31344561696743695,0.7155887230514096,0.7155887230514096,0,0,0,0.0,0,0,270.5035674428981,0,0,0,ok,completed,6.1493860000000495,b479d924483e1b20a309785a611e582afabec5a7decd37ecdaac82a22d643fb3,2e4fa65a58cb09ed60334251d14263a9ac2f7df6c2af4ea3d214ae55c8fa675d,10994eb56b276c13ab0f9e96673748a8d04307e70aeee12002c7ed0faacf2ff1
E7C041,4,PASI,screening,low,0.0,1,low,strict,863,1206,270.5035674428981,0.31344561696743695,0.7155887230514096,0.7155887230514096,0,0,0,0.0,0,0,270.5035674428981,0,0,0,ok,completed,6.14666649999981,b479d924483e1b20a309785a611e582afabec5a7decd37ecdaac82a22d643fb3,2e4fa65a58cb09ed60334251d14263a9ac2f7df6c2af4ea3d214ae55c8fa675d,10994eb56b276c13ab0f9e96673748a8d04307e70aeee12002c7ed0faacf2ff1
E7C041,5,MOI,screening,low,0.0,1,low,strict,859,1206,254.41959743973007,0.296181137880943,0.7122719734660033,0.7122719734660033,0,0,0,0.0,0,0,254.41959743973007,0,0,0,ok,completed,5.825410599999486,5835ae3525d94e6b2905e151656d3fc4f01a68a364a90e09c2d74fba6ffda3c0,a0144a97460eb561ed5ae3c768bb8599f8b0b02944531430c25196e23bb7af33,b9cb924bc9a5fa44a634d6c703f90015994251ced8955e16ff764fd33fc10752
E7C041,5,PASI,screening,low,0.0,1,low,strict,859,1206,254.41959743973007,0.296181137880943,0.7122719734660033,0.7122719734660033,0,0,0,0.0,0,0,254.41959743973007,0,0,0,ok,completed,5.850954500000626,5835ae3525d94e6b2905e151656d3fc4f01a68a364a90e09c2d74fba6ffda3c0,a0144a97460eb561ed5ae3c768bb8599f8b0b02944531430c25196e23bb7af33,b9cb924bc9a5fa44a634d6c703f90015994251ced8955e16ff764fd33fc10752
E7C041,6,MOI,screening,low,0.0,1,low,strict,856,1206,238.7284568764489,0.278888384201459,0.7097844112769486,0.7097844112769486,0,0,0,0.0,0,0,238.7284568764489,0,0,0,ok,completed,5.817705299999943,f00beec923e5881e89555edc23bc5ed65e1ab571fcb71554186a85292825d71a,52fe198786d2ed48372d917ed90519c979331f4eb0cf355898006eb579419719,a504c22179cda2661aa5a3851787a0f8a9419de1a7cf5c5888ccfdd40ca8af0d
E7C041,6,PASI,screening,low,0.0,1,low,strict,856,1206,238.7284568764489,0.278888384201459,0.7097844112769486,0.7097844112769486,0,0,0,0.0,0,0,238.7284568764489,0,0,0,ok,completed,5.830523500000709,f00beec923e5881e89555edc23bc5ed65e1ab571fcb71554186a85292825d71a,52fe198786d2ed48372d917ed90519c979331f4eb0cf355898006eb579419719,a504c22179cda2661aa5a3851787a0f8a9419de1a7cf5c5888ccfdd40ca8af0d
E7C041,7,MOI,screening,low,0.0,1,low,strict,882,1206,237.8560688452333,0.2696780825909675,0.7313432835820896,0.7313432835820896,0,0,0,0.0,0,0,237.8560688452333,0,0,0,ok,completed,6.085686200000055,699e16a61a72d6f6677c88dc92cd28e4eea46af6652088b2c45b39ce3fa488c6,60406b0b46e23fe9e145188679264675393880ba816980a155d4f156aa3b9e2a,4babce84ab00e9c6647ed1c0267e3b454a3ee85231cdf03467adadd25c03badd
E7C041,7,PASI,screening,low,0.0,1,low,strict,882,1206,237.8560688452333,0.2696780825909675,0.7313432835820896,0.7313432835820896,0,0,0,0.0,0,0,237.8560688452333,0,0,0,ok,completed,6.086544600000707,699e16a61a72d6f6677c88dc92cd28e4eea46af6652088b2c45b39ce3fa488c6,60406b0b46e23fe9e145188679264675393880ba816980a155d4f156aa3b9e2a,4babce84ab00e9c6647ed1c0267e3b454a3ee85231cdf03467adadd25c03badd
E7C041,8,MOI,screening,low,0.0,1,low,strict,843,1206,257.70862742692555,0.30570418437357716,0.6990049751243781,0.6990049751243781,0,0,0,0.0,0,0,257.70862742692555,0,0,0,ok,completed,6.1779245000006995,9339345ab1e47990db2ed9dddddcaaafac158be442d6520f9b1ea59107378204,bad71a5bf90b2748d558e7bd9e582545259049198d51b02a0d523354be940943,122544f7f5590357e4d060abb2bfd8efb41187eff8a41f686a38296b945b1e36
E7C041,8,PASI,screening,low,0.0,1,low,strict,843,1206,257.70862742692555,0.30570418437357716,0.6990049751243781,0.6990049751243781,0,0,0,0.0,0,0,257.70862742692555,0,0,0,ok,completed,6.185503300000164,9339345ab1e47990db2ed9dddddcaaafac158be442d6520f9b1ea59107378204,bad71a5bf90b2748d558e7bd9e582545259049198d51b02a0d523354be940943,122544f7f5590357e4d060abb2bfd8efb41187eff8a41f686a38296b945b1e36
E7C041,9,MOI,screening,low,0.0,1,low,strict,867,1206,272.01710883841855,0.3137452235737238,0.7189054726368159,0.7189054726368159,0,0,0,0.0,0,0,272.01710883841855,0,0,0,ok,completed,6.10177560000011,c36553b74fabe50e893eada5c8015d30900e08b71a488c7ec88c4eec579e7327,d8ff27230a7567657dd1511a6d99211671c9c617f42bc0f652467f3d8d947740,b1bf0b556225dbe2247b29695d637506d07dfbe03170fef721db4eb092b69703
E7C041,9,PASI,screening,low,0.0,1,low,strict,867,1206,272.01710883841855,0.3137452235737238,0.7189054726368159,0.7189054726368159,0,0,0,0.0,0,0,272.01710883841855,0,0,0,ok,completed,6.1398693000001,c36553b74fabe50e893eada5c8015d30900e08b71a488c7ec88c4eec579e7327,d8ff27230a7567657dd1511a6d99211671c9c617f42bc0f652467f3d8d947740,b1bf0b556225dbe2247b29695d637506d07dfbe03170fef721db4eb092b69703
E7C041,10,MOI,screening,low,0.0,1,low,strict,873,1206,242.22590552273113,0.27746380930438846,0.7238805970149254,0.7238805970149254,0,0,0,0.0,0,0,242.22590552273113,0,0,0,ok,completed,5.966995499999939,b1566d8773caa1272e7a3faaccae636bc93471ce160ad6a4772832b0f691333d,13ce05c5db181772b0626fbe4f1d194081005c45564ad37624e44c30677e0c49,82a40c746e23b921c5f33b1a2c3c8294eea3731f1c8ea3848265854fc62461e9
E7C041,10,PASI,screening,low,0.0,1,low,strict,873,1206,242.22590552273113,0.27746380930438846,0.7238805970149254,0.7238805970149254,0,0,0,0.0,0,0,242.22590552273113,0,0,0,ok,completed,6.007797999999639,b1566d8773caa1272e7a3faaccae636bc93471ce160ad6a4772832b0f691333d,13ce05c5db181772b0626fbe4f1d194081005c45564ad37624e44c30677e0c49,82a40c746e23b921c5f33b1a2c3c8294eea3731f1c8ea3848265854fc62461e9
E7C042,1,MOI,screening,medium,0.0,20,low,moderate,1894,2464,659.5043260570462,0.3482071415295915,0.7686688311688312,0.7686688311688312,0,0,0,0.0,0,0,659.5043260570462,0,0,0,ok,completed,6.023485500001698,85ffcbc7aa05dd74f46233993024f6329d830fa78acc4d396d9be8f6a04b357c,d66ab3746ae69bf57359cac1f8b1c6eb618a7244b4bd06dae91814cf786b2a77,37d4b0bd04a6f5ca6e18bb7ebd96b0ae6ea4b1370df460b9f26df10a1bdd33e3
E7C042,1,PASI,screening,medium,0.0,20,low,moderate,1894,2464,659.5043260570462,0.3482071415295915,0.7686688311688312,0.7686688311688312,0,0,0,0.0,0,0,659.5043260570462,0,0,0,ok,completed,6.1171193000045605,85ffcbc7aa05dd74f46233993024f6329d830fa78acc4d396d9be8f6a04b357c,d66ab3746ae69bf57359cac1f8b1c6eb618a7244b4bd06dae91814cf786b2a77,37d4b0bd04a6f5ca6e18bb7ebd96b0ae6ea4b1370df460b9f26df10a1bdd33e3
E7C042,2,MOI,screening,medium,0.0,20,low,moderate,1933,2464,571.3273404717531,0.2955651011235143,0.7844967532467533,0.7844967532467533,0,0,0,0.0,0,0,571.3273404717531,0,0,0,ok,completed,6.336401800000203,df0244e9ea919f41a24d33c303f0c9b691f81eb081b6c5c3c3bb0daef57ba065,dae307466c0f2d7e7699b903b80d1e23544f00c41db5e1304b43ec51263cb44e,851cbf2b094c3229475bfa508277c534871f00dbf1b279cd31f92097c1fdd1e0
E7C042,2,PASI,screening,medium,0.0,20,low,moderate,1933,2464,571.3273404717531,0.2955651011235143,0.7844967532467533,0.7844967532467533,0,0,0,0.0,0,0,571.3273404717531,0,0,0,ok,completed,6.303460000000086,df0244e9ea919f41a24d33c303f0c9b691f81eb081b6c5c3c3bb0daef57ba065,dae307466c0f2d7e7699b903b80d1e23544f00c41db5e1304b43ec51263cb44e,851cbf2b094c3229475bfa508277c534871f00dbf1b279cd31f92097c1fdd1e0
E7C042,3,MOI,screening,medium,0.0,20,low,moderate,1949,2464,715.7389070895624,0.3672339184656554,0.7909902597402597,0.7909902597402597,0,0,0,0.0,0,0,715.7389070895624,0,0,0,ok,completed,6.045206599999801,fdf083b32927818f7ba2c8aa53ababe13d99eb06cec7b3e807b114d639c8012c,e4cdbc8f20cac984f5e330304cac803c185b55cf405a0586e7fac72c62462b8d,4763d8a9181f72ca76868964840cef9203ce6e0a3055f82fd09cf7781e148c21
E7C042,3,PASI,screening,medium,0.0,20,low,moderate,1949,2464,715.7389070895624,0.3672339184656554,0.7909902597402597,0.7909902597402597,0,0,0,0.0,0,0,715.7389070895624,0,0,0,ok,completed,6.065768000000389,fdf083b32927818f7ba2c8aa53ababe13d99eb06cec7b3e807b114d639c8012c,e4cdbc8f20cac984f5e330304cac803c185b55cf405a0586e7fac72c62462b8d,4763d8a9181f72ca76868964840cef9203ce6e0a3055f82fd09cf7781e148c21
E7C042,4,MOI,screening,medium,0.0,20,low,moderate,1945,2464,640.7356686372857,0.3294270789908924,0.7893668831168831,0.7893668831168831,0,0,0,0.0,0,0,640.7356686372857,0,0,0,ok,completed,6.085421400000087,a09c811a97a72168477996bea5cae221e3be21b35d8313e224ec6b2d2e563dd8,b27c00ae6aa33cfc0565d19aa920482babeef332343d8559989dc93b8cc2acdb,2ebf717ebdab1f64d3c7f2bc2c12434cc7a28b95bbc8f660008c284c53ea8df5
E7C042,4,PASI,screening,medium,0.0,20,low,moderate,1945,2464,640.7356686372857,0.3294270789908924,0.7893668831168831,0.7893668831168831,0,0,0,0.0,0,0,640.7356686372857,0,0,0,ok,completed,6.167341500000475,a09c811a97a72168477996bea5cae221e3be21b35d8313e224ec6b2d2e563dd8,b27c00ae6aa33cfc0565d19aa920482babeef332343d8559989dc93b8cc2acdb,2ebf717ebdab1f64d3c7f2bc2c12434cc7a28b95bbc8f660008c284c53ea8df5
E7C042,5,MOI,screening,medium,0.0,20,low,moderate,1928,2464,578.367032296529,0.2999829005687391,0.7824675324675324,0.7824675324675324,0,0,0,0.0,0,0,578.367032296529,0,0,0,ok,completed,6.265668899999582,3f9d2d2d43882f17652140e431466432f24708128d4f6afea54f0dc89d31b4f9,31b612abdfd0c127827079ee50fea19181189832da19f892a32bd95109089da5,84b6727a9ae571a0bfee028bf7c7fcd37b865be2496a16bf9a22e577cce961a9
E7C042,5,PASI,screening,medium,0.0,20,low,moderate,1928,2464,578.367032296529,0.2999829005687391,0.7824675324675324,0.7824675324675324,0,0,0,0.0,0,0,578.367032296529,0,0,0,ok,completed,6.271374300000389,3f9d2d2d43882f17652140e431466432f24708128d4f6afea54f0dc89d31b4f9,31b612abdfd0c127827079ee50fea19181189832da19f892a32bd95109089da5,84b6727a9ae571a0bfee028bf7c7fcd37b865be2496a16bf9a22e577cce961a9
E7C042,6,MOI,screening,medium,0.0,20,low,moderate,1894,2464,526.9688566309958,0.2782306529202723,0.7686688311688312,0.7686688311688312,0,0,0,0.0,0,0,526.9688566309958,0,0,0,ok,completed,6.257994399999916,946035e9be2addf721a815cd2b9a051dff9265f5deb6140d693eee9a431839fc,11cb1d2cc52ef078d70aba72f90a0ee04eadee8f538c44070cab74678943ea17,0084b24d16349c106cc31dc0abe7e7ce78b67eca3578b5832552823d7c09e128
E7C042,6,PASI,screening,medium,0.0,20,low,moderate,1894,2464,526.9688566309958,0.2782306529202723,0.7686688311688312,0.7686688311688312,0,0,0,0.0,0,0,526.9688566309958,0,0,0,ok,completed,6.248494899999969,946035e9be2addf721a815cd2b9a051dff9265f5deb6140d693eee9a431839fc,11cb1d2cc52ef078d70aba72f90a0ee04eadee8f538c44070cab74678943ea17,0084b24d16349c106cc31dc0abe7e7ce78b67eca3578b5832552823d7c09e128
E7C042,7,MOI,screening,medium,0.0,20,low,moderate,1940,2464,535.7815843205716,0.2761760743920472,0.7873376623376623,0.7873376623376623,0,0,0,0.0,0,0,535.7815843205716,0,0,0,ok,completed,6.226615300000049,66a1dabb1c578246ff41f5507e00f5385f498dfe0996ab8076b5045cf229b8a4,743a26a15c4e74c6298bfab744dedc3455ab63886040084903705f73a56f26e1,790ae3ad024aa193547c309b882bb2aebd47c9de21cc3a6c84f4a07748d0745e
E7C042,7,PASI,screening,medium,0.0,20,low,moderate,1940,2464,535.7815843205716,0.2761760743920472,0.7873376623376623,0.7873376623376623,0,0,0,0.0,0,0,535.7815843205716,0,0,0,ok,completed,6.200459100000444,66a1dabb1c578246ff41f5507e00f5385f498dfe0996ab8076b5045cf229b8a4,743a26a15c4e74c6298bfab744dedc3455ab63886040084903705f73a56f26e1,790ae3ad024aa193547c309b882bb2aebd47c9de21cc3a6c84f4a07748d0745e
E7C042,8,MOI,screening,medium,0.0,20,low,moderate,1961,2464,592.0599215562152,0.30191734908527035,0.7958603896103896,0.7958603896103896,0,0,0,0.0,0,0,592.0599215562152,0,0,0,ok,completed,5.965911199999937,3ef71d6b5b3de753cdb418012bc0d13fe5bea52bc8e2465fee6ca58713ce5b1a,03477e9b5e7807e00eed284eb79c3662d8792fcbfa50a802900cdd4df9a90a23,fe6e24eaa2f095a321b9c048c965daf3e4ad36c9f1a9d025263def20ff9950e1
E7C042,8,PASI,screening,medium,0.0,20,low,moderate,1961,2464,592.0599215562152,0.30191734908527035,0.7958603896103896,0.7958603896103896,0,0,0,0.0,0,0,592.0599215562152,0,0,0,ok,completed,6.019022099999347,3ef71d6b5b3de753cdb418012bc0d13fe5bea52bc8e2465fee6ca58713ce5b1a,03477e9b5e7807e00eed284eb79c3662d8792fcbfa50a802900cdd4df9a90a23,fe6e24eaa2f095a321b9c048c965daf3e4ad36c9f1a9d025263def20ff9950e1
E7C042,9,MOI,screening,medium,0.0,20,low,moderate,1943,2464,618.7561184458281,0.3184539981707813,0.7885551948051948,0.7885551948051948,0,0,0,0.0,0,0,618.7561184458281,0,0,0,ok,completed,5.9371484000002965,f4292d060ea4095cd4a251074581960f5216aa080dd253380130be1fa49e5845,ed621ecb1233543fcbc3c2f9d986dc598487aea5a586b8bb72eacf55cddb9601,8b7e66decb73939e3ac7b4518ff505a395a1b5b52e8ddc0dcb63157c8808614e
E7C042,9,PASI,screening,medium,0.0,20,low,moderate,1943,2464,618.7561184458281,0.3184539981707813,0.7885551948051948,0.7885551948051948,0,0,0,0.0,0,0,618.7561184458281,0,0,0,ok,completed,5.963082500000382,f4292d060ea4095cd4a251074581960f5216aa080dd253380130be1fa49e5845,ed621ecb1233543fcbc3c2f9d986dc598487aea5a586b8bb72eacf55cddb9601,8b7e66decb73939e3ac7b4518ff505a395a1b5b52e8ddc0dcb63157c8808614e
E7C042,10,MOI,screening,medium,0.0,20,low,moderate,1932,2464,542.8257769722717,0.280965723070534,0.7840909090909091,0.7840909090909091,0,0,0,0.0,0,0,542.8257769722717,0,0,0,ok,completed,6.177858699999888,39fb39cff2f581164b297c9583e6c363cfa52d5de3808a2d23774f98ce3ee5a8,9c60b9e25328b057cf6a4dd4974b802aa788ec4fc8637aaf005ce5cbe082d122,85a9ca6f543a12eb063bfad058bdb2390e50de690d4a8a10c779c80b8f5f9a67
E7C042,10,PASI,screening,medium,0.0,20,low,moderate,1932,2464,542.8257769722717,0.280965723070534,0.7840909090909091,0.7840909090909091,0,0,0,0.0,0,0,542.8257769722717,0,0,0,ok,completed,6.224759799999447,39fb39cff2f581164b297c9583e6c363cfa52d5de3808a2d23774f98ce3ee5a8,9c60b9e25328b057cf6a4dd4974b802aa788ec4fc8637aaf005ce5cbe082d122,85a9ca6f543a12eb063bfad058bdb2390e50de690d4a8a10c779c80b8f5f9a67
E7C043,1,MOI,screening,medium,0.0,1,medium,loose,2061,2464,730.24689458626,0.35431678534025235,0.8364448051948052,0.8364448051948052,0,0,0,0.0,0,0,730.24689458626,0,0,0,ok,completed,6.240766000002623,85ffcbc7aa05dd74f46233993024f6329d830fa78acc4d396d9be8f6a04b357c,11cef9cb8cbbe9fbae7880ebb50922c001b7b73d11314e6bdd4a7fc541a92f20,8464edfad12a2c6af463ffd99be40ac30b9836b7b58fea708893e85c7473492c
E7C043,1,PASI,screening,medium,0.0,1,medium,loose,2061,2464,730.24689458626,0.35431678534025235,0.8364448051948052,0.8364448051948052,0,0,0,0.0,0,0,730.24689458626,0,0,0,ok,completed,5.882448799995473,85ffcbc7aa05dd74f46233993024f6329d830fa78acc4d396d9be8f6a04b357c,11cef9cb8cbbe9fbae7880ebb50922c001b7b73d11314e6bdd4a7fc541a92f20,8464edfad12a2c6af463ffd99be40ac30b9836b7b58fea708893e85c7473492c
E7C043,2,MOI,screening,medium,0.0,1,medium,loose,2066,2464,572.9149970457808,0.27730638772787064,0.838474025974026,0.838474025974026,0,0,0,0.0,0,0,572.9149970457808,0,0,0,ok,completed,6.228670299999976,df0244e9ea919f41a24d33c303f0c9b691f81eb081b6c5c3c3bb0daef57ba065,492d4cad035985c18923cfde4bc4232fa03b6a93196cdf24efda7f57b3d85ad6,62b71327dd726dd22ad48402173009c16f1acdb82863862c6205059967ca93e8
E7C043,2,PASI,screening,medium,0.0,1,medium,loose,2066,2464,572.9149970457808,0.27730638772787064,0.838474025974026,0.838474025974026,0,0,0,0.0,0,0,572.9149970457808,0,0,0,ok,completed,6.204170800000611,df0244e9ea919f41a24d33c303f0c9b691f81eb081b6c5c3c3bb0daef57ba065,492d4cad035985c18923cfde4bc4232fa03b6a93196cdf24efda7f57b3d85ad6,62b71327dd726dd22ad48402173009c16f1acdb82863862c6205059967ca93e8
E7C043,3,MOI,screening,medium,0.0,1,medium,loose,2090,2464,757.1852742759526,0.36228960491672374,0.8482142857142857,0.8482142857142857,0,0,0,0.0,0,0,757.1852742759526,0,0,0,ok,completed,6.243589100000463,fdf083b32927818f7ba2c8aa53ababe13d99eb06cec7b3e807b114d639c8012c,e1e48c4a0d095eaddd1c487f357c5a5231c41cf97c05d582ee656f2824b389b9,4160801c30a0a095a38e57df10accf314d4a3611c83a18f5101eca5ca1978955
E7C043,3,PASI,screening,medium,0.0,1,medium,loose,2090,2464,757.1852742759526,0.36228960491672374,0.8482142857142857,0.8482142857142857,0,0,0,0.0,0,0,757.1852742759526,0,0,0,ok,completed,6.263153699999748,fdf083b32927818f7ba2c8aa53ababe13d99eb06cec7b3e807b114d639c8012c,e1e48c4a0d095eaddd1c487f357c5a5231c41cf97c05d582ee656f2824b389b9,4160801c30a0a095a38e57df10accf314d4a3611c83a18f5101eca5ca1978955
E7C043,4,MOI,screening,medium,0.0,1,medium,loose,2070,2464,695.0561864249904,0.33577593547100987,0.8400974025974026,0.8400974025974026,0,0,0,0.0,0,0,695.0561864249904,0,0,0,ok,completed,6.2814620999997715,a09c811a97a72168477996bea5cae221e3be21b35d8313e224ec6b2d2e563dd8,2e4fa65a58cb09ed60334251d14263a9ac2f7df6c2af4ea3d214ae55c8fa675d,2dd26e478707b471247b76ffcae261c5826473f7052152e840311570007da711
E7C043,4,PASI,screening,medium,0.0,1,medium,loose,2070,2464,695.0561864249904,0.33577593547100987,0.8400974025974026,0.8400974025974026,0,0,0,0.0,0,0,695.0561864249904,0,0,0,ok,completed,6.261875399999553,a09c811a97a72168477996bea5cae221e3be21b35d8313e224ec6b2d2e563dd8,2e4fa65a58cb09ed60334251d14263a9ac2f7df6c2af4ea3d214ae55c8fa675d,2dd26e478707b471247b76ffcae261c5826473f7052152e840311570007da711
E7C043,5,MOI,screening,medium,0.0,1,medium,loose,2068,2464,610.5281066710874,0.29522635719104806,0.8392857142857143,0.8392857142857143,0,0,0,0.0,0,0,610.5281066710874,0,0,0,ok,completed,6.2585924000004525,3f9d2d2d43882f17652140e431466432f24708128d4f6afea54f0dc89d31b4f9,a0144a97460eb561ed5ae3c768bb8599f8b0b02944531430c25196e23bb7af33,1e50dd0b6f2bbd673c80153de00b1ba9bf9af89e2daa0e5045650f60e4427dcd
E7C043,5,PASI,screening,medium,0.0,1,medium,loose,2068,2464,610.5281066710874,0.29522635719104806,0.8392857142857143,0.8392857142857143,0,0,0,0.0,0,0,610.5281066710874,0,0,0,ok,completed,6.257225800000015,3f9d2d2d43882f17652140e431466432f24708128d4f6afea54f0dc89d31b4f9,a0144a97460eb561ed5ae3c768bb8599f8b0b02944531430c25196e23bb7af33,1e50dd0b6f2bbd673c80153de00b1ba9bf9af89e2daa0e5045650f60e4427dcd
E7C043,6,MOI,screening,medium,0.0,1,medium,loose,2039,2464,570.8539233980619,0.2799675936233751,0.8275162337662337,0.8275162337662337,0,0,0,0.0,0,0,570.8539233980619,0,0,0,ok,completed,6.231977999999799,946035e9be2addf721a815cd2b9a051dff9265f5deb6140d693eee9a431839fc,52fe198786d2ed48372d917ed90519c979331f4eb0cf355898006eb579419719,7de6a5cb2563d224b73018bc48bf02aa387a4bf1c9038fb764f9ab2d190932f3
E7C043,6,PASI,screening,medium,0.0,1,medium,loose,2039,2464,570.8539233980619,0.2799675936233751,0.8275162337662337,0.8275162337662337,0,0,0,0.0,0,0,570.8539233980619,0,0,0,ok,completed,6.2569721999998364,946035e9be2addf721a815cd2b9a051dff9265f5deb6140d693eee9a431839fc,52fe198786d2ed48372d917ed90519c979331f4eb0cf355898006eb579419719,7de6a5cb2563d224b73018bc48bf02aa387a4bf1c9038fb764f9ab2d190932f3
E7C043,7,MOI,screening,medium,0.0,1,medium,loose,2087,2464,535.1610623630993,0.2564260001739814,0.8469967532467533,0.8469967532467533,0,0,0,0.0,0,0,535.1610623630993,0,0,0,ok,completed,6.048685800000385,66a1dabb1c578246ff41f5507e00f5385f498dfe0996ab8076b5045cf229b8a4,60406b0b46e23fe9e145188679264675393880ba816980a155d4f156aa3b9e2a,ae1124d5cfa5c4b0bd3e8f44233755ee94b177d7ad051b826bdcacc6913f6e1c
E7C043,7,PASI,screening,medium,0.0,1,medium,loose,2087,2464,535.1610623630993,0.2564260001739814,0.8469967532467533,0.8469967532467533,0,0,0,0.0,0,0,535.1610623630993,0,0,0,ok,completed,6.087446000000455,66a1dabb1c578246ff41f5507e00f5385f498dfe0996ab8076b5045cf229b8a4,60406b0b46e23fe9e145188679264675393880ba816980a155d4f156aa3b9e2a,ae1124d5cfa5c4b0bd3e8f44233755ee94b177d7ad051b826bdcacc6913f6e1c
E7C043,8,MOI,screening,medium,0.0,1,medium,loose,2085,2464,637.962957850544,0.3059774378180067,0.846185064935065,0.846185064935065,0,0,0,0.0,0,0,637.962957850544,0,0,0,ok,completed,6.080463999999665,3ef71d6b5b3de753cdb418012bc0d13fe5bea52bc8e2465fee6ca58713ce5b1a,bad71a5bf90b2748d558e7bd9e582545259049198d51b02a0d523354be940943,4856f8f8d43cb577531e3189ef69ca34188a88cd969319e6bd0a8cd95216b00c
E7C043,8,PASI,screening,medium,0.0,1,medium,loose,2085,2464,637.962957850544,0.3059774378180067,0.846185064935065,0.846185064935065,0,0,0,0.0,0,0,637.962957850544,0,0,0,ok,completed,6.065966799999842,3ef71d6b5b3de753cdb418012bc0d13fe5bea52bc8e2465fee6ca58713ce5b1a,bad71a5bf90b2748d558e7bd9e582545259049198d51b02a0d523354be940943,4856f8f8d43cb577531e3189ef69ca34188a88cd969319e6bd0a8cd95216b00c
E7C043,9,MOI,screening,medium,0.0,1,medium,loose,2083,2464,714.305514411431,0.3429215143597844,0.8453733766233766,0.8453733766233766,0,0,0,0.0,0,0,714.305514411431,0,0,0,ok,completed,6.319720700000289,f4292d060ea4095cd4a251074581960f5216aa080dd253380130be1fa49e5845,d8ff27230a7567657dd1511a6d99211671c9c617f42bc0f652467f3d8d947740,1b29f54b49c4f0b1271486bf1361b9033f19b1d83882dbb4978349ca1975c2c4
E7C043,9,PASI,screening,medium,0.0,1,medium,loose,2083,2464,714.305514411431,0.3429215143597844,0.8453733766233766,0.8453733766233766,0,0,0,0.0,0,0,714.305514411431,0,0,0,ok,completed,6.28312730000016,f4292d060ea4095cd4a251074581960f5216aa080dd253380130be1fa49e5845,d8ff27230a7567657dd1511a6d99211671c9c617f42bc0f652467f3d8d947740,1b29f54b49c4f0b1271486bf1361b9033f19b1d83882dbb4978349ca1975c2c4
E7C043,10,MOI,screening,medium,0.0,1,medium,loose,2075,2464,565.7316533846545,0.27264176066730333,0.8421266233766234,0.8421266233766234,0,0,0,0.0,0,0,565.7316533846545,0,0,0,ok,completed,6.281489500000134,39fb39cff2f581164b297c9583e6c363cfa52d5de3808a2d23774f98ce3ee5a8,13ce05c5db181772b0626fbe4f1d194081005c45564ad37624e44c30677e0c49,e2b3042091153431990fe469769356f510264b3dc2c47d2afed4eafe614e8a49
E7C043,10,PASI,screening,medium,0.0,1,medium,loose,2075,2464,565.7316533846545,0.27264176066730333,0.8421266233766234,0.8421266233766234,0,0,0,0.0,0,0,565.7316533846545,0,0,0,ok,completed,6.251978399999643,39fb39cff2f581164b297c9583e6c363cfa52d5de3808a2d23774f98ce3ee5a8,13ce05c5db181772b0626fbe4f1d194081005c45564ad37624e44c30677e0c49,e2b3042091153431990fe469769356f510264b3dc2c47d2afed4eafe614e8a49
E7C045,1,MOI,screening,low,0.0,5,medium,loose,1123,1206,379.21867101347414,0.33768358950442934,0.9311774461028193,0.9311774461028193,0,0,0,0.0,0,0,379.21867101347414,0,0,0,ok,completed,5.952931100007845,a6853d1f6a46472be7c9ef37ac0c534128e38eeee9a4af6dc1215c753dd73e8b,ec22371983a259c14f4c8d91c29d100c194db3be0b439c722923a20d80c394ef,95eb434ae5d183fce963757b1ace250f6d86f9855771c63f9897c487bdade2bb
E7C045,1,PASI,screening,low,0.0,5,medium,loose,1123,1206,379.21867101347414,0.33768358950442934,0.9311774461028193,0.9311774461028193,0,0,0,0.0,0,0,379.21867101347414,0,0,0,ok,completed,5.910520599994925,a6853d1f6a46472be7c9ef37ac0c534128e38eeee9a4af6dc1215c753dd73e8b,ec22371983a259c14f4c8d91c29d100c194db3be0b439c722923a20d80c394ef,95eb434ae5d183fce963757b1ace250f6d86f9855771c63f9897c487bdade2bb
E7C045,2,MOI,screening,low,0.0,5,medium,loose,1136,1206,300.76887284072507,0.26476133172599037,0.9419568822553898,0.9419568822553898,0,0,0,0.0,0,0,300.76887284072507,0,0,0,ok,completed,5.837523899999724,e7afb3295713137c70e759ced4d1be1c529b43d61136a24b4a4f1ea81f67b788,a39b0811c2f464ab764e8dbd8e8b9487ee6f06182940d447e7a4597636aac541,3646a9743d92d3bd1c84cb52fe0304b76523e3f50fa7afbb6ea4b11d5e53906d
E7C045,2,PASI,screening,low,0.0,5,medium,loose,1136,1206,300.76887284072507,0.26476133172599037,0.9419568822553898,0.9419568822553898,0,0,0,0.0,0,0,300.76887284072507,0,0,0,ok,completed,5.905968199999734,e7afb3295713137c70e759ced4d1be1c529b43d61136a24b4a4f1ea81f67b788,a39b0811c2f464ab764e8dbd8e8b9487ee6f06182940d447e7a4597636aac541,3646a9743d92d3bd1c84cb52fe0304b76523e3f50fa7afbb6ea4b11d5e53906d
E7C045,3,MOI,screening,low,0.0,5,medium,loose,1120,1206,379.99727253544904,0.33928327904950806,0.9286898839137645,0.9286898839137645,0,0,0,0.0,0,0,379.99727253544904,0,0,0,ok,completed,5.918748199999754,6e6ffca284f94f477304cb0337f85cbd41dc716c490254a0fa9f3b509c77d831,196eb5c9c5c3188bcc0d9b17c0f052bcdd132d6719f36eda010856852aba6a7c,91d3337e24517681c83be0cc3623e056618cd949bb1d637f1e92457ba995360c
E7C045,3,PASI,screening,low,0.0,5,medium,loose,1120,1206,379.99727253544904,0.33928327904950806,0.9286898839137645,0.9286898839137645,0,0,0,0.0,0,0,379.99727253544904,0,0,0,ok,completed,5.928940900000271,6e6ffca284f94f477304cb0337f85cbd41dc716c490254a0fa9f3b509c77d831,196eb5c9c5c3188bcc0d9b17c0f052bcdd132d6719f36eda010856852aba6a7c,91d3337e24517681c83be0cc3623e056618cd949bb1d637f1e92457ba995360c
E7C045,4,MOI,screening,low,0.0,5,medium,loose,1123,1206,352.4234336354599,0.31382318222213706,0.9311774461028193,0.9311774461028193,0,0,0,0.0,0,0,352.4234336354599,0,0,0,ok,completed,5.957122099999651,b479d924483e1b20a309785a611e582afabec5a7decd37ecdaac82a22d643fb3,09efb71e6d62b006f3ec3fe63739503350485a325c5979c3eb9dd05401ca11eb,2a9675532ba174f3bbbb32c2b1a3dfe1e9e3b5df77ff147b40649dad2c1a8370
E7C045,4,PASI,screening,low,0.0,5,medium,loose,1123,1206,352.4234336354599,0.31382318222213706,0.9311774461028193,0.9311774461028193,0,0,0,0.0,0,0,352.4234336354599,0,0,0,ok,completed,5.952778199999557,b479d924483e1b20a309785a611e582afabec5a7decd37ecdaac82a22d643fb3,09efb71e6d62b006f3ec3fe63739503350485a325c5979c3eb9dd05401ca11eb,2a9675532ba174f3bbbb32c2b1a3dfe1e9e3b5df77ff147b40649dad2c1a8370
E7C045,5,MOI,screening,low,0.0,5,medium,loose,1128,1206,323.916167073133,0.2871597225825647,0.9353233830845771,0.9353233830845771,0,0,0,0.0,0,0,323.916167073133,0,0,0,ok,completed,6.006613399999878,5835ae3525d94e6b2905e151656d3fc4f01a68a364a90e09c2d74fba6ffda3c0,7fae0de04dd792aaec115bd87fa4900b11c746275332ce142fb1f1edf0b209e3,966e55998280d3f1654f07a1745dc4b108aff97e105f5a54ef0c348911eec7e7
E7C045,5,PASI,screening,low,0.0,5,medium,loose,1128,1206,323.916167073133,0.2871597225825647,0.9353233830845771,0.9353233830845771,0,0,0,0.0,0,0,323.916167073133,0,0,0,ok,completed,6.020232300000316,5835ae3525d94e6b2905e151656d3fc4f01a68a364a90e09c2d74fba6ffda3c0,7fae0de04dd792aaec115bd87fa4900b11c746275332ce142fb1f1edf0b209e3,966e55998280d3f1654f07a1745dc4b108aff97e105f5a54ef0c348911eec7e7
E7C045,6,MOI,screening,low,0.0,5,medium,loose,1131,1206,310.40572705577404,0.2744524553985624,0.9378109452736318,0.9378109452736318,0,0,0,0.0,0,0,310.40572705577404,0,0,0,ok,completed,6.298002300000007,f00beec923e5881e89555edc23bc5ed65e1ab571fcb71554186a85292825d71a,b686317ba1a6e585f4fafcf8623be963a470380fad24127d76e6ba6a18026cd4,4f1de3205a1864b7a10915e2c0efd1076017489f9365cbf8ada9c2fcf0422b0b
E7C045,6,PASI,screening,low,0.0,5,medium,loose,1131,1206,310.40572705577404,0.2744524553985624,0.9378109452736318,0.9378109452736318,0,0,0,0.0,0,0,310.40572705577404,0,0,0,ok,completed,6.289654700000028,f00beec923e5881e89555edc23bc5ed65e1ab571fcb71554186a85292825d71a,b686317ba1a6e585f4fafcf8623be963a470380fad24127d76e6ba6a18026cd4,4f1de3205a1864b7a10915e2c0efd1076017489f9365cbf8ada9c2fcf0422b0b
E7C045,7,MOI,screening,low,0.0,5,medium,loose,1109,1206,267.5584752062967,0.2412610236305651,0.9195688225538972,0.9195688225538972,0,0,0,0.0,0,0,267.5584752062967,0,0,0,ok,completed,6.262289000000237,699e16a61a72d6f6677c88dc92cd28e4eea46af6652088b2c45b39ce3fa488c6,9ec08ecc0cb27e9bf90bde3fee64591dc1a2f37d471945ce53e7984e871d118d,aa6c08ea635df9fe0dcd49f85699923372c446d73c207d9cf6fb57d7abf24ed4
E7C045,7,PASI,screening,low,0.0,5,medium,loose,1109,1206,267.5584752062967,0.2412610236305651,0.9195688225538972,0.9195688225538972,0,0,0,0.0,0,0,267.5584752062967,0,0,0,ok,completed,6.21349680000003,699e16a61a72d6f6677c88dc92cd28e4eea46af6652088b2c45b39ce3fa488c6,9ec08ecc0cb27e9bf90bde3fee64591dc1a2f37d471945ce53e7984e871d118d,aa6c08ea635df9fe0dcd49f85699923372c446d73c207d9cf6fb57d7abf24ed4
E7C045,8,MOI,screening,low,0.0,5,medium,loose,1112,1206,334.45736303744286,0.30077100992575795,0.9220563847429519,0.9220563847429519,0,0,0,0.0,0,0,334.45736303744286,0,0,0,ok,completed,5.934778300000289,9339345ab1e47990db2ed9dddddcaaafac158be442d6520f9b1ea59107378204,a74c70608042d200f55c80a63d4533bc2b4006310e1bcb6e243189d27ced1990,7378f2f5b087d0d3757ae3ee4f715211598cda3296aab90f8c201840b9d90e70
E7C045,8,PASI,screening,low,0.0,5,medium,loose,1112,1206,334.45736303744286,0.30077100992575795,0.9220563847429519,0.9220563847429519,0,0,0,0.0,0,0,334.45736303744286,0,0,0,ok,completed,5.925002400000267,9339345ab1e47990db2ed9dddddcaaafac158be442d6520f9b1ea59107378204,a74c70608042d200f55c80a63d4533bc2b4006310e1bcb6e243189d27ced1990,7378f2f5b087d0d3757ae3ee4f715211598cda3296aab90f8c201840b9d90e70
E7C045,9,MOI,screening,low,0.0,5,medium,loose,1131,1206,371.0315136735137,0.32805615709417657,0.9378109452736318,0.9378109452736318,0,0,0,0.0,0,0,371.0315136735137,0,0,0,ok,completed,5.941198900000018,c36553b74fabe50e893eada5c8015d30900e08b71a488c7ec88c4eec579e7327,eef667784ad4220f13e2bea32305373753967c565a0d07c5df8ffd696fe9ad56,ba0cc188637c406a9ab616e2f9ef71de9e14908a3d1b64893f0a00dae5cae385
E7C045,9,PASI,screening,low,0.0,5,medium,loose,1131,1206,371.0315136735137,0.32805615709417657,0.9378109452736318,0.9378109452736318,0,0,0,0.0,0,0,371.0315136735137,0,0,0,ok,completed,5.955484300000535,c36553b74fabe50e893eada5c8015d30900e08b71a488c7ec88c4eec579e7327,eef667784ad4220f13e2bea32305373753967c565a0d07c5df8ffd696fe9ad56,ba0cc188637c406a9ab616e2f9ef71de9e14908a3d1b64893f0a00dae5cae385
E7C045,10,MOI,screening,low,0.0,5,medium,loose,1128,1206,300.5943757820246,0.2664843756932842,0.9353233830845771,0.9353233830845771,0,0,0,0.0,0,0,300.5943757820246,0,0,0,ok,completed,6.147609300000113,b1566d8773caa1272e7a3faaccae636bc93471ce160ad6a4772832b0f691333d,a7bbcf26013098e02fff4a279a492c8db368cc93c6dd20a5b06fe9ddb0e31d7c,b48d760807be75b3985e06190e14d743e9097af72e9432fe09ed78b56bc18d7d
E7C045,10,PASI,screening,low,0.0,5,medium,loose,1128,1206,300.5943757820246,0.2664843756932842,0.9353233830845771,0.9353233830845771,0,0,0,0.0,0,0,300.5943757820246,0,0,0,ok,completed,6.191653200000474,b1566d8773caa1272e7a3faaccae636bc93471ce160ad6a4772832b0f691333d,a7bbcf26013098e02fff4a279a492c8db368cc93c6dd20a5b06fe9ddb0e31d7c,b48d760807be75b3985e06190e14d743e9097af72e9432fe09ed78b56bc18d7d
E7C046,1,MOI,screening,medium,0.25,20,high,loose,2061,2464,732.256602164267,0.35529189818741724,0.8364448051948052,0.8364448051948052,0,0,0,0.0,0,0,732.256602164267,0,0,0,ok,completed,6.0036060999991605,85ffcbc7aa05dd74f46233993024f6329d830fa78acc4d396d9be8f6a04b357c,d66ab3746ae69bf57359cac1f8b1c6eb618a7244b4bd06dae91814cf786b2a77,378bb73bfb805704bd448457151bc3cb1d21be4c01ee591fd98207a6b5c982f7
E7C046,1,PASI,screening,medium,0.25,20,high,loose,2061,2464,729.6205911326342,0.35401290205367986,0.8364448051948052,0.8364448051948052,0,0,0,0.0,0,0,729.6205911326342,0,0,0,ok,completed,5.999136999991606,85ffcbc7aa05dd74f46233993024f6329d830fa78acc4d396d9be8f6a04b357c,d66ab3746ae69bf57359cac1f8b1c6eb618a7244b4bd06dae91814cf786b2a77,378bb73bfb805704bd448457151bc3cb1d21be4c01ee591fd98207a6b5c982f7
E7C046,2,MOI,screening,medium,0.25,20,high,loose,2066,2464,524.8603006006789,0.25404661210100626,0.838474025974026,0.838474025974026,0,0,0,0.0,0,0,524.8603006006789,0,0,0,ok,completed,6.307219700000132,df0244e9ea919f41a24d33c303f0c9b691f81eb081b6c5c3c3bb0daef57ba065,dae307466c0f2d7e7699b903b80d1e23544f00c41db5e1304b43ec51263cb44e,5008ef8f002315a25ba7c37fa0d56d03bc04dea720c687f90498e8994e0ed59c
E7C046,2,PASI,screening,medium,0.25,20,high,loose,2066,2464,522.0100239821004,0.2526670009593903,0.838474025974026,0.838474025974026,0,0,0,0.0,0,0,522.0100239821004,0,0,0,ok,completed,6.31307680000009,df0244e9ea919f41a24d33c303f0c9b691f81eb081b6c5c3c3bb0daef57ba065,dae307466c0f2d7e7699b903b80d1e23544f00c41db5e1304b43ec51263cb44e,5008ef8f002315a25ba7c37fa0d56d03bc04dea720c687f90498e8994e0ed59c
E7C046,3,MOI,screening,medium,0.25,20,high,loose,2090,2464,731.1428451803586,0.34982911252648735,0.8482142857142857,0.8482142857142857,0,0,0,0.0,0,0,731.1428451803586,0,0,0,ok,completed,6.186838399999942,fdf083b32927818f7ba2c8aa53ababe13d99eb06cec7b3e807b114d639c8012c,e4cdbc8f20cac984f5e330304cac803c185b55cf405a0586e7fac72c62462b8d,ce9b396d0f7212e800b204ac7a0ab7b3fee19330a58169707635b69307cd6819
E7C046,3,PASI,screening,medium,0.25,20,high,loose,2090,2464,729.58866944068,0.3490854877706603,0.8482142857142857,0.8482142857142857,0,0,0,0.0,0,0,729.58866944068,0,0,0,ok,completed,6.112861300000077,fdf083b32927818f7ba2c8aa53ababe13d99eb06cec7b3e807b114d639c8012c,e4cdbc8f20cac984f5e330304cac803c185b55cf405a0586e7fac72c62462b8d,ce9b396d0f7212e800b204ac7a0ab7b3fee19330a58169707635b69307cd6819
E7C046,4,MOI,screening,medium,0.25,20,high,loose,2070,2464,699.8616156540778,0.33809739886670426,0.8400974025974026,0.8400974025974026,0,0,0,0.0,0,0,699.8616156540778,0,0,0,ok,completed,6.14837660000012,a09c811a97a72168477996bea5cae221e3be21b35d8313e224ec6b2d2e563dd8,b27c00ae6aa33cfc0565d19aa920482babeef332343d8559989dc93b8cc2acdb,34d7762355f1bda544d4babc55d4bf588ab7d13059602ac536dc9acafaf80bc3
E7C046,4,PASI,screening,medium,0.25,20,high,loose,2070,2464,696.5579056177816,0.3365014036800877,0.8400974025974026,0.8400974025974026,0,0,0,0.0,0,0,696.5579056177816,0,0,0,ok,completed,6.152632000000267,a09c811a97a72168477996bea5cae221e3be21b35d8313e224ec6b2d2e563dd8,b27c00ae6aa33cfc0565d19aa920482babeef332343d8559989dc93b8cc2acdb,34d7762355f1bda544d4babc55d4bf588ab7d13059602ac536dc9acafaf80bc3
E7C046,5,MOI,screening,medium,0.25,20,high,loose,2068,2464,595.4788416590917,0.28794914973843894,0.8392857142857143,0.8392857142857143,0,0,0,0.0,0,0,595.4788416590917,0,0,0,ok,completed,5.964947100000245,3f9d2d2d43882f17652140e431466432f24708128d4f6afea54f0dc89d31b4f9,31b612abdfd0c127827079ee50fea19181189832da19f892a32bd95109089da5,6a0c2a1a4b517f1de37594b69790ed32f159d05fc9c63bd06d802cd0b99d9634
E7C046,5,PASI,screening,medium,0.25,20,high,loose,2068,2464,591.8875002657932,0.28621252430647637,0.8392857142857143,0.8392857142857143,0,0,0,0.0,0,0,591.8875002657932,0,0,0,ok,completed,6.027651299999889,3f9d2d2d43882f17652140e431466432f24708128d4f6afea54f0dc89d31b4f9,31b612abdfd0c127827079ee50fea19181189832da19f892a32bd95109089da5,6a0c2a1a4b517f1de37594b69790ed32f159d05fc9c63bd06d802cd0b99d9634
E7C046,6,MOI,screening,medium,0.25,20,high,loose,2039,2464,561.2949432687617,0.2752795209753613,0.8275162337662337,0.8275162337662337,0,0,0,0.0,0,0,561.2949432687617,0,0,0,ok,completed,5.994086400000015,946035e9be2addf721a815cd2b9a051dff9265f5deb6140d693eee9a431839fc,11cb1d2cc52ef078d70aba72f90a0ee04eadee8f538c44070cab74678943ea17,5bd0ef4ea37ff242ddbdce2d83d6631e06dff97a84828557f4139a7254a8df90
E7C046,6,PASI,screening,medium,0.25,20,high,loose,2039,2464,557.485016408675,0.2734109938247548,0.8275162337662337,0.8275162337662337,0,0,0,0.0,0,0,557.485016408675,0,0,0,ok,completed,6.008691300000464,946035e9be2addf721a815cd2b9a051dff9265f5deb6140d693eee9a431839fc,11cb1d2cc52ef078d70aba72f90a0ee04eadee8f538c44070cab74678943ea17,5bd0ef4ea37ff242ddbdce2d83d6631e06dff97a84828557f4139a7254a8df90
E7C046,7,MOI,screening,medium,0.25,20,high,loose,2087,2464,484.5143064755034,0.2321582685555838,0.8469967532467533,0.8469967532467533,0,0,0,0.0,0,0,484.5143064755034,0,0,0,ok,completed,6.263986900000418,66a1dabb1c578246ff41f5507e00f5385f498dfe0996ab8076b5045cf229b8a4,743a26a15c4e74c6298bfab744dedc3455ab63886040084903705f73a56f26e1,2db92cdc5b92e032e35406f30dce6667279ece0460b022fa83504a8a1164ce34
E7C046,7,PASI,screening,medium,0.25,20,high,loose,2087,2464,481.53543705456366,0.23073092336107506,0.8469967532467533,0.8469967532467533,0,0,0,0.0,0,0,481.53543705456366,0,0,0,ok,completed,6.368126299999858,66a1dabb1c578246ff41f5507e00f5385f498dfe0996ab8076b5045cf229b8a4,743a26a15c4e74c6298bfab744dedc3455ab63886040084903705f73a56f26e1,2db92cdc5b92e032e35406f30dce6667279ece0460b022fa83504a8a1164ce34
E7C046,8,MOI,screening,medium,0.25,20,high,loose,2085,2464,637.6243980017117,0.3058150589936267,0.846185064935065,0.846185064935065,0,0,0,0.0,0,0,637.6243980017117,0,0,0,ok,completed,6.165055399999801,3ef71d6b5b3de753cdb418012bc0d13fe5bea52bc8e2465fee6ca58713ce5b1a,03477e9b5e7807e00eed284eb79c3662d8792fcbfa50a802900cdd4df9a90a23,90968ca1c7b7041a53e6bc62e2bc526e9179d4a5bc56a53ddb89641153da79fa
E7C046,8,PASI,screening,medium,0.25,20,high,loose,2085,2464,633.8065820160821,0.3039839721899674,0.846185064935065,0.846185064935065,0,0,0,0.0,0,0,633.8065820160821,0,0,0,ok,completed,6.148308199999519,3ef71d6b5b3de753cdb418012bc0d13fe5bea52bc8e2465fee6ca58713ce5b1a,03477e9b5e7807e00eed284eb79c3662d8792fcbfa50a802900cdd4df9a90a23,90968ca1c7b7041a53e6bc62e2bc526e9179d4a5bc56a53ddb89641153da79fa
E7C046,9,MOI,screening,medium,0.25,20,high,loose,2083,2464,750.4211638585531,0.3602598002201407,0.8453733766233766,0.8453733766233766,0,0,0,0.0,0,0,750.4211638585531,0,0,0,ok,completed,6.2881648000002315,f4292d060ea4095cd4a251074581960f5216aa080dd253380130be1fa49e5845,ed621ecb1233543fcbc3c2f9d986dc598487aea5a586b8bb72eacf55cddb9601,ff17ccc33e34345935c1c693bf92e6a36329bf7e67c375e328f2dab48c895612
E7C046,9,PASI,screening,medium,0.25,20,high,loose,2083,2464,747.498016692612,0.3588564650468613,0.8453733766233766,0.8453733766233766,0,0,0,0.0,0,0,747.498016692612,0,0,0,ok,completed,6.208384399999886,f4292d060ea4095cd4a251074581960f5216aa080dd253380130be1fa49e5845,ed621ecb1233543fcbc3c2f9d986dc598487aea5a586b8bb72eacf55cddb9601,ff17ccc33e34345935c1c693bf92e6a36329bf7e67c375e328f2dab48c895612
E7C046,10,MOI,screening,medium,0.25,20,high,loose,2075,2464,534.6782670410798,0.25767627327280956,0.8421266233766234,0.8421266233766234,0,0,0,0.0,0,0,534.6782670410798,0,0,0,ok,completed,6.3543551999991905,39fb39cff2f581164b297c9583e6c363cfa52d5de3808a2d23774f98ce3ee5a8,9c60b9e25328b057cf6a4dd4974b802aa788ec4fc8637aaf005ce5cbe082d122,c8eed219852944802e426d7caf9245bef1452a5c9cbb7d23199af305834cfaf6
E7C046,10,PASI,screening,medium,0.25,20,high,loose,2075,2464,531.1441668777213,0.255973092471191,0.8421266233766234,0.8421266233766234,0,0,0,0.0,0,0,531.1441668777213,0,0,0,ok,completed,6.341477099999793,39fb39cff2f581164b297c9583e6c363cfa52d5de3808a2d23774f98ce3ee5a8,9c60b9e25328b057cf6a4dd4974b802aa788ec4fc8637aaf005ce5cbe082d122,c8eed219852944802e426d7caf9245bef1452a5c9cbb7d23199af305834cfaf6
E7C047,1,MOI,screening,medium,0.1,5,low,loose,2061,2464,723.2288252347903,0.3509116085564242,0.8364448051948052,0.8364448051948052,0,0,0,0.0,0,0,723.2288252347903,0,0,0,ok,completed,6.087405700003728,85ffcbc7aa05dd74f46233993024f6329d830fa78acc4d396d9be8f6a04b357c,ec22371983a259c14f4c8d91c29d100c194db3be0b439c722923a20d80c394ef,ea420d5005e7e28041f9edd5c02e461866bc80f67da509dcef12cb51cd18e852
E7C047,1,PASI,screening,medium,0.1,5,low,loose,2061,2464,721.6440440876296,0.3501426705907955,0.8364448051948052,0.8364448051948052,0,0,0,0.0,0,0,721.6440440876296,0,0,0,ok,completed,5.9070731999963755,85ffcbc7aa05dd74f46233993024f6329d830fa78acc4d396d9be8f6a04b357c,ec22371983a259c14f4c8d91c29d100c194db3be0b439c722923a20d80c394ef,ea420d5005e7e28041f9edd5c02e461866bc80f67da509dcef12cb51cd18e852
E7C047,2,MOI,screening,medium,0.1,5,low,loose,2066,2464,614.8468823449678,0.29760255679814507,0.838474025974026,0.838474025974026,0,0,0,0.0,0,0,614.8468823449678,0,0,0,ok,completed,6.014019100000041,df0244e9ea919f41a24d33c303f0c9b691f81eb081b6c5c3c3bb0daef57ba065,a39b0811c2f464ab764e8dbd8e8b9487ee6f06182940d447e7a4597636aac541,3a38768c53241b258dd2c012b00b61593b087a5f8fd1917dbef0d4fd70ad9bad
E7C047,2,PASI,screening,medium,0.1,5,low,loose,2066,2464,613.2017362262847,0.2968062614841649,0.838474025974026,0.838474025974026,0,0,0,0.0,0,0,613.2017362262847,0,0,0,ok,completed,6.0929636999999275,df0244e9ea919f41a24d33c303f0c9b691f81eb081b6c5c3c3bb0daef57ba065,a39b0811c2f464ab764e8dbd8e8b9487ee6f06182940d447e7a4597636aac541,3a38768c53241b258dd2c012b00b61593b087a5f8fd1917dbef0d4fd70ad9bad
E7C047,3,MOI,screening,medium,0.1,5,low,loose,2090,2464,774.143603148422,0.37040363787005837,0.8482142857142857,0.8482142857142857,0,0,0,0.0,0,0,774.143603148422,0,0,0,ok,completed,6.082740300000296,fdf083b32927818f7ba2c8aa53ababe13d99eb06cec7b3e807b114d639c8012c,196eb5c9c5c3188bcc0d9b17c0f052bcdd132d6719f36eda010856852aba6a7c,21c0b44cf3636851e4d71b6ae11cec6566a317eef95f41bcc8528c6200aa6dd8
E7C047,3,PASI,screening,medium,0.1,5,low,loose,2090,2464,772.9203957821834,0.36981837118764754,0.8482142857142857,0.8482142857142857,0,0,0,0.0,0,0,772.9203957821834,0,0,0,ok,completed,6.093130899999778,fdf083b32927818f7ba2c8aa53ababe13d99eb06cec7b3e807b114d639c8012c,196eb5c9c5c3188bcc0d9b17c0f052bcdd132d6719f36eda010856852aba6a7c,21c0b44cf3636851e4d71b6ae11cec6566a317eef95f41bcc8528c6200aa6dd8
E7C047,4,MOI,screening,medium,0.1,5,low,loose,2070,2464,684.156704802047,0.3305104854116169,0.8400974025974026,0.8400974025974026,0,0,0,0.0,0,0,684.156704802047,0,0,0,ok,completed,6.260924000000159,a09c811a97a72168477996bea5cae221e3be21b35d8313e224ec6b2d2e563dd8,09efb71e6d62b006f3ec3fe63739503350485a325c5979c3eb9dd05401ca11eb,4a5ea07617802899070a004ed234c34cebfd7cb2ef9f92d111439429ba5728c1
E7C047,4,PASI,screening,medium,0.1,5,low,loose,2070,2464,682.64623721518,0.32978079092520773,0.8400974025974026,0.8400974025974026,0,0,0,0.0,0,0,682.64623721518,0,0,0,ok,completed,6.262832000000344,a09c811a97a72168477996bea5cae221e3be21b35d8313e224ec6b2d2e563dd8,09efb71e6d62b006f3ec3fe63739503350485a325c5979c3eb9dd05401ca11eb,4a5ea07617802899070a004ed234c34cebfd7cb2ef9f92d111439429ba5728c1
E7C047,5,MOI,screening,medium,0.1,5,low,loose,2068,2464,622.1779419686368,0.3008597398300952,0.8392857142857143,0.8392857142857143,0,0,0,0.0,0,0,622.1779419686368,0,0,0,ok,completed,6.299793899999713,3f9d2d2d43882f17652140e431466432f24708128d4f6afea54f0dc89d31b4f9,7fae0de04dd792aaec115bd87fa4900b11c746275332ce142fb1f1edf0b209e3,b57a95de0b4c1eb44d60076e80d5f93935a2169569451c2783561a683c17f1d6
E7C047,5,PASI,screening,medium,0.1,5,low,loose,2068,2464,620.1933589790526,0.29990007687575077,0.8392857142857143,0.8392857142857143,0,0,0,0.0,0,0,620.1933589790526,0,0,0,ok,completed,6.258140199999616,3f9d2d2d43882f17652140e431466432f24708128d4f6afea54f0dc89d31b4f9,7fae0de04dd792aaec115bd87fa4900b11c746275332ce142fb1f1edf0b209e3,b57a95de0b4c1eb44d60076e80d5f93935a2169569451c2783561a683c17f1d6
E7C047,6,MOI,screening,medium,0.1,5,low,loose,2039,2464,569.473840299348,0.27929075051463853,0.8275162337662337,0.8275162337662337,0,0,0,0.0,0,0,569.473840299348,0,0,0,ok,completed,6.298972399999911,946035e9be2addf721a815cd2b9a051dff9265f5deb6140d693eee9a431839fc,b686317ba1a6e585f4fafcf8623be963a470380fad24127d76e6ba6a18026cd4,ea466ccbb00893c277010229e00a6d2621def473fe72c8843f6811fde9d9b2fc
E7C047,6,PASI,screening,medium,0.1,5,low,loose,2039,2464,567.6857606760736,0.27841381102308665,0.8275162337662337,0.8275162337662337,0,0,0,0.0,0,0,567.6857606760736,0,0,0,ok,completed,6.345491199999742,946035e9be2addf721a815cd2b9a051dff9265f5deb6140d693eee9a431839fc,b686317ba1a6e585f4fafcf8623be963a470380fad24127d76e6ba6a18026cd4,ea466ccbb00893c277010229e00a6d2621def473fe72c8843f6811fde9d9b2fc
E7C047,7,MOI,screening,medium,0.1,5,low,loose,2087,2464,579.1922119547389,0.2775238198153996,0.8469967532467533,0.8469967532467533,0,0,0,0.0,0,0,579.1922119547389,0,0,0,ok,completed,6.147554600000149,66a1dabb1c578246ff41f5507e00f5385f498dfe0996ab8076b5045cf229b8a4,9ec08ecc0cb27e9bf90bde3fee64591dc1a2f37d471945ce53e7984e871d118d,da13c6d587ed67a32ebfa5daa8f01ac4d510d952fd90ba7426fbea67391f7be2
E7C047,7,PASI,screening,medium,0.1,5,low,loose,2087,2464,577.438453567978,0.27668349476184856,0.8469967532467533,0.8469967532467533,0,0,0,0.0,0,0,577.438453567978,0,0,0,ok,completed,6.114457100000436,66a1dabb1c578246ff41f5507e00f5385f498dfe0996ab8076b5045cf229b8a4,9ec08ecc0cb27e9bf90bde3fee64591dc1a2f37d471945ce53e7984e871d118d,da13c6d587ed67a32ebfa5daa8f01ac4d510d952fd90ba7426fbea67391f7be2
E7C047,8,MOI,screening,medium,0.1,5,low,loose,2085,2464,631.5848904486276,0.3029184126851931,0.846185064935065,0.846185064935065,0,0,0,0.0,0,0,631.5848904486276,0,0,0,ok,completed,6.223025799999959,3ef71d6b5b3de753cdb418012bc0d13fe5bea52bc8e2465fee6ca58713ce5b1a,a74c70608042d200f55c80a63d4533bc2b4006310e1bcb6e243189d27ced1990,78410807c8cd65c462079fa38430efe898b1695c9620e0eca3ebb96b023106b7
E7C047,8,PASI,screening,medium,0.1,5,low,loose,2085,2464,629.6949757543832,0.3020119787790807,0.846185064935065,0.846185064935065,0,0,0,0.0,0,0,629.6949757543832,0,0,0,ok,completed,6.202621399999771,3ef71d6b5b3de753cdb418012bc0d13fe5bea52bc8e2465fee6ca58713ce5b1a,a74c70608042d200f55c80a63d4533bc2b4006310e1bcb6e243189d27ced1990,78410807c8cd65c462079fa38430efe898b1695c9620e0eca3ebb96b023106b7
E7C047,9,MOI,screening,medium,0.1,5,low,loose,2083,2464,666.8918124809342,0.3201592954781249,0.8453733766233766,0.8453733766233766,0,0,0,0.0,0,0,666.8918124809342,0,0,0,ok,completed,5.997049699999479,f4292d060ea4095cd4a251074581960f5216aa080dd253380130be1fa49e5845,eef667784ad4220f13e2bea32305373753967c565a0d07c5df8ffd696fe9ad56,f91a66cee36855f6c1ed89d01f27d37057c8eca4ac088b90dab34487b7ba7dcd
E7C047,9,PASI,screening,medium,0.1,5,low,loose,2083,2464,665.2022222835585,0.3193481624020924,0.8453733766233766,0.8453733766233766,0,0,0,0.0,0,0,665.2022222835585,0,0,0,ok,completed,6.000481600000057,f4292d060ea4095cd4a251074581960f5216aa080dd253380130be1fa49e5845,eef667784ad4220f13e2bea32305373753967c565a0d07c5df8ffd696fe9ad56,f91a66cee36855f6c1ed89d01f27d37057c8eca4ac088b90dab34487b7ba7dcd
E7C047,10,MOI,screening,medium,0.1,5,low,loose,2075,2464,584.4751261223174,0.28167475957702043,0.8421266233766234,0.8421266233766234,0,0,0,0.0,0,0,584.4751261223174,0,0,0,ok,completed,6.076920299999983,39fb39cff2f581164b297c9583e6c363cfa52d5de3808a2d23774f98ce3ee5a8,a7bbcf26013098e02fff4a279a492c8db368cc93c6dd20a5b06fe9ddb0e31d7c,7f75c9266320cbbf86485d859ec9bdf9c59858f28c314e641099b0ba4c24e532
E7C047,10,PASI,screening,medium,0.1,5,low,loose,2075,2464,582.6332358831783,0.28078710163044734,0.8421266233766234,0.8421266233766234,0,0,0,0.0,0,0,582.6332358831783,0,0,0,ok,completed,6.143531300000177,39fb39cff2f581164b297c9583e6c363cfa52d5de3808a2d23774f98ce3ee5a8,a7bbcf26013098e02fff4a279a492c8db368cc93c6dd20a5b06fe9ddb0e31d7c,7f75c9266320cbbf86485d859ec9bdf9c59858f28c314e641099b0ba4c24e532
E7C048,1,MOI,screening,low,0.75,20,high,loose,1123,1206,375.86220617523605,0.3346947517143687,0.9311774461028193,0.9311774461028193,0,0,0,0.0,0,0,375.86220617523605,0,0,0,ok,completed,6.027812400003313,a6853d1f6a46472be7c9ef37ac0c534128e38eeee9a4af6dc1215c753dd73e8b,d66ab3746ae69bf57359cac1f8b1c6eb618a7244b4bd06dae91814cf786b2a77,5a7f8def201327ec09a0a7671d6102c4bec71cf489c46eaef811c59033c9ed0c
E7C048,1,PASI,screening,low,0.75,20,high,loose,1123,1206,371.73635116341393,0.3310207935560231,0.9311774461028193,0.9311774461028193,0,0,0,0.0,0,0,371.73635116341393,0,0,0,ok,completed,5.824765900004422,a6853d1f6a46472be7c9ef37ac0c534128e38eeee9a4af6dc1215c753dd73e8b,d66ab3746ae69bf57359cac1f8b1c6eb618a7244b4bd06dae91814cf786b2a77,5a7f8def201327ec09a0a7671d6102c4bec71cf489c46eaef811c59033c9ed0c
E7C048,2,MOI,screening,low,0.75,20,high,loose,1136,1206,265.8222576836629,0.23399846627083,0.9419568822553898,0.9419568822553898,0,0,0,0.0,0,0,265.8222576836629,0,0,0,ok,completed,6.211091500000293,e7afb3295713137c70e759ced4d1be1c529b43d61136a24b4a4f1ea81f67b788,dae307466c0f2d7e7699b903b80d1e23544f00c41db5e1304b43ec51263cb44e,afe23035d77832165a16c3ebd268b7abd7b135d04cb3e73530ebb46c91092eac
E7C048,2,PASI,screening,low,0.75,20,high,loose,1136,1206,261.73685972884886,0.23040216525426835,0.9419568822553898,0.9419568822553898,0,0,0,0.0,0,0,261.73685972884886,0,0,0,ok,completed,6.1996085999999195,e7afb3295713137c70e759ced4d1be1c529b43d61136a24b4a4f1ea81f67b788,dae307466c0f2d7e7699b903b80d1e23544f00c41db5e1304b43ec51263cb44e,afe23035d77832165a16c3ebd268b7abd7b135d04cb3e73530ebb46c91092eac
E7C048,3,MOI,screening,low,0.75,20,high,loose,1120,1206,360.18432881396353,0.32159315072675315,0.9286898839137645,0.9286898839137645,0,0,0,0.0,0,0,360.18432881396353,0,0,0,ok,completed,6.351568299999599,6e6ffca284f94f477304cb0337f85cbd41dc716c490254a0fa9f3b509c77d831,e4cdbc8f20cac984f5e330304cac803c185b55cf405a0586e7fac72c62462b8d,214b09acfc017fcb7304ffcc74bac4766a93b7fcb1f22e21c0201b194d685121
E7C048,3,PASI,screening,low,0.75,20,high,loose,1120,1206,358.1173428573398,0.31974762755119623,0.9286898839137645,0.9286898839137645,0,0,0,0.0,0,0,358.1173428573398,0,0,0,ok,completed,6.373009399999319,6e6ffca284f94f477304cb0337f85cbd41dc716c490254a0fa9f3b509c77d831,e4cdbc8f20cac984f5e330304cac803c185b55cf405a0586e7fac72c62462b8d,214b09acfc017fcb7304ffcc74bac4766a93b7fcb1f22e21c0201b194d685121
E7C048,4,MOI,screening,low,0.75,20,high,loose,1123,1206,348.8322775349088,0.3106253584460453,0.9311774461028193,0.9311774461028193,0,0,0,0.0,0,0,348.8322775349088,0,0,0,ok,completed,6.1051610000004075,b479d924483e1b20a309785a611e582afabec5a7decd37ecdaac82a22d643fb3,b27c00ae6aa33cfc0565d19aa920482babeef332343d8559989dc93b8cc2acdb,da0173e1be31dfae45e5b304678330642bfe9ad83ea901d8770cdfb51210c737
E7C048,4,PASI,screening,low,0.75,20,high,loose,1123,1206,343.9768097308763,0.30630170056177763,0.9311774461028193,0.9311774461028193,0,0,0,0.0,0,0,343.9768097308763,0,0,0,ok,completed,6.10938780000015,b479d924483e1b20a309785a611e582afabec5a7decd37ecdaac82a22d643fb3,b27c00ae6aa33cfc0565d19aa920482babeef332343d8559989dc93b8cc2acdb,da0173e1be31dfae45e5b304678330642bfe9ad83ea901d8770cdfb51210c737
E7C048,5,MOI,screening,low,0.75,20,high,loose,1128,1206,313.79955999958514,0.27819109929041236,0.9353233830845771,0.9353233830845771,0,0,0,0.0,0,0,313.79955999958514,0,0,0,ok,completed,5.887181600000076,5835ae3525d94e6b2905e151656d3fc4f01a68a364a90e09c2d74fba6ffda3c0,31b612abdfd0c127827079ee50fea19181189832da19f892a32bd95109089da5,4cbb6f777fed484591801bc3017c8350abb4e9168164e8d8c976257d02d3786e
E7C048,5,PASI,screening,low,0.75,20,high,loose,1128,1206,308.97629405276007,0.27391515430209223,0.9353233830845771,0.9353233830845771,0,0,0,0.0,0,0,308.97629405276007,0,0,0,ok,completed,5.928990100000192,5835ae3525d94e6b2905e151656d3fc4f01a68a364a90e09c2d74fba6ffda3c0,31b612abdfd0c127827079ee50fea19181189832da19f892a32bd95109089da5,4cbb6f777fed484591801bc3017c8350abb4e9168164e8d8c976257d02d3786e
E7C048,6,MOI,screening,low,0.75,20,high,loose,1131,1206,300.86332538796654,0.26601531864541694,0.9378109452736318,0.9378109452736318,0,0,0,0.0,0,0,300.86332538796654,0,0,0,ok,completed,6.151321199999984,f00beec923e5881e89555edc23bc5ed65e1ab571fcb71554186a85292825d71a,11cb1d2cc52ef078d70aba72f90a0ee04eadee8f538c44070cab74678943ea17,2efd35bce9c78093241216c10f103cc070ca2308da03742170f4f70d8e8a827d
E7C048,6,PASI,screening,low,0.75,20,high,loose,1131,1206,296.84338775939534,0.2624609971347439,0.9378109452736318,0.9378109452736318,0,0,0,0.0,0,0,296.84338775939534,0,0,0,ok,completed,6.0859188000004,f00beec923e5881e89555edc23bc5ed65e1ab571fcb71554186a85292825d71a,11cb1d2cc52ef078d70aba72f90a0ee04eadee8f538c44070cab74678943ea17,2efd35bce9c78093241216c10f103cc070ca2308da03742170f4f70d8e8a827d
E7C048,7,MOI,screening,low,0.75,20,high,loose,1109,1206,234.96717087568751,0.21187301251189136,0.9195688225538972,0.9195688225538972,0,0,0,0.0,0,0,234.96717087568751,0,0,0,ok,completed,5.8497778999999355,699e16a61a72d6f6677c88dc92cd28e4eea46af6652088b2c45b39ce3fa488c6,743a26a15c4e74c6298bfab744dedc3455ab63886040084903705f73a56f26e1,7ca1327991f1c12fbfdfffb9168ca818f2e10db3a57b4b7163ba2b6802805b0e
E7C048,7,PASI,screening,low,0.75,20,high,loose,1109,1206,231.47155615139337,0.208720970379976,0.9195688225538972,0.9195688225538972,0,0,0,0.0,0,0,231.47155615139337,0,0,0,ok,completed,5.922187799999847,699e16a61a72d6f6677c88dc92cd28e4eea46af6652088b2c45b39ce3fa488c6,743a26a15c4e74c6298bfab744dedc3455ab63886040084903705f73a56f26e1,7ca1327991f1c12fbfdfffb9168ca818f2e10db3a57b4b7163ba2b6802805b0e
E7C048,8,MOI,screening,low,0.75,20,high,loose,1112,1206,326.1712188364604,0.2933194413996946,0.9220563847429519,0.9220563847429519,0,0,0,0.0,0,0,326.1712188364604,0,0,0,ok,completed,6.009532200000649,9339345ab1e47990db2ed9dddddcaaafac158be442d6520f9b1ea59107378204,03477e9b5e7807e00eed284eb79c3662d8792fcbfa50a802900cdd4df9a90a23,f8981c0d3331463f54deacedbb9db148791860b4643e12088add8f006aacffdc
E7C048,8,PASI,screening,low,0.75,20,high,loose,1112,1206,321.11881763418535,0.2887759151386559,0.9220563847429519,0.9220563847429519,0,0,0,0.0,0,0,321.11881763418535,0,0,0,ok,completed,6.015767400000186,9339345ab1e47990db2ed9dddddcaaafac158be442d6520f9b1ea59107378204,03477e9b5e7807e00eed284eb79c3662d8792fcbfa50a802900cdd4df9a90a23,f8981c0d3331463f54deacedbb9db148791860b4643e12088add8f006aacffdc
E7C048,9,MOI,screening,low,0.75,20,high,loose,1131,1206,384.91727399803017,0.3403335755950753,0.9378109452736318,0.9378109452736318,0,0,0,0.0,0,0,384.91727399803017,0,0,0,ok,completed,6.230410999999549,c36553b74fabe50e893eada5c8015d30900e08b71a488c7ec88c4eec579e7327,ed621ecb1233543fcbc3c2f9d986dc598487aea5a586b8bb72eacf55cddb9601,0844edd6a0907a44e7d01595f04bccaf5228a1584fe36384d107ac13d9e599f6
E7C048,9,PASI,screening,low,0.75,20,high,loose,1131,1206,381.012621370473,0.33688118600395495,0.9378109452736318,0.9378109452736318,0,0,0,0.0,0,0,381.012621370473,0,0,0,ok,completed,6.217204100000345,c36553b74fabe50e893eada5c8015d30900e08b71a488c7ec88c4eec579e7327,ed621ecb1233543fcbc3c2f9d986dc598487aea5a586b8bb72eacf55cddb9601,0844edd6a0907a44e7d01595f04bccaf5228a1584fe36384d107ac13d9e599f6
E7C048,10,MOI,screening,low,0.75,20,high,loose,1128,1206,280.2667965083546,0.24846347208187466,0.9353233830845771,0.9353233830845771,0,0,0,0.0,0,0,280.2667965083546,0,0,0,ok,completed,6.217552000000069,b1566d8773caa1272e7a3faaccae636bc93471ce160ad6a4772832b0f691333d,9c60b9e25328b057cf6a4dd4974b802aa788ec4fc8637aaf005ce5cbe082d122,5024eb9f4c55bdf35006db75bcf7aa2febb759fcd465cd4a0f721f1a3d3deb50
E7C048,10,PASI,screening,low,0.75,20,high,loose,1128,1206,275.3463773927065,0.24410139839778944,0.9353233830845771,0.9353233830845771,0,0,0,0.0,0,0,275.3463773927065,0,0,0,ok,completed,6.18810940000003,b1566d8773caa1272e7a3faaccae636bc93471ce160ad6a4772832b0f691333d,9c60b9e25328b057cf6a4dd4974b802aa788ec4fc8637aaf005ce5cbe082d122,5024eb9f4c55bdf35006db75bcf7aa2febb759fcd465cd4a0f721f1a3d3deb50
E7C049,1,MOI,screening,high,0.1,1,high,strict,2208,3531,792.9764705362361,0.3591378942645997,0.6253186066270179,0.6253186066270179,0,0,0,0.0,0,0,792.9764705362361,0,0,0,ok,completed,6.9312634999951115,e60a9613cc052e89d5f54455389db3597a9004f2d0eaa3214d6c414d8926d44a,11cef9cb8cbbe9fbae7880ebb50922c001b7b73d11314e6bdd4a7fc541a92f20,5cdc0ea6e8d60f92b491c6e3d9b57b22df03abeaf5f23ddc025e6695451b1bdc
E7C049,1,PASI,screening,high,0.1,1,high,strict,2208,3531,791.1747171316622,0.358321882758905,0.6253186066270179,0.6253186066270179,0,0,0,0.0,0,0,791.1747171316622,0,0,0,ok,completed,7.3529306999989785,e60a9613cc052e89d5f54455389db3597a9004f2d0eaa3214d6c414d8926d44a,11cef9cb8cbbe9fbae7880ebb50922c001b7b73d11314e6bdd4a7fc541a92f20,5cdc0ea6e8d60f92b491c6e3d9b57b22df03abeaf5f23ddc025e6695451b1bdc
E7C049,2,MOI,screening,high,0.1,1,high,strict,2197,3531,558.6564693522591,0.2542815063050793,0.6222033418295101,0.6222033418295101,0,0,0,0.0,0,0,558.6564693522591,0,0,0,ok,completed,7.135674000000108,ec6fb6e3e70e4e4cfaf432beb8c8e81197411dc276b4156fadadf46c4149536b,492d4cad035985c18923cfde4bc4232fa03b6a93196cdf24efda7f57b3d85ad6,e7cddd1ce0628cbf06ac89a1781bd7d2af757bce5c3802267de01ff5f048d437
E7C049,2,PASI,screening,high,0.1,1,high,strict,2197,3531,557.0298892501485,0.25354114212569345,0.6222033418295101,0.6222033418295101,0,0,0,0.0,0,0,557.0298892501485,0,0,0,ok,completed,7.104040399999576,ec6fb6e3e70e4e4cfaf432beb8c8e81197411dc276b4156fadadf46c4149536b,492d4cad035985c18923cfde4bc4232fa03b6a93196cdf24efda7f57b3d85ad6,e7cddd1ce0628cbf06ac89a1781bd7d2af757bce5c3802267de01ff5f048d437
E7C049,3,MOI,screening,high,0.1,1,high,strict,2197,3531,773.447212064131,0.3520469786363819,0.6222033418295101,0.6222033418295101,0,0,0,0.0,0,0,773.447212064131,0,0,0,ok,completed,7.116839899999832,c44b94beec3a0f3f02bc5e6fa6cd1528e66f2f4dc81fc3d375d0a2fa4a82c358,e1e48c4a0d095eaddd1c487f357c5a5231c41cf97c05d582ee656f2824b389b9,8d3b389ea9acb8dadb2e0c3bdf11fb6732f4b0b849460e0ac95db8eab639e866
E7C049,3,PASI,screening,high,0.1,1,high,strict,2197,3531,772.3267776282901,0.35153699482398276,0.6222033418295101,0.6222033418295101,0,0,0,0.0,0,0,772.3267776282901,0,0,0,ok,completed,7.104220899999746,c44b94beec3a0f3f02bc5e6fa6cd1528e66f2f4dc81fc3d375d0a2fa4a82c358,e1e48c4a0d095eaddd1c487f357c5a5231c41cf97c05d582ee656f2824b389b9,8d3b389ea9acb8dadb2e0c3bdf11fb6732f4b0b849460e0ac95db8eab639e866
E7C049,4,MOI,screening,high,0.1,1,high,strict,2186,3531,748.2287734638551,0.3422821470557434,0.6190880770320023,0.6190880770320023,0,0,0,0.0,0,0,748.2287734638551,0,0,0,ok,completed,7.2644688000000315,b3523e2089dbd7a32da94bd9af1457f53f613cc29afd93e90d9e37732b37fa40,2e4fa65a58cb09ed60334251d14263a9ac2f7df6c2af4ea3d214ae55c8fa675d,be90ff0c1e49f5db5249576b1c068fc7c20afd6f08815f7d89315502b71ba828
E7C049,4,PASI,screening,high,0.1,1,high,strict,2186,3531,746.6150941330047,0.34154395888975514,0.6190880770320023,0.6190880770320023,0,0,0,0.0,0,0,746.6150941330047,0,0,0,ok,completed,7.24941839999974,b3523e2089dbd7a32da94bd9af1457f53f613cc29afd93e90d9e37732b37fa40,2e4fa65a58cb09ed60334251d14263a9ac2f7df6c2af4ea3d214ae55c8fa675d,be90ff0c1e49f5db5249576b1c068fc7c20afd6f08815f7d89315502b71ba828
E7C049,5,MOI,screening,high,0.1,1,high,strict,2184,3531,636.9071435149248,0.29162414996104613,0.6185216652506372,0.6185216652506372,0,0,0,0.0,0,0,636.9071435149248,0,0,0,ok,completed,7.167577900000651,9c91d040fe812b98e9b759b6161595b173d2d116b16ce3708a8597be62bb4e8a,a0144a97460eb561ed5ae3c768bb8599f8b0b02944531430c25196e23bb7af33,49aa58b6d968f3c38791beb488ea932e5053970d28efcfe2459d7e341b267f06
E7C049,5,PASI,screening,high,0.1,1,high,strict,2184,3531,634.8261659205352,0.2906713213921865,0.6185216652506372,0.6185216652506372,0,0,0,0.0,0,0,634.8261659205352,0,0,0,ok,completed,7.147370499999852,9c91d040fe812b98e9b759b6161595b173d2d116b16ce3708a8597be62bb4e8a,a0144a97460eb561ed5ae3c768bb8599f8b0b02944531430c25196e23bb7af33,49aa58b6d968f3c38791beb488ea932e5053970d28efcfe2459d7e341b267f06
E7C049,6,MOI,screening,high,0.1,1,high,strict,2203,3531,599.2768272151831,0.27202761108269774,0.6239025771736052,0.6239025771736052,0,0,0,0.0,0,0,599.2768272151831,0,0,0,ok,completed,7.205755300000419,2e819b4fd88809fe30a8e26b180554e99e1dc9845ddda4dd3314189e44d73369,52fe198786d2ed48372d917ed90519c979331f4eb0cf355898006eb579419719,ca543b4e6aabbf77aef09e4d64d7bd9099358b57a05555d45737be0b2c4d284c
E7C049,6,PASI,screening,high,0.1,1,high,strict,2203,3531,596.9274102826287,0.27096114856224635,0.6239025771736052,0.6239025771736052,0,0,0,0.0,0,0,596.9274102826287,0,0,0,ok,completed,7.200076899999658,2e819b4fd88809fe30a8e26b180554e99e1dc9845ddda4dd3314189e44d73369,52fe198786d2ed48372d917ed90519c979331f4eb0cf355898006eb579419719,ca543b4e6aabbf77aef09e4d64d7bd9099358b57a05555d45737be0b2c4d284c
E7C049,7,MOI,screening,high,0.1,1,high,strict,2174,3531,488.1480486975911,0.22453912083605845,0.615689606343812,0.615689606343812,0,0,0,0.0,0,0,488.1480486975911,0,0,0,ok,completed,7.52073879999989,a4a74c297dd7facbcadc3f2bfea242294af7bea2cb4a29c627d99e29a9dfb6e7,60406b0b46e23fe9e145188679264675393880ba816980a155d4f156aa3b9e2a,71e6be7621ae6cc6fad5fd42f67977134ed2f018c50ab97402e67c06ccc24357
E7C049,7,PASI,screening,high,0.1,1,high,strict,2174,3531,486.2912305710271,0.22368501866192597,0.615689606343812,0.615689606343812,0,0,0,0.0,0,0,486.2912305710271,0,0,0,ok,completed,7.500820199999907,a4a74c297dd7facbcadc3f2bfea242294af7bea2cb4a29c627d99e29a9dfb6e7,60406b0b46e23fe9e145188679264675393880ba816980a155d4f156aa3b9e2a,71e6be7621ae6cc6fad5fd42f67977134ed2f018c50ab97402e67c06ccc24357
E7C049,8,MOI,screening,high,0.1,1,high,strict,2209,3531,671.6784929269065,0.30406450562558013,0.6256018125177004,0.6256018125177004,0,0,0,0.0,0,0,671.6784929269065,0,0,0,ok,completed,7.101761199999601,2e4d842490f744be05f504ad4e589f453696f55663201363d55bb7b564314928,bad71a5bf90b2748d558e7bd9e582545259049198d51b02a0d523354be940943,60d1634f0ae399a9dd4bba5215c3ee821695a6aec33e11a322cf1ba4a652faac
E7C049,8,PASI,screening,high,0.1,1,high,strict,2209,3531,669.8407309065603,0.3032325626557539,0.6256018125177004,0.6256018125177004,0,0,0,0.0,0,0,669.8407309065603,0,0,0,ok,completed,7.076326399999743,2e4d842490f744be05f504ad4e589f453696f55663201363d55bb7b564314928,bad71a5bf90b2748d558e7bd9e582545259049198d51b02a0d523354be940943,60d1634f0ae399a9dd4bba5215c3ee821695a6aec33e11a322cf1ba4a652faac
E7C049,9,MOI,screening,high,0.1,1,high,strict,2198,3531,784.5642663669214,0.3569446161814929,0.6224865477201926,0.6224865477201926,0,0,0,0.0,0,0,784.5642663669214,0,0,0,ok,completed,7.0382988000001205,05644c349dadd2679e3020242271f6c70707fe1f74822a0aab58fe3b5ac86b1b,d8ff27230a7567657dd1511a6d99211671c9c617f42bc0f652467f3d8d947740,b7db9cbf6d878c0bb97f81d0a7339eada5200ea160bae7aefed3219c3c7527e9
E7C049,9,PASI,screening,high,0.1,1,high,strict,2198,3531,782.7352309244385,0.35611247994742423,0.6224865477201926,0.6224865477201926,0,0,0,0.0,0,0,782.7352309244385,0,0,0,ok,completed,7.028044399999999,05644c349dadd2679e3020242271f6c70707fe1f74822a0aab58fe3b5ac86b1b,d8ff27230a7567657dd1511a6d99211671c9c617f42bc0f652467f3d8d947740,b7db9cbf6d878c0bb97f81d0a7339eada5200ea160bae7aefed3219c3c7527e9
E7C049,10,MOI,screening,high,0.1,1,high,strict,2208,3531,580.8257198278392,0.2630551267336228,0.6253186066270179,0.6253186066270179,0,0,0,0.0,0,0,580.8257198278392,0,0,0,ok,completed,7.035364800000025,ae2f818058c1f2abf5435b1a214d3adaed90fbe8b8524612ee7f9075b830725b,13ce05c5db181772b0626fbe4f1d194081005c45564ad37624e44c30677e0c49,182acf397c7a925d0fce2e338b970a81836870f4edb8aa579da04bdb9afbcf93
E7C049,10,PASI,screening,high,0.1,1,high,strict,2208,3531,579.029045814701,0.2622414156769479,0.6253186066270179,0.6253186066270179,0,0,0,0.0,0,0,579.029045814701,0,0,0,ok,completed,7.045456099999683,ae2f818058c1f2abf5435b1a214d3adaed90fbe8b8524612ee7f9075b830725b,13ce05c5db181772b0626fbe4f1d194081005c45564ad37624e44c30677e0c49,182acf397c7a925d0fce2e338b970a81836870f4edb8aa579da04bdb9afbcf93
E7C049,11,MOI,confirmation,high,0.1,1,high,strict,2157,3531,624.975194675538,0.2897427884448484,0.610875106202209,0.610875106202209,0,0,0,0.0,0,0,624.975194675538,0,0,0,ok,completed,7.198653000000377,1dc5d8d83c4ff7f26667a371d655b4dba6d74adf688f0f6888c0ba104d87df45,f7706cdce9024d7bd9d25879845ea82c3c6e24e7fd0e7f1f10efac1c7af360c0,fe1faf27331606d303b2db9c58763262a794319b9f498c45db81597f4f4b08da
E7C049,11,PASI,confirmation,high,0.1,1,high,strict,2157,3531,622.9779337855891,0.28881684459229906,0.610875106202209,0.610875106202209,0,0,0,0.0,0,0,622.9779337855891,0,0,0,ok,completed,7.204107999999906,1dc5d8d83c4ff7f26667a371d655b4dba6d74adf688f0f6888c0ba104d87df45,f7706cdce9024d7bd9d25879845ea82c3c6e24e7fd0e7f1f10efac1c7af360c0,fe1faf27331606d303b2db9c58763262a794319b9f498c45db81597f4f4b08da
E7C049,12,MOI,confirmation,high,0.1,1,high,strict,2197,3531,716.1412597359486,0.3259632497660212,0.6222033418295101,0.6222033418295101,0,0,0,0.0,0,0,716.1412597359486,0,0,0,ok,completed,7.2674778999999035,141971c4c9f87dcd134fd815fdf20a03c64a66303785cd229689f296e00e5f36,a379596a93efb3101269008e362959716e99dcac336dcf482e5a5d1fb502d7f6,2694bdbe37ab3dc0d8ab424f666833787c351b7b88b1de803f010831a7a6e945
E7C049,12,PASI,confirmation,high,0.1,1,high,strict,2197,3531,714.6742925452511,0.32529553597872146,0.6222033418295101,0.6222033418295101,0,0,0,0.0,0,0,714.6742925452511,0,0,0,ok,completed,7.339122400000633,141971c4c9f87dcd134fd815fdf20a03c64a66303785cd229689f296e00e5f36,a379596a93efb3101269008e362959716e99dcac336dcf482e5a5d1fb502d7f6,2694bdbe37ab3dc0d8ab424f666833787c351b7b88b1de803f010831a7a6e945
E7C049,13,MOI,confirmation,high,0.1,1,high,strict,2181,3531,856.5247866396368,0.39272113096727956,0.6176720475785896,0.6176720475785896,0,0,0,0.0,0,0,856.5247866396368,0,0,0,ok,completed,7.4477060999997775,9074fe90fcb9cc353470b45d003d201b6fcb043506454aab79686b78c76659f3,2eb98328a158851ee83fc3c7f5635c01610effee1c25c99cce78fe8564ea1da7,40d3dad7b6157fb8cadb16ee166b785829d8375993e5cf1797b1608002cadc68
E7C049,13,PASI,confirmation,high,0.1,1,high,strict,2181,3531,855.3289134495171,0.39217281680399685,0.6176720475785896,0.6176720475785896,0,0,0,0.0,0,0,855.3289134495171,0,0,0,ok,completed,7.411963300000025,9074fe90fcb9cc353470b45d003d201b6fcb043506454aab79686b78c76659f3,2eb98328a158851ee83fc3c7f5635c01610effee1c25c99cce78fe8564ea1da7,40d3dad7b6157fb8cadb16ee166b785829d8375993e5cf1797b1608002cadc68
E7C049,14,MOI,confirmation,high,0.1,1,high,strict,2158,3531,569.1633574213232,0.26374576340191064,0.6111583120928915,0.6111583120928915,0,0,0,0.0,0,0,569.1633574213232,0,0,0,ok,completed,7.24571509999987,27e53d29734b221c9bac3a41c68ba0d735e45a596930c2c9ca7853d54b2b9f75,d9f8b33db5de6f0b98ff6fbe3e88f6e8b3e792c7a0ff314c119ad39eb5820357,c458abeb5be448e5ec9ecb0393be53ab39b851c657c04421890ead5c0cd59432
E7C049,14,PASI,confirmation,high,0.1,1,high,strict,2158,3531,567.3309429693041,0.2628966371498166,0.6111583120928915,0.6111583120928915,0,0,0,0.0,0,0,567.3309429693041,0,0,0,ok,completed,7.210735800000293,27e53d29734b221c9bac3a41c68ba0d735e45a596930c2c9ca7853d54b2b9f75,d9f8b33db5de6f0b98ff6fbe3e88f6e8b3e792c7a0ff314c119ad39eb5820357,c458abeb5be448e5ec9ecb0393be53ab39b851c657c04421890ead5c0cd59432
E7C049,15,MOI,confirmation,high,0.1,1,high,strict,2181,3531,813.1309873877462,0.37282484520300146,0.6176720475785896,0.6176720475785896,0,0,0,0.0,0,0,813.1309873877462,0,0,0,ok,completed,7.020328900000095,ab50d6d16b442b10180b2ee2f4953e9e66ff1d97c5c57a09b308c23e6d74368e,0a021ae0dd6dea41777d906289a82dacc0e204ba6317d3d29b9ce45113d2c5f5,eca61b804e6583bbf111ce73fbc5bca81d2459f4a242c06d895700c906d17f22
E7C049,15,PASI,confirmation,high,0.1,1,high,strict,2181,3531,811.7676011858705,0.3721997254405642,0.6176720475785896,0.6176720475785896,0,0,0,0.0,0,0,811.7676011858705,0,0,0,ok,completed,7.020541399999274,ab50d6d16b442b10180b2ee2f4953e9e66ff1d97c5c57a09b308c23e6d74368e,0a021ae0dd6dea41777d906289a82dacc0e204ba6317d3d29b9ce45113d2c5f5,eca61b804e6583bbf111ce73fbc5bca81d2459f4a242c06d895700c906d17f22
E7C049,16,MOI,confirmation,high,0.1,1,high,strict,2175,3531,727.7350637473323,0.3345908339068195,0.6159728122344945,0.6159728122344945,0,0,0,0.0,0,0,727.7350637473323,0,0,0,ok,completed,7.282183799999984,2751157e1905b0b1f79d85004bf8e9c476772c898e43bfe8d4a914d9e24c5d53,8ba0a3081feafbd776d09ec414b807c7e93091c10454c068b41b7636fe92896a,30a7fe8b0ca3efb5accd5875c5507014ca2779344cf5604dce812f3c33d4f7df
E7C049,16,PASI,confirmation,high,0.1,1,high,strict,2175,3531,725.9490672670972,0.33376968609981483,0.6159728122344945,0.6159728122344945,0,0,0,0.0,0,0,725.9490672670972,0,0,0,ok,completed,7.273064300000442,2751157e1905b0b1f79d85004bf8e9c476772c898e43bfe8d4a914d9e24c5d53,8ba0a3081feafbd776d09ec414b807c7e93091c10454c068b41b7636fe92896a,30a7fe8b0ca3efb5accd5875c5507014ca2779344cf5604dce812f3c33d4f7df
E7C049,17,MOI,confirmation,high,0.1,1,high,strict,2215,3531,712.851477799709,0.32182910961612143,0.6273010478617955,0.6273010478617955,0,0,0,0.0,0,0,712.851477799709,0,0,0,ok,completed,7.346897100000206,e09c0cb7bf613f4d92e9b094dd3061dc9256083af3c6f7d97022567875ec36c2,fb626e6cb61f96dc9da220f8aa2cff956edb93a75022b7045c65b8eec691f343,fd6cd112bcaf4719be939c188d7d89020767fa581b99ebc5319281cbcb7411b9
E7C049,17,PASI,confirmation,high,0.1,1,high,strict,2215,3531,711.4414757728211,0.32119253985228946,0.6273010478617955,0.6273010478617955,0,0,0,0.0,0,0,711.4414757728211,0,0,0,ok,completed,7.354461199999605,e09c0cb7bf613f4d92e9b094dd3061dc9256083af3c6f7d97022567875ec36c2,fb626e6cb61f96dc9da220f8aa2cff956edb93a75022b7045c65b8eec691f343,fd6cd112bcaf4719be939c188d7d89020767fa581b99ebc5319281cbcb7411b9
E7C049,18,MOI,confirmation,high,0.1,1,high,strict,2205,3531,645.8454821520561,0.2929004454204336,0.6244689889549703,0.6244689889549703,0,0,0,0.0,0,0,645.8454821520561,0,0,0,ok,completed,7.303322700000535,b2164bc34f219a41bd28af541ef2b26af2810025778734f06f0cca51e19828e2,5141075eb5dd8f05773739a761e8e9ebb1c7aba8525692bdc14f16cb99f840eb,55a763ed1c20f1726887ca1b8a8811a5ff2af8974f077e98e22bfe7415bb7e73
E7C049,18,PASI,confirmation,high,0.1,1,high,strict,2205,3531,644.4540954573988,0.2922694310464394,0.6244689889549703,0.6244689889549703,0,0,0,0.0,0,0,644.4540954573988,0,0,0,ok,completed,7.281363699999929,b2164bc34f219a41bd28af541ef2b26af2810025778734f06f0cca51e19828e2,5141075eb5dd8f05773739a761e8e9ebb1c7aba8525692bdc14f16cb99f840eb,55a763ed1c20f1726887ca1b8a8811a5ff2af8974f077e98e22bfe7415bb7e73
E7C049,19,MOI,confirmation,high,0.1,1,high,strict,2197,3531,587.8017126263959,0.26754743405844145,0.6222033418295101,0.6222033418295101,0,0,0,0.0,0,0,587.8017126263959,0,0,0,ok,completed,7.1891623999999865,dbef863e669ee7f9568b8e04bc9cf6844fa03402e63e0d184a565bf06683fcc6,9403b969f38df7b07a6b636b335ac6f7c6650b737e62fa85c7153363c0b0d86d,0a8b1fcf591eab7381f53fa5036e6a372e29e43cc8ba9e50c3ec37b1101d3a3b
E7C049,19,PASI,confirmation,high,0.1,1,high,strict,2197,3531,586.0487616759277,0.2667495501483513,0.6222033418295101,0.6222033418295101,0,0,0,0.0,0,0,586.0487616759277,0,0,0,ok,completed,7.192997400000422,dbef863e669ee7f9568b8e04bc9cf6844fa03402e63e0d184a565bf06683fcc6,9403b969f38df7b07a6b636b335ac6f7c6650b737e62fa85c7153363c0b0d86d,0a8b1fcf591eab7381f53fa5036e6a372e29e43cc8ba9e50c3ec37b1101d3a3b
E7C049,20,MOI,confirmation,high,0.1,1,high,strict,2179,3531,676.9752997908756,0.31068164285951155,0.6171056357972245,0.6171056357972245,0,0,0,0.0,0,0,676.9752997908756,0,0,0,ok,completed,7.111025000000154,34b6a1b2e592587dddba2e448ad5dfa4bb26d4bec6d4e018a4813244b3498783,aa5c1655f47dd0caf7c02f92320ad81da6e646155f21f96d34f9850f985d09c3,bb025a1842bb202bf6f20c678977d62fd060c5ba911ed793548742b4316a3854
E7C049,20,PASI,confirmation,high,0.1,1,high,strict,2179,3531,675.4216556886233,0.3099686350108414,0.6171056357972245,0.6171056357972245,0,0,0,0.0,0,0,675.4216556886233,0,0,0,ok,completed,7.079993600000307,34b6a1b2e592587dddba2e448ad5dfa4bb26d4bec6d4e018a4813244b3498783,aa5c1655f47dd0caf7c02f92320ad81da6e646155f21f96d34f9850f985d09c3,bb025a1842bb202bf6f20c678977d62fd060c5ba911ed793548742b4316a3854
E7C049,21,MOI,confirmation,high,0.1,1,high,strict,2205,3531,617.6512786237046,0.2801139585595032,0.6244689889549703,0.6244689889549703,0,0,0,0.0,0,0,617.6512786237046,0,0,0,ok,completed,6.94405740000002,940b178c7b38e471cbb656ebd731152dde5e08e998c076ff334e990775a3472b,ded53d733a16e2939c3c098abc37364fbeaa338ef2c14fc4b8cb7fd970c9d2ae,674c077dc742c7e449d313daaa4065b1181bc0e14313a6144858bdc779237e52
E7C049,21,PASI,confirmation,high,0.1,1,high,strict,2205,3531,615.7122104056212,0.27923456254223183,0.6244689889549703,0.6244689889549703,0,0,0,0.0,0,0,615.7122104056212,0,0,0,ok,completed,6.929879899999833,940b178c7b38e471cbb656ebd731152dde5e08e998c076ff334e990775a3472b,ded53d733a16e2939c3c098abc37364fbeaa338ef2c14fc4b8cb7fd970c9d2ae,674c077dc742c7e449d313daaa4065b1181bc0e14313a6144858bdc779237e52
E7C049,22,MOI,confirmation,high,0.1,1,high,strict,2188,3531,699.0010014424186,0.31947029316381104,0.6196544888133673,0.6196544888133673,0,0,0,0.0,0,0,699.0010014424186,0,0,0,ok,completed,7.163028300000406,ebc049bc3ed5762b2c1a5be3458dec329584f31240d81ca06af4d790e3beaaab,32da06f494c041bf6e8457599bb6ec9b599a364e06d2cdf9aa41638120d780d9,1231509614a3c087eef0cb7cac78f49ef2150acbe0841592b5815ab7562e4b20
E7C049,22,PASI,confirmation,high,0.1,1,high,strict,2188,3531,697.5228314171086,0.3187947127134866,0.6196544888133673,0.6196544888133673,0,0,0,0.0,0,0,697.5228314171086,0,0,0,ok,completed,7.257222399999591,ebc049bc3ed5762b2c1a5be3458dec329584f31240d81ca06af4d790e3beaaab,32da06f494c041bf6e8457599bb6ec9b599a364e06d2cdf9aa41638120d780d9,1231509614a3c087eef0cb7cac78f49ef2150acbe0841592b5815ab7562e4b20
E7C049,23,MOI,confirmation,high,0.1,1,high,strict,2153,3531,735.2883356465824,0.34151803792223984,0.6097422826394789,0.6097422826394789,0,0,0,0.0,0,0,735.2883356465824,0,0,0,ok,completed,7.284899000000223,d28ab22677248eb1ad0ab57f4e02a0ff68213b82a56fc9b0b34f2e9e57ed45a9,41693687310bffc7b8336a9acafc966b00f0f7aeb6e44176b82e5ae567c30fe3,47cbcf67971f8b2be4649717e6df2fd18ca8fa942aa1738de2f51caa592ba3c6
E7C049,23,PASI,confirmation,high,0.1,1,high,strict,2153,3531,733.6726514539678,0.3407676040194927,0.6097422826394789,0.6097422826394789,0,0,0,0.0,0,0,733.6726514539678,0,0,0,ok,completed,7.291040999999495,d28ab22677248eb1ad0ab57f4e02a0ff68213b82a56fc9b0b34f2e9e57ed45a9,41693687310bffc7b8336a9acafc966b00f0f7aeb6e44176b82e5ae567c30fe3,47cbcf67971f8b2be4649717e6df2fd18ca8fa942aa1738de2f51caa592ba3c6
E7C049,24,MOI,confirmation,high,0.1,1,high,strict,2167,3531,646.6593672566911,0.29841225992463827,0.6137071651090342,0.6137071651090342,0,0,0,0.0,0,0,646.6593672566911,0,0,0,ok,completed,7.230093199999828,7094662f329ba50eb687cdc22e50f25624d0f8e44dd6857a7288afdcf6187ab0,ad7fdb2bc7be9dff62416cd4169b42d277b136e77b3b1ce04a9ba2195e45a182,448cf011b65acb578cf4c56af98988caf922a523a90dd19a1451b63e701d8a67
E7C049,24,PASI,confirmation,high,0.1,1,high,strict,2167,3531,644.785654475701,0.29754760243456435,0.6137071651090342,0.6137071651090342,0,0,0,0.0,0,0,644.785654475701,0,0,0,ok,completed,7.23333569999977,7094662f329ba50eb687cdc22e50f25624d0f8e44dd6857a7288afdcf6187ab0,ad7fdb2bc7be9dff62416cd4169b42d277b136e77b3b1ce04a9ba2195e45a182,448cf011b65acb578cf4c56af98988caf922a523a90dd19a1451b63e701d8a67
E7C049,25,MOI,confirmation,high,0.1,1,high,strict,2215,3531,693.4300903936935,0.313060988891058,0.6273010478617955,0.6273010478617955,0,0,0,0.0,0,0,693.4300903936935,0,0,0,ok,completed,7.09630930000003,d34d66fcf1043b074a249930f85f8c49f6195cfedfa3cb58caab3d3f1b8cc21b,99eab72e72ee86df4094db41395b182bc0b43d791f691a770b2cbf353851271c,ef4ef6a36d9397a298e9ad17f2c9ff3152bbe93c302be2697ff9e7c38ddd15e6
E7C049,25,PASI,confirmation,high,0.1,1,high,strict,2215,3531,691.7882143037386,0.31231973557730863,0.6273010478617955,0.6273010478617955,0,0,0,0.0,0,0,691.7882143037386,0,0,0,ok,completed,7.086471900000106,d34d66fcf1043b074a249930f85f8c49f6195cfedfa3cb58caab3d3f1b8cc21b,99eab72e72ee86df4094db41395b182bc0b43d791f691a770b2cbf353851271c,ef4ef6a36d9397a298e9ad17f2c9ff3152bbe93c302be2697ff9e7c38ddd15e6
E7C049,26,MOI,confirmation,high,0.1,1,high,strict,2189,3531,631.4837224936662,0.2884804579687831,0.6199376947040498,0.6199376947040498,0,0,0,0.0,0,0,631.4837224936662,0,0,0,ok,completed,7.197091,4b076f89f78f349a7487f49ad4adc27f30202e18a5712cf89245e2a81d6d62b7,a3434235138dc5d561b3b6d6a1f650c66cf0f67c4476d12aaebcc8e2396ad519,1f6401bf19e3706fc48336ff616be9732770eb0582c0faa6bec9b6e2b5c52328
E7C049,26,PASI,confirmation,high,0.1,1,high,strict,2189,3531,629.0384836810763,0.28736340049386766,0.6199376947040498,0.6199376947040498,0,0,0,0.0,0,0,629.0384836810763,0,0,0,ok,completed,7.193588899999668,4b076f89f78f349a7487f49ad4adc27f30202e18a5712cf89245e2a81d6d62b7,a3434235138dc5d561b3b6d6a1f650c66cf0f67c4476d12aaebcc8e2396ad519,1f6401bf19e3706fc48336ff616be9732770eb0582c0faa6bec9b6e2b5c52328
E7C049,27,MOI,confirmation,high,0.1,1,high,strict,2139,3531,586.8147156718385,0.2743406805384939,0.6057774001699235,0.6057774001699235,0,0,0,0.0,0,0,586.8147156718385,0,0,0,ok,completed,7.3241781000006085,33eade8924cda5088e54eed14fc5e717890938024067ba9019b96972f7b11018,8cfc378df87b1368e3d6661f2e0e4d6adb02448cfbaf417d1515996732f269bc,0179af515e00434159116bae5cb517ce0c2ce418de0adeb6ad428281e9732e88
E7C049,27,PASI,confirmation,high,0.1,1,high,strict,2139,3531,585.5872297951396,0.2737668208485926,0.6057774001699235,0.6057774001699235,0,0,0,0.0,0,0,585.5872297951396,0,0,0,ok,completed,7.308559099999911,33eade8924cda5088e54eed14fc5e717890938024067ba9019b96972f7b11018,8cfc378df87b1368e3d6661f2e0e4d6adb02448cfbaf417d1515996732f269bc,0179af515e00434159116bae5cb517ce0c2ce418de0adeb6ad428281e9732e88
E7C049,28,MOI,confirmation,high,0.1,1,high,strict,2232,3531,735.2928913538873,0.3294322989936771,0.6321155480033984,0.6321155480033984,0,0,0,0.0,0,0,735.2928913538873,0,0,0,ok,completed,7.064105299999937,4ce9c508500db373a8390008137723292c93f69afe73fedbff88baaa2479b6fe,0b0df535810243fe4ed7435e88c30b99f0f25d611649525f94f31b59c12be119,ddf44ed557f7c672043e55e73bfc3cc4ec734ee8a026f1fc7b8d2e00423f766b
E7C049,28,PASI,confirmation,high,0.1,1,high,strict,2232,3531,733.7124483813901,0.32872421522463713,0.6321155480033984,0.6321155480033984,0,0,0,0.0,0,0,733.7124483813901,0,0,0,ok,completed,7.1810492999993585,4ce9c508500db373a8390008137723292c93f69afe73fedbff88baaa2479b6fe,0b0df535810243fe4ed7435e88c30b99f0f25d611649525f94f31b59c12be119,ddf44ed557f7c672043e55e73bfc3cc4ec734ee8a026f1fc7b8d2e00423f766b
E7C049,29,MOI,confirmation,high,0.1,1,high,strict,2162,3531,564.6950770501792,0.26119106246539275,0.6122911356556217,0.6122911356556217,0,0,0,0.0,0,0,564.6950770501792,0,0,0,ok,completed,7.368922100000418,22ceac79aa23bc6c907e481f1c6edb7e29874091faf53714d72926e26ca216b6,a8048f7d5b50f7eae5ece9b76f9717866683008eace3476531c80e8197c4dd59,01a4c1f3621ebd5477c6f26d2e67fb428a07845ef2d1814d13f998c8586f41a2
E7C049,29,PASI,confirmation,high,0.1,1,high,strict,2162,3531,563.117383884067,0.2604613246457294,0.6122911356556217,0.6122911356556217,0,0,0,0.0,0,0,563.117383884067,0,0,0,ok,completed,7.352613600000041,22ceac79aa23bc6c907e481f1c6edb7e29874091faf53714d72926e26ca216b6,a8048f7d5b50f7eae5ece9b76f9717866683008eace3476531c80e8197c4dd59,01a4c1f3621ebd5477c6f26d2e67fb428a07845ef2d1814d13f998c8586f41a2
E7C049,30,MOI,confirmation,high,0.1,1,high,strict,2170,3531,608.0250809643198,0.2801958898453087,0.6145567827810818,0.6145567827810818,0,0,0,0.0,0,0,608.0250809643198,0,0,0,ok,completed,7.623474400000305,9f56fc1393a128afb02e083d417b3b79faae9b7e739de07c1bdc7da4740e30e1,a7575d83900f14c8b3204f1f14a59b5097569b6ac97f127ce887a65d4f80c453,662f81fba8f794c8f7d1796741b23e24667a5de3ce58ca8fabf37b2b267056da
E7C049,30,PASI,confirmation,high,0.1,1,high,strict,2170,3531,606.067760992225,0.27929389907475805,0.6145567827810818,0.6145567827810818,0,0,0,0.0,0,0,606.067760992225,0,0,0,ok,completed,7.493257099999937,9f56fc1393a128afb02e083d417b3b79faae9b7e739de07c1bdc7da4740e30e1,a7575d83900f14c8b3204f1f14a59b5097569b6ac97f127ce887a65d4f80c453,662f81fba8f794c8f7d1796741b23e24667a5de3ce58ca8fabf37b2b267056da
E7C050,1,MOI,screening,high,0.0,5,medium,moderate,2516,3531,922.749151261689,0.36675244485758707,0.712546020957236,0.712546020957236,0,0,0,0.0,0,0,922.749151261689,0,0,0,ok,completed,6.8414947999990545,e60a9613cc052e89d5f54455389db3597a9004f2d0eaa3214d6c414d8926d44a,ec22371983a259c14f4c8d91c29d100c194db3be0b439c722923a20d80c394ef,ce1c4d6302a6ee12fe54692dbac94090619629be307d7a8a4cfe903ca8b962ef
E7C050,1,PASI,screening,high,0.0,5,medium,moderate,2516,3531,922.749151261689,0.36675244485758707,0.712546020957236,0.712546020957236,0,0,0,0.0,0,0,922.749151261689,0,0,0,ok,completed,7.222743100006483,e60a9613cc052e89d5f54455389db3597a9004f2d0eaa3214d6c414d8926d44a,ec22371983a259c14f4c8d91c29d100c194db3be0b439c722923a20d80c394ef,ce1c4d6302a6ee12fe54692dbac94090619629be307d7a8a4cfe903ca8b962ef
E7C050,2,MOI,screening,high,0.0,5,medium,moderate,2511,3531,701.6603484264806,0.2794346270117406,0.7111299915038233,0.7111299915038233,0,0,0,0.0,0,0,701.6603484264806,0,0,0,ok,completed,7.234215100000256,ec6fb6e3e70e4e4cfaf432beb8c8e81197411dc276b4156fadadf46c4149536b,a39b0811c2f464ab764e8dbd8e8b9487ee6f06182940d447e7a4597636aac541,1d3f5818eecdf42dc5e99cbe049d65786694be2124e3724019df64241a59587a
E7C050,2,PASI,screening,high,0.0,5,medium,moderate,2511,3531,701.6603484264806,0.2794346270117406,0.7111299915038233,0.7111299915038233,0,0,0,0.0,0,0,701.6603484264806,0,0,0,ok,completed,7.227679200000239,ec6fb6e3e70e4e4cfaf432beb8c8e81197411dc276b4156fadadf46c4149536b,a39b0811c2f464ab764e8dbd8e8b9487ee6f06182940d447e7a4597636aac541,1d3f5818eecdf42dc5e99cbe049d65786694be2124e3724019df64241a59587a
E7C050,3,MOI,screening,high,0.0,5,medium,moderate,2478,3531,910.770706751377,0.3675426580917583,0.7017841971112999,0.7017841971112999,0,0,0,0.0,0,0,910.770706751377,0,0,0,ok,completed,7.031019699999888,c44b94beec3a0f3f02bc5e6fa6cd1528e66f2f4dc81fc3d375d0a2fa4a82c358,196eb5c9c5c3188bcc0d9b17c0f052bcdd132d6719f36eda010856852aba6a7c,365efb57e3d9d10b41ab5fec37e6d7585ce2484c777449148e56877c4da9f5ff
E7C050,3,PASI,screening,high,0.0,5,medium,moderate,2478,3531,910.770706751377,0.3675426580917583,0.7017841971112999,0.7017841971112999,0,0,0,0.0,0,0,910.770706751377,0,0,0,ok,completed,7.0485742999999275,c44b94beec3a0f3f02bc5e6fa6cd1528e66f2f4dc81fc3d375d0a2fa4a82c358,196eb5c9c5c3188bcc0d9b17c0f052bcdd132d6719f36eda010856852aba6a7c,365efb57e3d9d10b41ab5fec37e6d7585ce2484c777449148e56877c4da9f5ff
E7C050,4,MOI,screening,high,0.0,5,medium,moderate,2484,3531,844.4059622523274,0.3399379880242864,0.703483432455395,0.703483432455395,0,0,0,0.0,0,0,844.4059622523274,0,0,0,ok,completed,6.896007600000303,b3523e2089dbd7a32da94bd9af1457f53f613cc29afd93e90d9e37732b37fa40,09efb71e6d62b006f3ec3fe63739503350485a325c5979c3eb9dd05401ca11eb,bd1e852e2a9c3e128ba6f4491c3e8a1be2a438591fbbe5dbe33f346c4674f34b
E7C050,4,PASI,screening,high,0.0,5,medium,moderate,2484,3531,844.4059622523274,0.3399379880242864,0.703483432455395,0.703483432455395,0,0,0,0.0,0,0,844.4059622523274,0,0,0,ok,completed,6.891153900000063,b3523e2089dbd7a32da94bd9af1457f53f613cc29afd93e90d9e37732b37fa40,09efb71e6d62b006f3ec3fe63739503350485a325c5979c3eb9dd05401ca11eb,bd1e852e2a9c3e128ba6f4491c3e8a1be2a438591fbbe5dbe33f346c4674f34b
E7C050,5,MOI,screening,high,0.0,5,medium,moderate,2502,3531,763.974061656002,0.30534534838369387,0.7085811384876806,0.7085811384876806,0,0,0,0.0,0,0,763.974061656002,0,0,0,ok,completed,6.948092699999506,9c91d040fe812b98e9b759b6161595b173d2d116b16ce3708a8597be62bb4e8a,7fae0de04dd792aaec115bd87fa4900b11c746275332ce142fb1f1edf0b209e3,f1585221964d11f8f8076ce8c435b9ed767cb56385bf3a2c3d4d034e4c9b1d53
E7C050,5,PASI,screening,high,0.0,5,medium,moderate,2502,3531,763.974061656002,0.30534534838369387,0.7085811384876806,0.7085811384876806,0,0,0,0.0,0,0,763.974061656002,0,0,0,ok,completed,6.954507599999488,9c91d040fe812b98e9b759b6161595b173d2d116b16ce3708a8597be62bb4e8a,7fae0de04dd792aaec115bd87fa4900b11c746275332ce142fb1f1edf0b209e3,f1585221964d11f8f8076ce8c435b9ed767cb56385bf3a2c3d4d034e4c9b1d53
E7C050,6,MOI,screening,high,0.0,5,medium,moderate,2523,3531,709.3091492318734,0.28113719747597044,0.7145284621920136,0.7145284621920136,0,0,0,0.0,0,0,709.3091492318734,0,0,0,ok,completed,6.911701600000015,2e819b4fd88809fe30a8e26b180554e99e1dc9845ddda4dd3314189e44d73369,b686317ba1a6e585f4fafcf8623be963a470380fad24127d76e6ba6a18026cd4,9a77e038c900564cbf9ba638c7e5b0b4c3da23bc62715c89026e07b13ba03297
E7C050,6,PASI,screening,high,0.0,5,medium,moderate,2523,3531,709.3091492318734,0.28113719747597044,0.7145284621920136,0.7145284621920136,0,0,0,0.0,0,0,709.3091492318734,0,0,0,ok,completed,6.924885499999618,2e819b4fd88809fe30a8e26b180554e99e1dc9845ddda4dd3314189e44d73369,b686317ba1a6e585f4fafcf8623be963a470380fad24127d76e6ba6a18026cd4,9a77e038c900564cbf9ba638c7e5b0b4c3da23bc62715c89026e07b13ba03297
E7C050,7,MOI,screening,high,0.0,5,medium,moderate,2484,3531,626.2738022967294,0.25212310881510847,0.703483432455395,0.703483432455395,0,0,0,0.0,0,0,626.2738022967294,0,0,0,ok,completed,7.209423799999968,a4a74c297dd7facbcadc3f2bfea242294af7bea2cb4a29c627d99e29a9dfb6e7,9ec08ecc0cb27e9bf90bde3fee64591dc1a2f37d471945ce53e7984e871d118d,b79c094990eb1e4c3fd6ad955d02760cfe6759a72ac3ec891ff1a98b478a8e82
E7C050,7,PASI,screening,high,0.0,5,medium,moderate,2484,3531,626.2738022967294,0.25212310881510847,0.703483432455395,0.703483432455395,0,0,0,0.0,0,0,626.2738022967294,0,0,0,ok,completed,7.238893100000496,a4a74c297dd7facbcadc3f2bfea242294af7bea2cb4a29c627d99e29a9dfb6e7,9ec08ecc0cb27e9bf90bde3fee64591dc1a2f37d471945ce53e7984e871d118d,b79c094990eb1e4c3fd6ad955d02760cfe6759a72ac3ec891ff1a98b478a8e82
E7C050,8,MOI,screening,high,0.0,5,medium,moderate,2541,3531,789.5089674720455,0.3107079761794748,0.719626168224299,0.719626168224299,0,0,0,0.0,0,0,789.5089674720455,0,0,0,ok,completed,7.202690099999927,2e4d842490f744be05f504ad4e589f453696f55663201363d55bb7b564314928,a74c70608042d200f55c80a63d4533bc2b4006310e1bcb6e243189d27ced1990,4d311a2d901c7168d0c58b3d23f6681e04793d0825cfe2f88ba4a739f953e930
E7C050,8,PASI,screening,high,0.0,5,medium,moderate,2541,3531,789.5089674720455,0.3107079761794748,0.719626168224299,0.719626168224299,0,0,0,0.0,0,0,789.5089674720455,0,0,0,ok,completed,7.185832499999378,2e4d842490f744be05f504ad4e589f453696f55663201363d55bb7b564314928,a74c70608042d200f55c80a63d4533bc2b4006310e1bcb6e243189d27ced1990,4d311a2d901c7168d0c58b3d23f6681e04793d0825cfe2f88ba4a739f953e930
E7C050,9,MOI,screening,high,0.0,5,medium,moderate,2494,3531,854.7103543427188,0.3427066376674895,0.7063154913622204,0.7063154913622204,0,0,0,0.0,0,0,854.7103543427188,0,0,0,ok,completed,6.847162000000026,05644c349dadd2679e3020242271f6c70707fe1f74822a0aab58fe3b5ac86b1b,eef667784ad4220f13e2bea32305373753967c565a0d07c5df8ffd696fe9ad56,4526483f2fe97764cc82de8cf7e37750c7f56e231ec4d446594b166bacafba2a
E7C050,9,PASI,screening,high,0.0,5,medium,moderate,2494,3531,854.7103543427188,0.3427066376674895,0.7063154913622204,0.7063154913622204,0,0,0,0.0,0,0,854.7103543427188,0,0,0,ok,completed,6.862507699999696,05644c349dadd2679e3020242271f6c70707fe1f74822a0aab58fe3b5ac86b1b,eef667784ad4220f13e2bea32305373753967c565a0d07c5df8ffd696fe9ad56,4526483f2fe97764cc82de8cf7e37750c7f56e231ec4d446594b166bacafba2a
E7C050,10,MOI,screening,high,0.0,5,medium,moderate,2501,3531,697.8887505496432,0.2790438826667906,0.708297932596998,0.708297932596998,0,0,0,0.0,0,0,697.8887505496432,0,0,0,ok,completed,6.893166599999859,ae2f818058c1f2abf5435b1a214d3adaed90fbe8b8524612ee7f9075b830725b,a7bbcf26013098e02fff4a279a492c8db368cc93c6dd20a5b06fe9ddb0e31d7c,2ffe0e702c860445e4ca70f58474571ac6642c60fd2e96927da5a60f5c161637
E7C050,10,PASI,screening,high,0.0,5,medium,moderate,2501,3531,697.8887505496432,0.2790438826667906,0.708297932596998,0.708297932596998,0,0,0,0.0,0,0,697.8887505496432,0,0,0,ok,completed,6.875573399999666,ae2f818058c1f2abf5435b1a214d3adaed90fbe8b8524612ee7f9075b830725b,a7bbcf26013098e02fff4a279a492c8db368cc93c6dd20a5b06fe9ddb0e31d7c,2ffe0e702c860445e4ca70f58474571ac6642c60fd2e96927da5a60f5c161637
E7C056,1,MOI,screening,low,0.5,20,high,loose,1123,1206,375.86220617523605,0.3346947517143687,0.9311774461028193,0.9311774461028193,0,0,0,0.0,0,0,375.86220617523605,0,0,0,ok,completed,6.033193800001754,a6853d1f6a46472be7c9ef37ac0c534128e38eeee9a4af6dc1215c753dd73e8b,d66ab3746ae69bf57359cac1f8b1c6eb618a7244b4bd06dae91814cf786b2a77,06603ae9a9e9dd4b5e1bf33f1c7e7ea6d34a9bed23e6ed7a1845a17821485039
E7C056,1,PASI,screening,low,0.5,20,high,loose,1123,1206,372.44937131175186,0.3316557179979981,0.9311774461028193,0.9311774461028193,0,0,0,0.0,0,0,372.44937131175186,0,0,0,ok,completed,6.016789600005723,a6853d1f6a46472be7c9ef37ac0c534128e38eeee9a4af6dc1215c753dd73e8b,d66ab3746ae69bf57359cac1f8b1c6eb618a7244b4bd06dae91814cf786b2a77,06603ae9a9e9dd4b5e1bf33f1c7e7ea6d34a9bed23e6ed7a1845a17821485039
E7C056,2,MOI,screening,low,0.5,20,high,loose,1136,1206,265.8222576836629,0.23399846627083,0.9419568822553898,0.9419568822553898,0,0,0,0.0,0,0,265.8222576836629,0,0,0,ok,completed,6.0067871000001105,e7afb3295713137c70e759ced4d1be1c529b43d61136a24b4a4f1ea81f67b788,dae307466c0f2d7e7699b903b80d1e23544f00c41db5e1304b43ec51263cb44e,ba988c0a0803d37371f363aa7a4793f8481b34589c09ea6318a80ecff673d306
E7C056,2,PASI,screening,low,0.5,20,high,loose,1136,1206,262.57658770387013,0.23114136241537864,0.9419568822553898,0.9419568822553898,0,0,0,0.0,0,0,262.57658770387013,0,0,0,ok,completed,6.012694600000032,e7afb3295713137c70e759ced4d1be1c529b43d61136a24b4a4f1ea81f67b788,dae307466c0f2d7e7699b903b80d1e23544f00c41db5e1304b43ec51263cb44e,ba988c0a0803d37371f363aa7a4793f8481b34589c09ea6318a80ecff673d306
E7C056,3,MOI,screening,low,0.5,20,high,loose,1120,1206,360.18432881396353,0.32159315072675315,0.9286898839137645,0.9286898839137645,0,0,0,0.0,0,0,360.18432881396353,0,0,0,ok,completed,5.958530599999904,6e6ffca284f94f477304cb0337f85cbd41dc716c490254a0fa9f3b509c77d831,e4cdbc8f20cac984f5e330304cac803c185b55cf405a0586e7fac72c62462b8d,da2bfc28f8e74a9d61ee75a096c0ce369747ab1ada403bc99b8a8ba0d06c60b8
E7C056,3,PASI,screening,low,0.5,20,high,loose,1120,1206,358.48224644687684,0.32007343432756863,0.9286898839137645,0.9286898839137645,0,0,0,0.0,0,0,358.48224644687684,0,0,0,ok,completed,5.946815500000412,6e6ffca284f94f477304cb0337f85cbd41dc716c490254a0fa9f3b509c77d831,e4cdbc8f20cac984f5e330304cac803c185b55cf405a0586e7fac72c62462b8d,da2bfc28f8e74a9d61ee75a096c0ce369747ab1ada403bc99b8a8ba0d06c60b8
E7C056,4,MOI,screening,low,0.5,20,high,loose,1123,1206,348.8322775349088,0.3106253584460453,0.9311774461028193,0.9311774461028193,0,0,0,0.0,0,0,348.8322775349088,0,0,0,ok,completed,6.288101799999822,b479d924483e1b20a309785a611e582afabec5a7decd37ecdaac82a22d643fb3,b27c00ae6aa33cfc0565d19aa920482babeef332343d8559989dc93b8cc2acdb,e637d82bee5f6356dffa92fbba416a33c9c092a202fdd9fcdbaaa4d2758cacaa
E7C056,4,PASI,screening,low,0.5,20,high,loose,1123,1206,344.7553435913187,0.3069949631267308,0.9311774461028193,0.9311774461028193,0,0,0,0.0,0,0,344.7553435913187,0,0,0,ok,completed,6.282120300000315,b479d924483e1b20a309785a611e582afabec5a7decd37ecdaac82a22d643fb3,b27c00ae6aa33cfc0565d19aa920482babeef332343d8559989dc93b8cc2acdb,e637d82bee5f6356dffa92fbba416a33c9c092a202fdd9fcdbaaa4d2758cacaa
E7C056,5,MOI,screening,low,0.5,20,high,loose,1128,1206,313.79955999958514,0.27819109929041236,0.9353233830845771,0.9353233830845771,0,0,0,0.0,0,0,313.79955999958514,0,0,0,ok,completed,6.293817999999192,5835ae3525d94e6b2905e151656d3fc4f01a68a364a90e09c2d74fba6ffda3c0,31b612abdfd0c127827079ee50fea19181189832da19f892a32bd95109089da5,6a71d288dcb197d223c71a9bf3b034dbe9e515e94ccef33f9176e87582080db6
E7C056,5,PASI,screening,low,0.5,20,high,loose,1128,1206,309.46988413959804,0.27435273416631034,0.9353233830845771,0.9353233830845771,0,0,0,0.0,0,0,309.46988413959804,0,0,0,ok,completed,6.307946799999627,5835ae3525d94e6b2905e151656d3fc4f01a68a364a90e09c2d74fba6ffda3c0,31b612abdfd0c127827079ee50fea19181189832da19f892a32bd95109089da5,6a71d288dcb197d223c71a9bf3b034dbe9e515e94ccef33f9176e87582080db6
E7C056,6,MOI,screening,low,0.5,20,high,loose,1131,1206,300.86332538796654,0.26601531864541694,0.9378109452736318,0.9378109452736318,0,0,0,0.0,0,0,300.86332538796654,0,0,0,ok,completed,5.935529999999744,f00beec923e5881e89555edc23bc5ed65e1ab571fcb71554186a85292825d71a,11cb1d2cc52ef078d70aba72f90a0ee04eadee8f538c44070cab74678943ea17,fe43a08304f68f1558559875451320e3e30c8f962300782a1def22565842d7f1
E7C056,6,PASI,screening,low,0.5,20,high,loose,1131,1206,297.4136684781207,0.26296522411858597,0.9378109452736318,0.9378109452736318,0,0,0,0.0,0,0,297.4136684781207,0,0,0,ok,completed,5.885068900000078,f00beec923e5881e89555edc23bc5ed65e1ab571fcb71554186a85292825d71a,11cb1d2cc52ef078d70aba72f90a0ee04eadee8f538c44070cab74678943ea17,fe43a08304f68f1558559875451320e3e30c8f962300782a1def22565842d7f1
E7C056,7,MOI,screening,low,0.5,20,high,loose,1109,1206,234.96717087568751,0.21187301251189136,0.9195688225538972,0.9195688225538972,0,0,0,0.0,0,0,234.96717087568751,0,0,0,ok,completed,5.87680999999975,699e16a61a72d6f6677c88dc92cd28e4eea46af6652088b2c45b39ce3fa488c6,743a26a15c4e74c6298bfab744dedc3455ab63886040084903705f73a56f26e1,3c2e48443c937fa027aa93e93659edbd4046a3136164f179f280f5935e4cccb9
E7C056,7,PASI,screening,low,0.5,20,high,loose,1109,1206,231.85437532670164,0.2090661635046904,0.9195688225538972,0.9195688225538972,0,0,0,0.0,0,0,231.85437532670164,0,0,0,ok,completed,5.855706199999986,699e16a61a72d6f6677c88dc92cd28e4eea46af6652088b2c45b39ce3fa488c6,743a26a15c4e74c6298bfab744dedc3455ab63886040084903705f73a56f26e1,3c2e48443c937fa027aa93e93659edbd4046a3136164f179f280f5935e4cccb9
E7C056,8,MOI,screening,low,0.5,20,high,loose,1112,1206,326.1712188364604,0.2933194413996946,0.9220563847429519,0.9220563847429519,0,0,0,0.0,0,0,326.1712188364604,0,0,0,ok,completed,6.070691300000362,9339345ab1e47990db2ed9dddddcaaafac158be442d6520f9b1ea59107378204,03477e9b5e7807e00eed284eb79c3662d8792fcbfa50a802900cdd4df9a90a23,f27d002226ce0a326774fb1dd954ab5bbba8d5d91162fbb93908a56918d3f2ed
E7C056,8,PASI,screening,low,0.5,20,high,loose,1112,1206,321.80965017520236,0.2893971674237431,0.9220563847429519,0.9220563847429519,0,0,0,0.0,0,0,321.80965017520236,0,0,0,ok,completed,6.1400527999994665,9339345ab1e47990db2ed9dddddcaaafac158be442d6520f9b1ea59107378204,03477e9b5e7807e00eed284eb79c3662d8792fcbfa50a802900cdd4df9a90a23,f27d002226ce0a326774fb1dd954ab5bbba8d5d91162fbb93908a56918d3f2ed
E7C056,9,MOI,screening,low,0.5,20,high,loose,1131,1206,384.91727399803017,0.3403335755950753,0.9378109452736318,0.9378109452736318,0,0,0,0.0,0,0,384.91727399803017,0,0,0,ok,completed,6.1719864000006055,c36553b74fabe50e893eada5c8015d30900e08b71a488c7ec88c4eec579e7327,ed621ecb1233543fcbc3c2f9d986dc598487aea5a586b8bb72eacf55cddb9601,c2ad1e07d5f8d1463df59f0cc05a707041b155d7b3ea2f46081995c97de944c7
E7C056,9,PASI,screening,low,0.5,20,high,loose,1131,1206,381.67304487644685,0.33746511483328634,0.9378109452736318,0.9378109452736318,0,0,0,0.0,0,0,381.67304487644685,0,0,0,ok,completed,6.176527399999941,c36553b74fabe50e893eada5c8015d30900e08b71a488c7ec88c4eec579e7327,ed621ecb1233543fcbc3c2f9d986dc598487aea5a586b8bb72eacf55cddb9601,c2ad1e07d5f8d1463df59f0cc05a707041b155d7b3ea2f46081995c97de944c7
E7C056,10,MOI,screening,low,0.5,20,high,loose,1128,1206,280.2667965083546,0.24846347208187466,0.9353233830845771,0.9353233830845771,0,0,0,0.0,0,0,280.2667965083546,0,0,0,ok,completed,5.977875000000495,b1566d8773caa1272e7a3faaccae636bc93471ce160ad6a4772832b0f691333d,9c60b9e25328b057cf6a4dd4974b802aa788ec4fc8637aaf005ce5cbe082d122,bcf50bdf5af77bbae5c35af4cf628936a2e5a4f0bebe9795ecdd8f698e701ad4
E7C056,10,PASI,screening,low,0.5,20,high,loose,1128,1206,275.7647687270582,0.24447231270129272,0.9353233830845771,0.9353233830845771,0,0,0,0.0,0,0,275.7647687270582,0,0,0,ok,completed,6.034319299999879,b1566d8773caa1272e7a3faaccae636bc93471ce160ad6a4772832b0f691333d,9c60b9e25328b057cf6a4dd4974b802aa788ec4fc8637aaf005ce5cbe082d122,bcf50bdf5af77bbae5c35af4cf628936a2e5a4f0bebe9795ecdd8f698e701ad4
E7C059,1,MOI,screening,medium,0.0,5,high,moderate,1894,2464,664.2487029476401,0.35071209236939815,0.7686688311688312,0.7686688311688312,0,0,0,0.0,0,0,664.2487029476401,0,0,0,ok,completed,6.0142892000003485,85ffcbc7aa05dd74f46233993024f6329d830fa78acc4d396d9be8f6a04b357c,ec22371983a259c14f4c8d91c29d100c194db3be0b439c722923a20d80c394ef,bd7e8c92b4ae65c9faeac7536eb2cffb9a559c25ee5e64a9de9c6c34ee2917f7
E7C059,1,PASI,screening,medium,0.0,5,high,moderate,1894,2464,664.2487029476401,0.35071209236939815,0.7686688311688312,0.7686688311688312,0,0,0,0.0,0,0,664.2487029476401,0,0,0,ok,completed,6.473615199996857,85ffcbc7aa05dd74f46233993024f6329d830fa78acc4d396d9be8f6a04b357c,ec22371983a259c14f4c8d91c29d100c194db3be0b439c722923a20d80c394ef,bd7e8c92b4ae65c9faeac7536eb2cffb9a559c25ee5e64a9de9c6c34ee2917f7
E7C059,2,MOI,screening,medium,0.0,5,high,moderate,1933,2464,487.411936408393,0.25215309695209154,0.7844967532467533,0.7844967532467533,0,0,0,0.0,0,0,487.411936408393,0,0,0,ok,completed,6.17776799999956,df0244e9ea919f41a24d33c303f0c9b691f81eb081b6c5c3c3bb0daef57ba065,a39b0811c2f464ab764e8dbd8e8b9487ee6f06182940d447e7a4597636aac541,f293899e97508067ec9d234c5e09ac2dce524cca8d4fbfa8bd07803ff751bbed
E7C059,2,PASI,screening,medium,0.0,5,high,moderate,1933,2464,487.411936408393,0.25215309695209154,0.7844967532467533,0.7844967532467533,0,0,0,0.0,0,0,487.411936408393,0,0,0,ok,completed,6.173456599999554,df0244e9ea919f41a24d33c303f0c9b691f81eb081b6c5c3c3bb0daef57ba065,a39b0811c2f464ab764e8dbd8e8b9487ee6f06182940d447e7a4597636aac541,f293899e97508067ec9d234c5e09ac2dce524cca8d4fbfa8bd07803ff751bbed
E7C059,3,MOI,screening,medium,0.0,5,high,moderate,1949,2464,671.9185724755107,0.3447504219987228,0.7909902597402597,0.7909902597402597,0,0,0,0.0,0,0,671.9185724755107,0,0,0,ok,completed,6.0269539000000805,fdf083b32927818f7ba2c8aa53ababe13d99eb06cec7b3e807b114d639c8012c,196eb5c9c5c3188bcc0d9b17c0f052bcdd132d6719f36eda010856852aba6a7c,aa486170dcccae821681ba8095e263aa8804f9924d5f672f51a6118951d61a48
E7C059,3,PASI,screening,medium,0.0,5,high,moderate,1949,2464,671.9185724755107,0.3447504219987228,0.7909902597402597,0.7909902597402597,0,0,0,0.0,0,0,671.9185724755107,0,0,0,ok,completed,6.034525699999904,fdf083b32927818f7ba2c8aa53ababe13d99eb06cec7b3e807b114d639c8012c,196eb5c9c5c3188bcc0d9b17c0f052bcdd132d6719f36eda010856852aba6a7c,aa486170dcccae821681ba8095e263aa8804f9924d5f672f51a6118951d61a48
E7C059,4,MOI,screening,medium,0.0,5,high,moderate,1945,2464,650.7899229153584,0.33459636139607113,0.7893668831168831,0.7893668831168831,0,0,0,0.0,0,0,650.7899229153584,0,0,0,ok,completed,6.032497799999874,a09c811a97a72168477996bea5cae221e3be21b35d8313e224ec6b2d2e563dd8,09efb71e6d62b006f3ec3fe63739503350485a325c5979c3eb9dd05401ca11eb,a2671f3b2ba14495bdfe0fff8d483c1c5ddd6def44a62e65b6b29120de83151e
E7C059,4,PASI,screening,medium,0.0,5,high,moderate,1945,2464,650.7899229153584,0.33459636139607113,0.7893668831168831,0.7893668831168831,0,0,0,0.0,0,0,650.7899229153584,0,0,0,ok,completed,6.0427952000000005,a09c811a97a72168477996bea5cae221e3be21b35d8313e224ec6b2d2e563dd8,09efb71e6d62b006f3ec3fe63739503350485a325c5979c3eb9dd05401ca11eb,a2671f3b2ba14495bdfe0fff8d483c1c5ddd6def44a62e65b6b29120de83151e
E7C059,5,MOI,screening,medium,0.0,5,high,moderate,1928,2464,552.2182215528558,0.28642023939463473,0.7824675324675324,0.7824675324675324,0,0,0,0.0,0,0,552.2182215528558,0,0,0,ok,completed,6.288857499999722,3f9d2d2d43882f17652140e431466432f24708128d4f6afea54f0dc89d31b4f9,7fae0de04dd792aaec115bd87fa4900b11c746275332ce142fb1f1edf0b209e3,fe19dffc5d0e4ce5c3378177c6a85195bd37feaa7b49dfd2b3caacba865a4de9
E7C059,5,PASI,screening,medium,0.0,5,high,moderate,1928,2464,552.2182215528558,0.28642023939463473,0.7824675324675324,0.7824675324675324,0,0,0,0.0,0,0,552.2182215528558,0,0,0,ok,completed,6.310760299999856,3f9d2d2d43882f17652140e431466432f24708128d4f6afea54f0dc89d31b4f9,7fae0de04dd792aaec115bd87fa4900b11c746275332ce142fb1f1edf0b209e3,fe19dffc5d0e4ce5c3378177c6a85195bd37feaa7b49dfd2b3caacba865a4de9
E7C059,6,MOI,screening,medium,0.0,5,high,moderate,1894,2464,517.1670055236191,0.2730554411423543,0.7686688311688312,0.7686688311688312,0,0,0,0.0,0,0,517.1670055236191,0,0,0,ok,completed,6.295320100000026,946035e9be2addf721a815cd2b9a051dff9265f5deb6140d693eee9a431839fc,b686317ba1a6e585f4fafcf8623be963a470380fad24127d76e6ba6a18026cd4,4e0bafd3c631a27455527d27a993500232f26f0af08fed5bf786fbc9e2fffe44
E7C059,6,PASI,screening,medium,0.0,5,high,moderate,1894,2464,517.1670055236191,0.2730554411423543,0.7686688311688312,0.7686688311688312,0,0,0,0.0,0,0,517.1670055236191,0,0,0,ok,completed,6.270642800000132,946035e9be2addf721a815cd2b9a051dff9265f5deb6140d693eee9a431839fc,b686317ba1a6e585f4fafcf8623be963a470380fad24127d76e6ba6a18026cd4,4e0bafd3c631a27455527d27a993500232f26f0af08fed5bf786fbc9e2fffe44
E7C059,7,MOI,screening,medium,0.0,5,high,moderate,1940,2464,446.9429827309535,0.2303829807891513,0.7873376623376623,0.7873376623376623,0,0,0,0.0,0,0,446.9429827309535,0,0,0,ok,completed,6.112796200000048,66a1dabb1c578246ff41f5507e00f5385f498dfe0996ab8076b5045cf229b8a4,9ec08ecc0cb27e9bf90bde3fee64591dc1a2f37d471945ce53e7984e871d118d,75886cb35faa752e09549e5316f4108f311700c28436af93718445daf0c5f9ea
E7C059,7,PASI,screening,medium,0.0,5,high,moderate,1940,2464,446.9429827309535,0.2303829807891513,0.7873376623376623,0.7873376623376623,0,0,0,0.0,0,0,446.9429827309535,0,0,0,ok,completed,6.144445900000392,66a1dabb1c578246ff41f5507e00f5385f498dfe0996ab8076b5045cf229b8a4,9ec08ecc0cb27e9bf90bde3fee64591dc1a2f37d471945ce53e7984e871d118d,75886cb35faa752e09549e5316f4108f311700c28436af93718445daf0c5f9ea
E7C059,8,MOI,screening,medium,0.0,5,high,moderate,1961,2464,595.1856482940498,0.30351129438758273,0.7958603896103896,0.7958603896103896,0,0,0,0.0,0,0,595.1856482940498,0,0,0,ok,completed,6.155826800000796,3ef71d6b5b3de753cdb418012bc0d13fe5bea52bc8e2465fee6ca58713ce5b1a,a74c70608042d200f55c80a63d4533bc2b4006310e1bcb6e243189d27ced1990,33694e4b89437a37b8b996bc4efc993cc9882ac5d35c6d878b73d7f7cd0a3aae
E7C059,8,PASI,screening,medium,0.0,5,high,moderate,1961,2464,595.1856482940498,0.30351129438758273,0.7958603896103896,0.7958603896103896,0,0,0,0.0,0,0,595.1856482940498,0,0,0,ok,completed,6.156978699999854,3ef71d6b5b3de753cdb418012bc0d13fe5bea52bc8e2465fee6ca58713ce5b1a,a74c70608042d200f55c80a63d4533bc2b4006310e1bcb6e243189d27ced1990,33694e4b89437a37b8b996bc4efc993cc9882ac5d35c6d878b73d7f7cd0a3aae
E7C059,9,MOI,screening,medium,0.0,5,high,moderate,1943,2464,695.6890250942713,0.3580489063789353,0.7885551948051948,0.7885551948051948,0,0,0,0.0,0,0,695.6890250942713,0,0,0,ok,completed,6.216224799999509,f4292d060ea4095cd4a251074581960f5216aa080dd253380130be1fa49e5845,eef667784ad4220f13e2bea32305373753967c565a0d07c5df8ffd696fe9ad56,facbae895b8b79a645cefd5c0e2d2dda67f697862cba50168271756dda9b649d
E7C059,9,PASI,screening,medium,0.0,5,high,moderate,1943,2464,695.6890250942713,0.3580489063789353,0.7885551948051948,0.7885551948051948,0,0,0,0.0,0,0,695.6890250942713,0,0,0,ok,completed,6.24089129999993,f4292d060ea4095cd4a251074581960f5216aa080dd253380130be1fa49e5845,eef667784ad4220f13e2bea32305373753967c565a0d07c5df8ffd696fe9ad56,facbae895b8b79a645cefd5c0e2d2dda67f697862cba50168271756dda9b649d
E7C059,10,MOI,screening,medium,0.0,5,high,moderate,1932,2464,493.39980728624596,0.25538292302600724,0.7840909090909091,0.7840909090909091,0,0,0,0.0,0,0,493.39980728624596,0,0,0,ok,completed,6.20519030000014,39fb39cff2f581164b297c9583e6c363cfa52d5de3808a2d23774f98ce3ee5a8,a7bbcf26013098e02fff4a279a492c8db368cc93c6dd20a5b06fe9ddb0e31d7c,caaf66159067184219e2def86c652fbb2234bf900a6eb605297c055d7bf9b524
E7C059,10,PASI,screening,medium,0.0,5,high,moderate,1932,2464,493.39980728624596,0.25538292302600724,0.7840909090909091,0.7840909090909091,0,0,0,0.0,0,0,493.39980728624596,0,0,0,ok,completed,6.212118599999485,39fb39cff2f581164b297c9583e6c363cfa52d5de3808a2d23774f98ce3ee5a8,a7bbcf26013098e02fff4a279a492c8db368cc93c6dd20a5b06fe9ddb0e31d7c,caaf66159067184219e2def86c652fbb2234bf900a6eb605297c055d7bf9b524
E7C064,1,MOI,screening,high,0.75,5,medium,loose,2651,3531,982.2541753944384,0.3705221333060877,0.7507788161993769,0.7507788161993769,0,0,0,0.0,0,0,982.2541753944384,0,0,0,ok,completed,6.962775199994212,e60a9613cc052e89d5f54455389db3597a9004f2d0eaa3214d6c414d8926d44a,ec22371983a259c14f4c8d91c29d100c194db3be0b439c722923a20d80c394ef,6f1593011b97e4e9f3fdc4b2623a26daf41182a2596857d21ce5aa7c3546a7fb
E7C064,1,PASI,screening,high,0.75,5,medium,loose,2651,3531,976.4287966130794,0.3683247063798866,0.7507788161993769,0.7507788161993769,0,0,0,0.0,0,0,976.4287966130794,0,0,0,ok,completed,7.024580999990576,e60a9613cc052e89d5f54455389db3597a9004f2d0eaa3214d6c414d8926d44a,ec22371983a259c14f4c8d91c29d100c194db3be0b439c722923a20d80c394ef,6f1593011b97e4e9f3fdc4b2623a26daf41182a2596857d21ce5aa7c3546a7fb
E7C064,2,MOI,screening,high,0.75,5,medium,loose,2664,3531,748.9177854596702,0.28112529484221854,0.7544604927782498,0.7544604927782498,0,0,0,0.0,0,0,748.9177854596702,0,0,0,ok,completed,6.727654399999665,ec6fb6e3e70e4e4cfaf432beb8c8e81197411dc276b4156fadadf46c4149536b,a39b0811c2f464ab764e8dbd8e8b9487ee6f06182940d447e7a4597636aac541,9a143b59753b3b63aca620cae11c667bb7d9c6c11cad82243fe82db3809bdaae
E7C064,2,PASI,screening,high,0.75,5,medium,loose,2664,3531,743.595348477983,0.2791273830623059,0.7544604927782498,0.7544604927782498,0,0,0,0.0,0,0,743.595348477983,0,0,0,ok,completed,6.792457399999876,ec6fb6e3e70e4e4cfaf432beb8c8e81197411dc276b4156fadadf46c4149536b,a39b0811c2f464ab764e8dbd8e8b9487ee6f06182940d447e7a4597636aac541,9a143b59753b3b63aca620cae11c667bb7d9c6c11cad82243fe82db3809bdaae
E7C064,3,MOI,screening,high,0.75,5,medium,loose,2626,3531,968.7476969163444,0.3689062059848988,0.7436986689323138,0.7436986689323138,0,0,0,0.0,0,0,968.7476969163444,0,0,0,ok,completed,6.887524699999631,c44b94beec3a0f3f02bc5e6fa6cd1528e66f2f4dc81fc3d375d0a2fa4a82c358,196eb5c9c5c3188bcc0d9b17c0f052bcdd132d6719f36eda010856852aba6a7c,c9fcb9e04b18eeedb478b033a6d23d6f830ec92282e8a12c2e9f118940424676
E7C064,3,PASI,screening,high,0.75,5,medium,loose,2626,3531,964.8036519018217,0.36740428480648196,0.7436986689323138,0.7436986689323138,0,0,0,0.0,0,0,964.8036519018217,0,0,0,ok,completed,6.859401800000342,c44b94beec3a0f3f02bc5e6fa6cd1528e66f2f4dc81fc3d375d0a2fa4a82c358,196eb5c9c5c3188bcc0d9b17c0f052bcdd132d6719f36eda010856852aba6a7c,c9fcb9e04b18eeedb478b033a6d23d6f830ec92282e8a12c2e9f118940424676
E7C064,4,MOI,screening,high,0.75,5,medium,loose,2611,3531,891.4847991374318,0.34143423942452383,0.7394505805720759,0.7394505805720759,0,0,0,0.0,0,0,891.4847991374318,0,0,0,ok,completed,6.999095600000146,b3523e2089dbd7a32da94bd9af1457f53f613cc29afd93e90d9e37732b37fa40,09efb71e6d62b006f3ec3fe63739503350485a325c5979c3eb9dd05401ca11eb,03a4cb4b156cd6faefee2d0df135d0a1830ab2fc35d28be58e530b670d83c96f
E7C064,4,PASI,screening,high,0.75,5,medium,loose,2611,3531,886.8127816136125,0.33964487997457393,0.7394505805720759,0.7394505805720759,0,0,0,0.0,0,0,886.8127816136125,0,0,0,ok,completed,7.00184039999931,b3523e2089dbd7a32da94bd9af1457f53f613cc29afd93e90d9e37732b37fa40,09efb71e6d62b006f3ec3fe63739503350485a325c5979c3eb9dd05401ca11eb,03a4cb4b156cd6faefee2d0df135d0a1830ab2fc35d28be58e530b670d83c96f
E7C064,5,MOI,screening,high,0.75,5,medium,loose,2639,3531,807.5668841302352,0.30601246082994893,0.7473803455111866,0.7473803455111866,0,0,0,0.0,0,0,807.5668841302352,0,0,0,ok,completed,7.039736899999298,9c91d040fe812b98e9b759b6161595b173d2d116b16ce3708a8597be62bb4e8a,7fae0de04dd792aaec115bd87fa4900b11c746275332ce142fb1f1edf0b209e3,600d15b9b72a41555b2837e9c95332ea879a9d21e0f4a5d5e9f92da85aff8b05
E7C064,5,PASI,screening,high,0.75,5,medium,loose,2639,3531,801.7185087312016,0.3037963276738164,0.7473803455111866,0.7473803455111866,0,0,0,0.0,0,0,801.7185087312016,0,0,0,ok,completed,7.047637499999837,9c91d040fe812b98e9b759b6161595b173d2d116b16ce3708a8597be62bb4e8a,7fae0de04dd792aaec115bd87fa4900b11c746275332ce142fb1f1edf0b209e3,600d15b9b72a41555b2837e9c95332ea879a9d21e0f4a5d5e9f92da85aff8b05
E7C064,6,MOI,screening,high,0.75,5,medium,loose,2653,3531,749.1431652101946,0.2823758632529946,0.751345227980742,0.751345227980742,0,0,0,0.0,0,0,749.1431652101946,0,0,0,ok,completed,6.670793400000548,2e819b4fd88809fe30a8e26b180554e99e1dc9845ddda4dd3314189e44d73369,b686317ba1a6e585f4fafcf8623be963a470380fad24127d76e6ba6a18026cd4,624dfeab01f2e5ca54552fcbaa8a196f297596914ae360938ce2a59dbc38cbfc
E7C064,6,PASI,screening,high,0.75,5,medium,loose,2653,3531,743.216747688072,0.28014200817492346,0.751345227980742,0.751345227980742,0,0,0,0.0,0,0,743.216747688072,0,0,0,ok,completed,6.631449999999859,2e819b4fd88809fe30a8e26b180554e99e1dc9845ddda4dd3314189e44d73369,b686317ba1a6e585f4fafcf8623be963a470380fad24127d76e6ba6a18026cd4,624dfeab01f2e5ca54552fcbaa8a196f297596914ae360938ce2a59dbc38cbfc
E7C064,7,MOI,screening,high,0.75,5,medium,loose,2636,3531,666.790360217805,0.2529553718580444,0.7465307278391391,0.7465307278391391,0,0,0,0.0,0,0,666.790360217805,0,0,0,ok,completed,6.660827099999551,a4a74c297dd7facbcadc3f2bfea242294af7bea2cb4a29c627d99e29a9dfb6e7,9ec08ecc0cb27e9bf90bde3fee64591dc1a2f37d471945ce53e7984e871d118d,b47a80ff2b104e613c29551090b7bb6b5a99c0a6c0a4deaeee66f62f71ceea99
E7C064,7,PASI,screening,high,0.75,5,medium,loose,2636,3531,661.9370413778329,0.25111420386108985,0.7465307278391391,0.7465307278391391,0,0,0,0.0,0,0,661.9370413778329,0,0,0,ok,completed,6.668697400000383,a4a74c297dd7facbcadc3f2bfea242294af7bea2cb4a29c627d99e29a9dfb6e7,9ec08ecc0cb27e9bf90bde3fee64591dc1a2f37d471945ce53e7984e871d118d,b47a80ff2b104e613c29551090b7bb6b5a99c0a6c0a4deaeee66f62f71ceea99
E7C064,8,MOI,screening,high,0.75,5,medium,loose,2696,3531,848.0371809807826,0.3145538505121597,0.7635230812800906,0.7635230812800906,0,0,0,0.0,0,0,848.0371809807826,0,0,0,ok,completed,6.614555500000279,2e4d842490f744be05f504ad4e589f453696f55663201363d55bb7b564314928,a74c70608042d200f55c80a63d4533bc2b4006310e1bcb6e243189d27ced1990,1b16e6a0109f185ab130935740af5e6a25a95a6805279d4115a97511c41521ea
E7C064,8,PASI,screening,high,0.75,5,medium,loose,2696,3531,842.6439019023738,0.31255337607654815,0.7635230812800906,0.7635230812800906,0,0,0,0.0,0,0,842.6439019023738,0,0,0,ok,completed,6.663571899999624,2e4d842490f744be05f504ad4e589f453696f55663201363d55bb7b564314928,a74c70608042d200f55c80a63d4533bc2b4006310e1bcb6e243189d27ced1990,1b16e6a0109f185ab130935740af5e6a25a95a6805279d4115a97511c41521ea
E7C064,9,MOI,screening,high,0.75,5,medium,loose,2663,3531,917.1774347672318,0.3444151088123289,0.7541772868875672,0.7541772868875672,0,0,0,0.0,0,0,917.1774347672318,0,0,0,ok,completed,6.672964700000193,05644c349dadd2679e3020242271f6c70707fe1f74822a0aab58fe3b5ac86b1b,eef667784ad4220f13e2bea32305373753967c565a0d07c5df8ffd696fe9ad56,c79904a3717f37a8c3036f60f62219c15f0887d1fce1fcd1d61291d56b9ae27c
E7C064,9,PASI,screening,high,0.75,5,medium,loose,2663,3531,912.7978258770341,0.3427704941333211,0.7541772868875672,0.7541772868875672,0,0,0,0.0,0,0,912.7978258770341,0,0,0,ok,completed,6.6776106999996045,05644c349dadd2679e3020242271f6c70707fe1f74822a0aab58fe3b5ac86b1b,eef667784ad4220f13e2bea32305373753967c565a0d07c5df8ffd696fe9ad56,c79904a3717f37a8c3036f60f62219c15f0887d1fce1fcd1d61291d56b9ae27c
E7C064,10,MOI,screening,high,0.75,5,medium,loose,2629,3531,735.5991082047218,0.2798018669474027,0.7445482866043613,0.7445482866043613,0,0,0,0.0,0,0,735.5991082047218,0,0,0,ok,completed,6.943607300000622,ae2f818058c1f2abf5435b1a214d3adaed90fbe8b8524612ee7f9075b830725b,a7bbcf26013098e02fff4a279a492c8db368cc93c6dd20a5b06fe9ddb0e31d7c,7101ea1b3bbf39210bab441ed05349ea0c3f698fae5a1cc7898afbdab7028d1c
E7C064,10,PASI,screening,high,0.75,5,medium,loose,2629,3531,730.7475132169136,0.27795645234572597,0.7445482866043613,0.7445482866043613,0,0,0,0.0,0,0,730.7475132169136,0,0,0,ok,completed,6.988851299999624,ae2f818058c1f2abf5435b1a214d3adaed90fbe8b8524612ee7f9075b830725b,a7bbcf26013098e02fff4a279a492c8db368cc93c6dd20a5b06fe9ddb0e31d7c,7101ea1b3bbf39210bab441ed05349ea0c3f698fae5a1cc7898afbdab7028d1c
E7C065,1,MOI,screening,high,0.25,1,low,strict,2208,3531,782.4134799443846,0.35435393113423214,0.6253186066270179,0.6253186066270179,0,0,0,0.0,0,0,782.4134799443846,0,0,0,ok,completed,7.438312099999166,e60a9613cc052e89d5f54455389db3597a9004f2d0eaa3214d6c414d8926d44a,11cef9cb8cbbe9fbae7880ebb50922c001b7b73d11314e6bdd4a7fc541a92f20,3460a1fc4cbaefd4940c03f02ea3291486c58cba6931986401d9bfc06e9614c6
E7C065,1,PASI,screening,high,0.25,1,low,strict,2208,3531,779.934338261937,0.3532311314592106,0.6253186066270179,0.6253186066270179,0,0,0,0.0,0,0,779.934338261937,0,0,0,ok,completed,7.309508799997275,e60a9613cc052e89d5f54455389db3597a9004f2d0eaa3214d6c414d8926d44a,11cef9cb8cbbe9fbae7880ebb50922c001b7b73d11314e6bdd4a7fc541a92f20,3460a1fc4cbaefd4940c03f02ea3291486c58cba6931986401d9bfc06e9614c6
E7C065,2,MOI,screening,high,0.25,1,low,strict,2197,3531,648.2137698988331,0.2950449567131694,0.6222033418295101,0.6222033418295101,0,0,0,0.0,0,0,648.2137698988331,0,0,0,ok,completed,7.45354959999986,ec6fb6e3e70e4e4cfaf432beb8c8e81197411dc276b4156fadadf46c4149536b,492d4cad035985c18923cfde4bc4232fa03b6a93196cdf24efda7f57b3d85ad6,75b52fd105095f792bbe9ef8d6ca39d64b78f1699793d586b9d0a39ed31f5d6b
E7C065,2,PASI,screening,high,0.25,1,low,strict,2197,3531,645.477838854762,0.29379965355246335,0.6222033418295101,0.6222033418295101,0,0,0,0.0,0,0,645.477838854762,0,0,0,ok,completed,7.429673399999956,ec6fb6e3e70e4e4cfaf432beb8c8e81197411dc276b4156fadadf46c4149536b,492d4cad035985c18923cfde4bc4232fa03b6a93196cdf24efda7f57b3d85ad6,75b52fd105095f792bbe9ef8d6ca39d64b78f1699793d586b9d0a39ed31f5d6b
E7C065,3,MOI,screening,high,0.25,1,low,strict,2197,3531,804.7599967907267,0.3662994978564983,0.6222033418295101,0.6222033418295101,0,0,0,0.0,0,0,804.7599967907267,0,0,0,ok,completed,7.09033670000008,c44b94beec3a0f3f02bc5e6fa6cd1528e66f2f4dc81fc3d375d0a2fa4a82c358,e1e48c4a0d095eaddd1c487f357c5a5231c41cf97c05d582ee656f2824b389b9,e543f96716c8238d30dc349e84d3463f3590c460bdc6dcdf6209519dc9e5485b
E7C065,3,PASI,screening,high,0.25,1,low,strict,2197,3531,802.5068278491042,0.365273931656397,0.6222033418295101,0.6222033418295101,0,0,0,0.0,0,0,802.5068278491042,0,0,0,ok,completed,7.125296600000183,c44b94beec3a0f3f02bc5e6fa6cd1528e66f2f4dc81fc3d375d0a2fa4a82c358,e1e48c4a0d095eaddd1c487f357c5a5231c41cf97c05d582ee656f2824b389b9,e543f96716c8238d30dc349e84d3463f3590c460bdc6dcdf6209519dc9e5485b
E7C065,4,MOI,screening,high,0.25,1,low,strict,2186,3531,723.5897651330802,0.3310108715155902,0.6190880770320023,0.6190880770320023,0,0,0,0.0,0,0,723.5897651330802,0,0,0,ok,completed,6.9949867000004815,b3523e2089dbd7a32da94bd9af1457f53f613cc29afd93e90d9e37732b37fa40,2e4fa65a58cb09ed60334251d14263a9ac2f7df6c2af4ea3d214ae55c8fa675d,45d7fb930807674369adaa76945fd4080cc6463dbf499fc9eac5c3d7bb2883e4
E7C065,4,PASI,screening,high,0.25,1,low,strict,2186,3531,720.9887043478425,0.3298209992442097,0.6190880770320023,0.6190880770320023,0,0,0,0.0,0,0,720.9887043478425,0,0,0,ok,completed,6.99226599999929,b3523e2089dbd7a32da94bd9af1457f53f613cc29afd93e90d9e37732b37fa40,2e4fa65a58cb09ed60334251d14263a9ac2f7df6c2af4ea3d214ae55c8fa675d,45d7fb930807674369adaa76945fd4080cc6463dbf499fc9eac5c3d7bb2883e4
E7C065,5,MOI,screening,high,0.25,1,low,strict,2184,3531,662.0192009190097,0.3031223447431363,0.6185216652506372,0.6185216652506372,0,0,0,0.0,0,0,662.0192009190097,0,0,0,ok,completed,7.296274600000288,9c91d040fe812b98e9b759b6161595b173d2d116b16ce3708a8597be62bb4e8a,a0144a97460eb561ed5ae3c768bb8599f8b0b02944531430c25196e23bb7af33,282196645fdcbcd18d2c72512a578afc0345c18578bf5f8b8f1b362df7c04a1f
E7C065,5,PASI,screening,high,0.25,1,low,strict,2184,3531,658.9847857156648,0.3017329604925205,0.6185216652506372,0.6185216652506372,0,0,0,0.0,0,0,658.9847857156648,0,0,0,ok,completed,7.3310865000003105,9c91d040fe812b98e9b759b6161595b173d2d116b16ce3708a8597be62bb4e8a,a0144a97460eb561ed5ae3c768bb8599f8b0b02944531430c25196e23bb7af33,282196645fdcbcd18d2c72512a578afc0345c18578bf5f8b8f1b362df7c04a1f
E7C065,6,MOI,screening,high,0.25,1,low,strict,2203,3531,603.3014484316069,0.2738544931600576,0.6239025771736052,0.6239025771736052,0,0,0,0.0,0,0,603.3014484316069,0,0,0,ok,completed,6.981300399999782,2e819b4fd88809fe30a8e26b180554e99e1dc9845ddda4dd3314189e44d73369,52fe198786d2ed48372d917ed90519c979331f4eb0cf355898006eb579419719,3fdf75a3c4ed8b3ddaf5a257ae779e925b532ffe09fba3fcf9a489403bd6c16b
E7C065,6,PASI,screening,high,0.25,1,low,strict,2203,3531,599.9609693412713,0.2723381612988067,0.6239025771736052,0.6239025771736052,0,0,0,0.0,0,0,599.9609693412713,0,0,0,ok,completed,6.982963299999938,2e819b4fd88809fe30a8e26b180554e99e1dc9845ddda4dd3314189e44d73369,52fe198786d2ed48372d917ed90519c979331f4eb0cf355898006eb579419719,3fdf75a3c4ed8b3ddaf5a257ae779e925b532ffe09fba3fcf9a489403bd6c16b
E7C065,7,MOI,screening,high,0.25,1,low,strict,2174,3531,582.3380678828844,0.26786479663426144,0.615689606343812,0.615689606343812,0,0,0,0.0,0,0,582.3380678828844,0,0,0,ok,completed,7.415121100000761,a4a74c297dd7facbcadc3f2bfea242294af7bea2cb4a29c627d99e29a9dfb6e7,60406b0b46e23fe9e145188679264675393880ba816980a155d4f156aa3b9e2a,f0cbd1639b986505e958f7aaeafb7e2e141dc925f183e74e1fbb90945c12527b
E7C065,7,PASI,screening,high,0.25,1,low,strict,2174,3531,579.0184843211212,0.26633784927374476,0.615689606343812,0.615689606343812,0,0,0,0.0,0,0,579.0184843211212,0,0,0,ok,completed,7.38661730000058,a4a74c297dd7facbcadc3f2bfea242294af7bea2cb4a29c627d99e29a9dfb6e7,60406b0b46e23fe9e145188679264675393880ba816980a155d4f156aa3b9e2a,f0cbd1639b986505e958f7aaeafb7e2e141dc925f183e74e1fbb90945c12527b
E7C065,8,MOI,screening,high,0.25,1,low,strict,2209,3531,666.5296913675409,0.3017336764905119,0.6256018125177004,0.6256018125177004,0,0,0,0.0,0,0,666.5296913675409,0,0,0,ok,completed,7.390865800000029,2e4d842490f744be05f504ad4e589f453696f55663201363d55bb7b564314928,bad71a5bf90b2748d558e7bd9e582545259049198d51b02a0d523354be940943,3292c49b61a159f4f90c8921c4d2c9752c21db305da948e445e5323b5d1c8fea
E7C065,8,PASI,screening,high,0.25,1,low,strict,2209,3531,663.4283600862252,0.30032972389598245,0.6256018125177004,0.6256018125177004,0,0,0,0.0,0,0,663.4283600862252,0,0,0,ok,completed,7.36949580000055,2e4d842490f744be05f504ad4e589f453696f55663201363d55bb7b564314928,bad71a5bf90b2748d558e7bd9e582545259049198d51b02a0d523354be940943,3292c49b61a159f4f90c8921c4d2c9752c21db305da948e445e5323b5d1c8fea
E7C065,9,MOI,screening,high,0.25,1,low,strict,2198,3531,697.6495797609027,0.3174019926118757,0.6224865477201926,0.6224865477201926,0,0,0,0.0,0,0,697.6495797609027,0,0,0,ok,completed,7.260328499999559,05644c349dadd2679e3020242271f6c70707fe1f74822a0aab58fe3b5ac86b1b,d8ff27230a7567657dd1511a6d99211671c9c617f42bc0f652467f3d8d947740,c3d2ee81e542c4d5d688cee90e180eaa3c4822b8d85e4fb6f1d9274fb51ceaf3
E7C065,9,PASI,screening,high,0.25,1,low,strict,2198,3531,694.841649539615,0.3161244993355846,0.6224865477201926,0.6224865477201926,0,0,0,0.0,0,0,694.841649539615,0,0,0,ok,completed,7.288017899999431,05644c349dadd2679e3020242271f6c70707fe1f74822a0aab58fe3b5ac86b1b,d8ff27230a7567657dd1511a6d99211671c9c617f42bc0f652467f3d8d947740,c3d2ee81e542c4d5d688cee90e180eaa3c4822b8d85e4fb6f1d9274fb51ceaf3
E7C065,10,MOI,screening,high,0.25,1,low,strict,2208,3531,633.2438919345901,0.28679524091240494,0.6253186066270179,0.6253186066270179,0,0,0,0.0,0,0,633.2438919345901,0,0,0,ok,completed,6.999971699999151,ae2f818058c1f2abf5435b1a214d3adaed90fbe8b8524612ee7f9075b830725b,13ce05c5db181772b0626fbe4f1d194081005c45564ad37624e44c30677e0c49,cfcc70b24d480523f67f1b42ca1099d7289b726a779e62e1559ca51310717e15
E7C065,10,PASI,screening,high,0.25,1,low,strict,2208,3531,630.1092063139615,0.2853755463378449,0.6253186066270179,0.6253186066270179,0,0,0,0.0,0,0,630.1092063139615,0,0,0,ok,completed,7.01196390000041,ae2f818058c1f2abf5435b1a214d3adaed90fbe8b8524612ee7f9075b830725b,13ce05c5db181772b0626fbe4f1d194081005c45564ad37624e44c30677e0c49,cfcc70b24d480523f67f1b42ca1099d7289b726a779e62e1559ca51310717e15
E7C066,1,MOI,screening,high,0.1,20,low,loose,2651,3531,967.1392366029311,0.36482053436549644,0.7507788161993769,0.7507788161993769,0,0,0,0.0,0,0,967.1392366029311,0,0,0,ok,completed,7.21160759999475,e60a9613cc052e89d5f54455389db3597a9004f2d0eaa3214d6c414d8926d44a,d66ab3746ae69bf57359cac1f8b1c6eb618a7244b4bd06dae91814cf786b2a77,27755f137b2b0e56a26a9b1b5ea429eb7395ced39dc569e7df7e778185356c5d
E7C066,1,PASI,screening,high,0.1,20,low,loose,2651,3531,965.5762389254668,0.3642309464071923,0.7507788161993769,0.7507788161993769,0,0,0,0.0,0,0,965.5762389254668,0,0,0,ok,completed,6.706213900004514,e60a9613cc052e89d5f54455389db3597a9004f2d0eaa3214d6c414d8926d44a,d66ab3746ae69bf57359cac1f8b1c6eb618a7244b4bd06dae91814cf786b2a77,27755f137b2b0e56a26a9b1b5ea429eb7395ced39dc569e7df7e778185356c5d
E7C066,2,MOI,screening,high,0.1,20,low,loose,2664,3531,796.2194375584879,0.29888117025468763,0.7544604927782498,0.7544604927782498,0,0,0,0.0,0,0,796.2194375584879,0,0,0,ok,completed,6.707097099999373,ec6fb6e3e70e4e4cfaf432beb8c8e81197411dc276b4156fadadf46c4149536b,dae307466c0f2d7e7699b903b80d1e23544f00c41db5e1304b43ec51263cb44e,23aa31300ab7beb9d6675b435ec95e1e5a71e8e6f4982b810a34981f5533cf4f
E7C066,2,PASI,screening,high,0.1,20,low,loose,2664,3531,794.2730135970143,0.29815053062950986,0.7544604927782498,0.7544604927782498,0,0,0,0.0,0,0,794.2730135970143,0,0,0,ok,completed,6.719469500000741,ec6fb6e3e70e4e4cfaf432beb8c8e81197411dc276b4156fadadf46c4149536b,dae307466c0f2d7e7699b903b80d1e23544f00c41db5e1304b43ec51263cb44e,23aa31300ab7beb9d6675b435ec95e1e5a71e8e6f4982b810a34981f5533cf4f
E7C066,3,MOI,screening,high,0.1,20,low,loose,2626,3531,975.967724668757,0.37165564534225326,0.7436986689323138,0.7436986689323138,0,0,0,0.0,0,0,975.967724668757,0,0,0,ok,completed,7.039182599999549,c44b94beec3a0f3f02bc5e6fa6cd1528e66f2f4dc81fc3d375d0a2fa4a82c358,e4cdbc8f20cac984f5e330304cac803c185b55cf405a0586e7fac72c62462b8d,df1d74d9f9f3305fc1935da2ef473ab640b3b09c0752b02683aac875a602c7eb
E7C066,3,PASI,screening,high,0.1,20,low,loose,2626,3531,974.7627549146084,0.37119678404973666,0.7436986689323138,0.7436986689323138,0,0,0,0.0,0,0,974.7627549146084,0,0,0,ok,completed,7.026520000000346,c44b94beec3a0f3f02bc5e6fa6cd1528e66f2f4dc81fc3d375d0a2fa4a82c358,e4cdbc8f20cac984f5e330304cac803c185b55cf405a0586e7fac72c62462b8d,df1d74d9f9f3305fc1935da2ef473ab640b3b09c0752b02683aac875a602c7eb
E7C066,4,MOI,screening,high,0.1,20,low,loose,2611,3531,871.3679102873185,0.33372957115561797,0.7394505805720759,0.7394505805720759,0,0,0,0.0,0,0,871.3679102873185,0,0,0,ok,completed,6.976518399999804,b3523e2089dbd7a32da94bd9af1457f53f613cc29afd93e90d9e37732b37fa40,b27c00ae6aa33cfc0565d19aa920482babeef332343d8559989dc93b8cc2acdb,e1ebe2abae0c930312a7d8fcd0fc4d218ca2ef4a66b01adee8f4abbad5becefb
E7C066,4,PASI,screening,high,0.1,20,low,loose,2611,3531,869.3842692924029,0.33296984653098544,0.7394505805720759,0.7394505805720759,0,0,0,0.0,0,0,869.3842692924029,0,0,0,ok,completed,6.933387799999764,b3523e2089dbd7a32da94bd9af1457f53f613cc29afd93e90d9e37732b37fa40,b27c00ae6aa33cfc0565d19aa920482babeef332343d8559989dc93b8cc2acdb,e1ebe2abae0c930312a7d8fcd0fc4d218ca2ef4a66b01adee8f4abbad5becefb
E7C066,5,MOI,screening,high,0.1,20,low,loose,2639,3531,814.4709205951636,0.30862861712586726,0.7473803455111866,0.7473803455111866,0,0,0,0.0,0,0,814.4709205951636,0,0,0,ok,completed,6.705915300000015,9c91d040fe812b98e9b759b6161595b173d2d116b16ce3708a8597be62bb4e8a,31b612abdfd0c127827079ee50fea19181189832da19f892a32bd95109089da5,45bc88c6757aecb2e09c4970d3cea13747c97ae996d6a920b2016c7a1c788aaa
E7C066,5,PASI,screening,high,0.1,20,low,loose,2639,3531,812.4339351445394,0.3078567393499581,0.7473803455111866,0.7473803455111866,0,0,0,0.0,0,0,812.4339351445394,0,0,0,ok,completed,6.708570600000712,9c91d040fe812b98e9b759b6161595b173d2d116b16ce3708a8597be62bb4e8a,31b612abdfd0c127827079ee50fea19181189832da19f892a32bd95109089da5,45bc88c6757aecb2e09c4970d3cea13747c97ae996d6a920b2016c7a1c788aaa
E7C066,6,MOI,screening,high,0.1,20,low,loose,2653,3531,743.2869136536895,0.2801684559569127,0.751345227980742,0.751345227980742,0,0,0,0.0,0,0,743.2869136536895,0,0,0,ok,completed,6.570716000000175,2e819b4fd88809fe30a8e26b180554e99e1dc9845ddda4dd3314189e44d73369,11cb1d2cc52ef078d70aba72f90a0ee04eadee8f538c44070cab74678943ea17,ba0cbaafef3a4f74bd6da6a46f1aec290f0c77ab21004ae20f453aa3b1354625
E7C066,6,PASI,screening,high,0.1,20,low,loose,2653,3531,740.9167598933618,0.27927506969218313,0.751345227980742,0.751345227980742,0,0,0,0.0,0,0,740.9167598933618,0,0,0,ok,completed,6.623247599999559,2e819b4fd88809fe30a8e26b180554e99e1dc9845ddda4dd3314189e44d73369,11cb1d2cc52ef078d70aba72f90a0ee04eadee8f538c44070cab74678943ea17,ba0cbaafef3a4f74bd6da6a46f1aec290f0c77ab21004ae20f453aa3b1354625
E7C066,7,MOI,screening,high,0.1,20,low,loose,2636,3531,712.1754904115417,0.2701727960590067,0.7465307278391391,0.7465307278391391,0,0,0,0.0,0,0,712.1754904115417,0,0,0,ok,completed,6.752226200000223,a4a74c297dd7facbcadc3f2bfea242294af7bea2cb4a29c627d99e29a9dfb6e7,743a26a15c4e74c6298bfab744dedc3455ab63886040084903705f73a56f26e1,6a8cfdfe2a69fdc2de34e39b4188cebbc6c5635a25037550163cefe17d22cbff
E7C066,7,PASI,screening,high,0.1,20,low,loose,2636,3531,709.8110013855264,0.2692757971872255,0.7465307278391391,0.7465307278391391,0,0,0,0.0,0,0,709.8110013855264,0,0,0,ok,completed,6.751569900000504,a4a74c297dd7facbcadc3f2bfea242294af7bea2cb4a29c627d99e29a9dfb6e7,743a26a15c4e74c6298bfab744dedc3455ab63886040084903705f73a56f26e1,6a8cfdfe2a69fdc2de34e39b4188cebbc6c5635a25037550163cefe17d22cbff
E7C066,8,MOI,screening,high,0.1,20,low,loose,2696,3531,831.4778935606162,0.30841168158776566,0.7635230812800906,0.7635230812800906,0,0,0,0.0,0,0,831.4778935606162,0,0,0,ok,completed,6.832257000000027,2e4d842490f744be05f504ad4e589f453696f55663201363d55bb7b564314928,03477e9b5e7807e00eed284eb79c3662d8792fcbfa50a802900cdd4df9a90a23,ac2a57c2afeb29d3a025ab77b308e5edf99497ebfa1b6aef95e05a9f9fd2a630
E7C066,8,PASI,screening,high,0.1,20,low,loose,2696,3531,829.0991113360114,0.3075293439673633,0.7635230812800906,0.7635230812800906,0,0,0,0.0,0,0,829.0991113360114,0,0,0,ok,completed,6.847266700000546,2e4d842490f744be05f504ad4e589f453696f55663201363d55bb7b564314928,03477e9b5e7807e00eed284eb79c3662d8792fcbfa50a802900cdd4df9a90a23,ac2a57c2afeb29d3a025ab77b308e5edf99497ebfa1b6aef95e05a9f9fd2a630
E7C066,9,MOI,screening,high,0.1,20,low,loose,2663,3531,854.1946312558383,0.3207640372721886,0.7541772868875672,0.7541772868875672,0,0,0,0.0,0,0,854.1946312558383,0,0,0,ok,completed,6.918461400000524,05644c349dadd2679e3020242271f6c70707fe1f74822a0aab58fe3b5ac86b1b,ed621ecb1233543fcbc3c2f9d986dc598487aea5a586b8bb72eacf55cddb9601,c36d5efde67d5117a3d3241f3ff893a11c1dcdb75af31b74e8322eb0b51e2a89
E7C066,9,PASI,screening,high,0.1,20,low,loose,2663,3531,852.4534888359145,0.3201102098520145,0.7541772868875672,0.7541772868875672,0,0,0,0.0,0,0,852.4534888359145,0,0,0,ok,completed,6.937955299999885,05644c349dadd2679e3020242271f6c70707fe1f74822a0aab58fe3b5ac86b1b,ed621ecb1233543fcbc3c2f9d986dc598487aea5a586b8bb72eacf55cddb9601,c36d5efde67d5117a3d3241f3ff893a11c1dcdb75af31b74e8322eb0b51e2a89
E7C066,10,MOI,screening,high,0.1,20,low,loose,2629,3531,756.9384654339451,0.2879187772666204,0.7445482866043613,0.7445482866043613,0,0,0,0.0,0,0,756.9384654339451,0,0,0,ok,completed,6.936131999999816,ae2f818058c1f2abf5435b1a214d3adaed90fbe8b8524612ee7f9075b830725b,9c60b9e25328b057cf6a4dd4974b802aa788ec4fc8637aaf005ce5cbe082d122,cf20eff0cf9ff8f82b43003bedd900363aaaa26bafa9da3dd68d164dba1ac9ec
E7C066,10,PASI,screening,high,0.1,20,low,loose,2629,3531,754.7636878041826,0.2870915510856533,0.7445482866043613,0.7445482866043613,0,0,0,0.0,0,0,754.7636878041826,0,0,0,ok,completed,6.9495448000006945,ae2f818058c1f2abf5435b1a214d3adaed90fbe8b8524612ee7f9075b830725b,9c60b9e25328b057cf6a4dd4974b802aa788ec4fc8637aaf005ce5cbe082d122,cf20eff0cf9ff8f82b43003bedd900363aaaa26bafa9da3dd68d164dba1ac9ec
E7C066,11,MOI,confirmation,high,0.1,20,low,loose,2617,3531,762.7863578545467,0.2914735796157993,0.741149815916171,0.741149815916171,0,0,0,0.0,0,0,762.7863578545467,0,0,0,ok,completed,6.762308499999563,1dc5d8d83c4ff7f26667a371d655b4dba6d74adf688f0f6888c0ba104d87df45,2b4d05eb6c31065d2ca4a31bd16523f701055f37ebc6eafda79d08842a18cd42,f2cc566c56c97c9a8931d1c76b4c60d7912df36b94b38a9c9d8ce6a11b3abc04
E7C066,11,PASI,confirmation,high,0.1,20,low,loose,2617,3531,760.7615446814455,0.2906998642267656,0.741149815916171,0.741149815916171,0,0,0,0.0,0,0,760.7615446814455,0,0,0,ok,completed,6.75196010000036,1dc5d8d83c4ff7f26667a371d655b4dba6d74adf688f0f6888c0ba104d87df45,2b4d05eb6c31065d2ca4a31bd16523f701055f37ebc6eafda79d08842a18cd42,f2cc566c56c97c9a8931d1c76b4c60d7912df36b94b38a9c9d8ce6a11b3abc04
E7C066,12,MOI,confirmation,high,0.1,20,low,loose,2641,3531,817.4961957243111,0.30954039974415415,0.7479467572925517,0.7479467572925517,0,0,0,0.0,0,0,817.4961957243111,0,0,0,ok,completed,6.949952500000109,141971c4c9f87dcd134fd815fdf20a03c64a66303785cd229689f296e00e5f36,34c909d48198fdc718eb98f4c253b653e658736f296fc45dd45a5bc947666059,0b1b7357097eb78e408b0f8aace02dae743fe2ce7952d34d6cc3624fa63f2f91
E7C066,12,PASI,confirmation,high,0.1,20,low,loose,2641,3531,815.6396293220276,0.3088374211745656,0.7479467572925517,0.7479467572925517,0,0,0,0.0,0,0,815.6396293220276,0,0,0,ok,completed,7.001322699999946,141971c4c9f87dcd134fd815fdf20a03c64a66303785cd229689f296e00e5f36,34c909d48198fdc718eb98f4c253b653e658736f296fc45dd45a5bc947666059,0b1b7357097eb78e408b0f8aace02dae743fe2ce7952d34d6cc3624fa63f2f91
E7C066,13,MOI,confirmation,high,0.1,20,low,loose,2644,3531,1009.4523822743338,0.38178985713855285,0.7487963749645993,0.7487963749645993,0,0,0,0.0,0,0,1009.4523822743338,0,0,0,ok,completed,6.975360100000216,9074fe90fcb9cc353470b45d003d201b6fcb043506454aab79686b78c76659f3,4b02f8d6786c95772a800a9d2766ea771132035e7219af36fa5f93ed6e0a91ed,a6222c74267bc4bd7bee0ce7f4fbde9969f850ebac0d4f19513be6ff9320fd10
E7C066,13,PASI,confirmation,high,0.1,20,low,loose,2644,3531,1008.1089705337355,0.3812817589008077,0.7487963749645993,0.7487963749645993,0,0,0,0.0,0,0,1008.1089705337355,0,0,0,ok,completed,7.022633799999312,9074fe90fcb9cc353470b45d003d201b6fcb043506454aab79686b78c76659f3,4b02f8d6786c95772a800a9d2766ea771132035e7219af36fa5f93ed6e0a91ed,a6222c74267bc4bd7bee0ce7f4fbde9969f850ebac0d4f19513be6ff9320fd10
E7C066,14,MOI,confirmation,high,0.1,20,low,loose,2671,3531,845.4668820389016,0.3165357102354555,0.7564429340130274,0.7564429340130274,0,0,0,0.0,0,0,845.4668820389016,0,0,0,ok,completed,6.752812800000356,27e53d29734b221c9bac3a41c68ba0d735e45a596930c2c9ca7853d54b2b9f75,40e89fac8b1c577bffeb7fe00a68cf719871669a94193595e853ea43fa938784,0df4f4854d126ac407143e4a2a777bff1c1beb5324b7d953ca751970db9b8c27
E7C066,14,PASI,confirmation,high,0.1,20,low,loose,2671,3531,843.8380741841835,0.31592589823443784,0.7564429340130274,0.7564429340130274,0,0,0,0.0,0,0,843.8380741841835,0,0,0,ok,completed,6.764215000000149,27e53d29734b221c9bac3a41c68ba0d735e45a596930c2c9ca7853d54b2b9f75,40e89fac8b1c577bffeb7fe00a68cf719871669a94193595e853ea43fa938784,0df4f4854d126ac407143e4a2a777bff1c1beb5324b7d953ca751970db9b8c27
E7C066,15,MOI,confirmation,high,0.1,20,low,loose,2627,3531,1000.7654452681834,0.38095372868983,0.7439818748229963,0.7439818748229963,0,0,0,0.0,0,0,1000.7654452681834,0,0,0,ok,completed,6.797149299999546,ab50d6d16b442b10180b2ee2f4953e9e66ff1d97c5c57a09b308c23e6d74368e,3a86368cc1ab8f9f0a3a7bf8364efdbc3db3a614caa551f2bb994c3682455675,739ce6580bbb3f4d7a0373c16a19cb5d9573a2daf4d1a4a9241c4babaaffe248
E7C066,15,PASI,confirmation,high,0.1,20,low,loose,2627,3531,999.59529034856,0.3805082947653445,0.7439818748229963,0.7439818748229963,0,0,0,0.0,0,0,999.59529034856,0,0,0,ok,completed,6.8152830999997605,ab50d6d16b442b10180b2ee2f4953e9e66ff1d97c5c57a09b308c23e6d74368e,3a86368cc1ab8f9f0a3a7bf8364efdbc3db3a614caa551f2bb994c3682455675,739ce6580bbb3f4d7a0373c16a19cb5d9573a2daf4d1a4a9241c4babaaffe248
E7C066,16,MOI,confirmation,high,0.1,20,low,loose,2661,3531,894.7134942458217,0.33623205345577667,0.7536108751062022,0.7536108751062022,0,0,0,0.0,0,0,894.7134942458217,0,0,0,ok,completed,7.071017600000232,2751157e1905b0b1f79d85004bf8e9c476772c898e43bfe8d4a914d9e24c5d53,5ed92cce0a079734db6c4d33611093eec2cd86500100dbc8ab6a00bc091d280c,b7e299fbe98ab524cfabbdf5a87bd348e40ed66a30fc6a0a3151d4faa8c16353
E7C066,16,PASI,confirmation,high,0.1,20,low,loose,2661,3531,892.8597677847263,0.33553542569888245,0.7536108751062022,0.7536108751062022,0,0,0,0.0,0,0,892.8597677847263,0,0,0,ok,completed,7.194823800000449,2751157e1905b0b1f79d85004bf8e9c476772c898e43bfe8d4a914d9e24c5d53,5ed92cce0a079734db6c4d33611093eec2cd86500100dbc8ab6a00bc091d280c,b7e299fbe98ab524cfabbdf5a87bd348e40ed66a30fc6a0a3151d4faa8c16353
E7C066,17,MOI,confirmation,high,0.1,20,low,loose,2656,3531,898.5306921831151,0.3383022184424379,0.7521948456527896,0.7521948456527896,0,0,0,0.0,0,0,898.5306921831151,0,0,0,ok,completed,7.069258100000297,e09c0cb7bf613f4d92e9b094dd3061dc9256083af3c6f7d97022567875ec36c2,e413406d4d8a97d1511c69e6940800322f9d4ab49edd00bdbcb59e5542167c95,e300e78622ee883767510b46aaacec3c22865bf82217f5944ca3a5f7593ea284
E7C066,17,PASI,confirmation,high,0.1,20,low,loose,2656,3531,897.0250630352812,0.3377353399982233,0.7521948456527896,0.7521948456527896,0,0,0,0.0,0,0,897.0250630352812,0,0,0,ok,completed,7.103967799999737,e09c0cb7bf613f4d92e9b094dd3061dc9256083af3c6f7d97022567875ec36c2,e413406d4d8a97d1511c69e6940800322f9d4ab49edd00bdbcb59e5542167c95,e300e78622ee883767510b46aaacec3c22865bf82217f5944ca3a5f7593ea284
E7C066,18,MOI,confirmation,high,0.1,20,low,loose,2682,3531,819.5180592664533,0.30556228906280886,0.7595581988105352,0.7595581988105352,0,0,0,0.0,0,0,819.5180592664533,0,0,0,ok,completed,6.916875300000356,b2164bc34f219a41bd28af541ef2b26af2810025778734f06f0cca51e19828e2,2bd1bbc49b50a6b45c13a09cc1c035bbdca0c8fedae684966d3c7b24a36edb6d,aab3789f32c58828e5879656e31d22700a3598d7d8afb32996a8f382d1794ed3
E7C066,18,PASI,confirmation,high,0.1,20,low,loose,2682,3531,818.2227790863776,0.3050793359755323,0.7595581988105352,0.7595581988105352,0,0,0,0.0,0,0,818.2227790863776,0,0,0,ok,completed,6.906508899999608,b2164bc34f219a41bd28af541ef2b26af2810025778734f06f0cca51e19828e2,2bd1bbc49b50a6b45c13a09cc1c035bbdca0c8fedae684966d3c7b24a36edb6d,aab3789f32c58828e5879656e31d22700a3598d7d8afb32996a8f382d1794ed3
E7C066,19,MOI,confirmation,high,0.1,20,low,loose,2644,3531,800.033939225533,0.3025846971352243,0.7487963749645993,0.7487963749645993,0,0,0,0.0,0,0,800.033939225533,0,0,0,ok,completed,6.877690299999813,dbef863e669ee7f9568b8e04bc9cf6844fa03402e63e0d184a565bf06683fcc6,20c0c9a34f4452f17f918f97d5b4b0d0af1def6281986ff72c1735586f459d71,1fc2e89f79292a983ff6c456db86c8a1bf862ac1616106d07a504cd4a45712e0
E7C066,19,PASI,confirmation,high,0.1,20,low,loose,2644,3531,797.8380204585096,0.3017541681007979,0.7487963749645993,0.7487963749645993,0,0,0,0.0,0,0,797.8380204585096,0,0,0,ok,completed,6.875644400000056,dbef863e669ee7f9568b8e04bc9cf6844fa03402e63e0d184a565bf06683fcc6,20c0c9a34f4452f17f918f97d5b4b0d0af1def6281986ff72c1735586f459d71,1fc2e89f79292a983ff6c456db86c8a1bf862ac1616106d07a504cd4a45712e0
E7C066,20,MOI,confirmation,high,0.1,20,low,loose,2631,3531,841.5305261241197,0.31985196735998467,0.7451146983857264,0.7451146983857264,0,0,0,0.0,0,0,841.5305261241197,0,0,0,ok,completed,6.731662299999698,34b6a1b2e592587dddba2e448ad5dfa4bb26d4bec6d4e018a4813244b3498783,cadced37aca230b612222cfcce6c691511f1a6a5836bf463e4ffe0f56557df08,caef5b8b1612866d532d0272635c6405bf43d252d39633551931f25b40c38521
E7C066,20,PASI,confirmation,high,0.1,20,low,loose,2631,3531,839.5263017786175,0.31909019451866877,0.7451146983857264,0.7451146983857264,0,0,0,0.0,0,0,839.5263017786175,0,0,0,ok,completed,6.726144799999929,34b6a1b2e592587dddba2e448ad5dfa4bb26d4bec6d4e018a4813244b3498783,cadced37aca230b612222cfcce6c691511f1a6a5836bf463e4ffe0f56557df08,caef5b8b1612866d532d0272635c6405bf43d252d39633551931f25b40c38521
E7C066,21,MOI,confirmation,high,0.1,20,low,loose,2641,3531,781.366739577204,0.29586018158924804,0.7479467572925517,0.7479467572925517,0,0,0,0.0,0,0,781.366739577204,0,0,0,ok,completed,6.794039200000043,940b178c7b38e471cbb656ebd731152dde5e08e998c076ff334e990775a3472b,a6776a97843269f55d68643939d3702f2f978539602eef39e3e0707b0305dd56,b543af27a6f83ca57868c1def30f03fb12c57007625db1584bc39a4babef8f20
E7C066,21,PASI,confirmation,high,0.1,20,low,loose,2641,3531,779.3367961992743,0.29509155478957755,0.7479467572925517,0.7479467572925517,0,0,0,0.0,0,0,779.3367961992743,0,0,0,ok,completed,6.820063899999695,940b178c7b38e471cbb656ebd731152dde5e08e998c076ff334e990775a3472b,a6776a97843269f55d68643939d3702f2f978539602eef39e3e0707b0305dd56,b543af27a6f83ca57868c1def30f03fb12c57007625db1584bc39a4babef8f20
E7C066,22,MOI,confirmation,high,0.1,20,low,loose,2629,3531,891.2930639433636,0.33902360743376325,0.7445482866043613,0.7445482866043613,0,0,0,0.0,0,0,891.2930639433636,0,0,0,ok,completed,6.969251200000144,ebc049bc3ed5762b2c1a5be3458dec329584f31240d81ca06af4d790e3beaaab,4eb741c6d08bcab2b115a036c6ead24c669ce862f433b99324fc25e92f13bb33,1b9a8d390c6592027c33a0a9fd39dccd1300b8a689c39a5876ce710619d1a6fe
E7C066,22,PASI,confirmation,high,0.1,20,low,loose,2629,3531,889.849283489636,0.3384744326700784,0.7445482866043613,0.7445482866043613,0,0,0,0.0,0,0,889.849283489636,0,0,0,ok,completed,6.975804800000333,ebc049bc3ed5762b2c1a5be3458dec329584f31240d81ca06af4d790e3beaaab,4eb741c6d08bcab2b115a036c6ead24c669ce862f433b99324fc25e92f13bb33,1b9a8d390c6592027c33a0a9fd39dccd1300b8a689c39a5876ce710619d1a6fe
E7C066,23,MOI,confirmation,high,0.1,20,low,loose,2625,3531,891.5209501962272,0.33962702864618177,0.7434154630416313,0.7434154630416313,0,0,0,0.0,0,0,891.5209501962272,0,0,0,ok,completed,7.099977599999875,d28ab22677248eb1ad0ab57f4e02a0ff68213b82a56fc9b0b34f2e9e57ed45a9,ef589139a24248e260687363411c2312be729266cd7138253a0e4e09655dd283,38066d8a7f19c6f2c91a5139e6c568cf290e38db3087f285e7f26a39feaccbc2
E7C066,23,PASI,confirmation,high,0.1,20,low,loose,2625,3531,889.5966185835468,0.3388939499365893,0.7434154630416313,0.7434154630416313,0,0,0,0.0,0,0,889.5966185835468,0,0,0,ok,completed,7.112653899999714,d28ab22677248eb1ad0ab57f4e02a0ff68213b82a56fc9b0b34f2e9e57ed45a9,ef589139a24248e260687363411c2312be729266cd7138253a0e4e09655dd283,38066d8a7f19c6f2c91a5139e6c568cf290e38db3087f285e7f26a39feaccbc2
E7C066,24,MOI,confirmation,high,0.1,20,low,loose,2642,3531,791.7859702602127,0.299691888819157,0.7482299631832342,0.7482299631832342,0,0,0,0.0,0,0,791.7859702602127,0,0,0,ok,completed,6.826039000000492,7094662f329ba50eb687cdc22e50f25624d0f8e44dd6857a7288afdcf6187ab0,5ae7c573d583422b84501c9630d5f5827cee6b07439fb183ba5742addb1b6032,96cefc8d7d660a531def004ad299227892c8778b253724d51e8d264c95e7d115
E7C066,24,PASI,confirmation,high,0.1,20,low,loose,2642,3531,789.526666388514,0.29883673973827174,0.7482299631832342,0.7482299631832342,0,0,0,0.0,0,0,789.526666388514,0,0,0,ok,completed,6.95395599999938,7094662f329ba50eb687cdc22e50f25624d0f8e44dd6857a7288afdcf6187ab0,5ae7c573d583422b84501c9630d5f5827cee6b07439fb183ba5742addb1b6032,96cefc8d7d660a531def004ad299227892c8778b253724d51e8d264c95e7d115
E7C066,25,MOI,confirmation,high,0.1,20,low,loose,2661,3531,855.5279193595837,0.32150617037188417,0.7536108751062022,0.7536108751062022,0,0,0,0.0,0,0,855.5279193595837,0,0,0,ok,completed,6.780091899999206,d34d66fcf1043b074a249930f85f8c49f6195cfedfa3cb58caab3d3f1b8cc21b,5b326e5ce07136aa30d876de062c31fac8c41cef77d59aa30811a04483cab1c0,49a3b697065f5f9e0603687327f6cb92a431fb626d9fb2429a54a3233cac47ab
E7C066,25,PASI,confirmation,high,0.1,20,low,loose,2661,3531,853.8716202727529,0.32088373554030547,0.7536108751062022,0.7536108751062022,0,0,0,0.0,0,0,853.8716202727529,0,0,0,ok,completed,6.800747799999954,d34d66fcf1043b074a249930f85f8c49f6195cfedfa3cb58caab3d3f1b8cc21b,5b326e5ce07136aa30d876de062c31fac8c41cef77d59aa30811a04483cab1c0,49a3b697065f5f9e0603687327f6cb92a431fb626d9fb2429a54a3233cac47ab
E7C066,26,MOI,confirmation,high,0.1,20,low,loose,2623,3531,734.1757642568605,0.27989926201176535,0.7428490512602662,0.7428490512602662,0,0,0,0.0,0,0,734.1757642568605,0,0,0,ok,completed,7.082871000000523,4b076f89f78f349a7487f49ad4adc27f30202e18a5712cf89245e2a81d6d62b7,c52bd71f81080352ebf79d5c9f62f0f137e06d90fc3cefb8dc56ee52493f03ba,a5128454194cbec7392994e69123cf7908336e7c5312ddf3f1e7414d4c0f0823
E7C066,26,PASI,confirmation,high,0.1,20,low,loose,2623,3531,731.8720133207889,0.27902097343529886,0.7428490512602662,0.7428490512602662,0,0,0,0.0,0,0,731.8720133207889,0,0,0,ok,completed,6.984476300000097,4b076f89f78f349a7487f49ad4adc27f30202e18a5712cf89245e2a81d6d62b7,c52bd71f81080352ebf79d5c9f62f0f137e06d90fc3cefb8dc56ee52493f03ba,a5128454194cbec7392994e69123cf7908336e7c5312ddf3f1e7414d4c0f0823
E7C066,27,MOI,confirmation,high,0.1,20,low,loose,2616,3531,830.5705421000551,0.3174963845948223,0.7408666100254885,0.7408666100254885,0,0,0,0.0,0,0,830.5705421000551,0,0,0,ok,completed,6.784813700000086,33eade8924cda5088e54eed14fc5e717890938024067ba9019b96972f7b11018,54607f953848fbc54798d49767c93a9a93ff47f04c39f5c84a4e95ddf6e04091,1b5b4fb597b666e04b17de07c4476540c9188998be3a977dded14c333f1c89df
E7C066,27,PASI,confirmation,high,0.1,20,low,loose,2616,3531,829.0400003840683,0.3169113151315246,0.7408666100254885,0.7408666100254885,0,0,0,0.0,0,0,829.0400003840683,0,0,0,ok,completed,6.77031739999984,33eade8924cda5088e54eed14fc5e717890938024067ba9019b96972f7b11018,54607f953848fbc54798d49767c93a9a93ff47f04c39f5c84a4e95ddf6e04091,1b5b4fb597b666e04b17de07c4476540c9188998be3a977dded14c333f1c89df
E7C066,28,MOI,confirmation,high,0.1,20,low,loose,2653,3531,908.9487987374133,0.34261168440912676,0.751345227980742,0.751345227980742,0,0,0,0.0,0,0,908.9487987374133,0,0,0,ok,completed,6.859023299999535,4ce9c508500db373a8390008137723292c93f69afe73fedbff88baaa2479b6fe,c890b20dd023652d423d655c022b80ff7f493870b2a3709f55db66f023b95417,5cb9249a2d22686306e063f4b33ee735ac458ff365678bb7cfe5d237c3a309cf
E7C066,28,PASI,confirmation,high,0.1,20,low,loose,2653,3531,906.9712897709137,0.34186629844361616,0.751345227980742,0.751345227980742,0,0,0,0.0,0,0,906.9712897709137,0,0,0,ok,completed,6.938970300000619,4ce9c508500db373a8390008137723292c93f69afe73fedbff88baaa2479b6fe,c890b20dd023652d423d655c022b80ff7f493870b2a3709f55db66f023b95417,5cb9249a2d22686306e063f4b33ee735ac458ff365678bb7cfe5d237c3a309cf
E7C066,29,MOI,confirmation,high,0.1,20,low,loose,2623,3531,720.579379380044,0.2747157374685642,0.7428490512602662,0.7428490512602662,0,0,0,0.0,0,0,720.579379380044,0,0,0,ok,completed,7.183482299999923,22ceac79aa23bc6c907e481f1c6edb7e29874091faf53714d72926e26ca216b6,8f74ade18a1c5d608e2dcabf394716b9c268a16e2e918228d4f246e161eba520,739e2725455423093a2f64477575a2d1476fdbda83e3e0c582ac0bca6bdcf5a2
E7C066,29,PASI,confirmation,high,0.1,20,low,loose,2623,3531,718.6191457106834,0.2739684123944656,0.7428490512602662,0.7428490512602662,0,0,0,0.0,0,0,718.6191457106834,0,0,0,ok,completed,7.198758300000009,22ceac79aa23bc6c907e481f1c6edb7e29874091faf53714d72926e26ca216b6,8f74ade18a1c5d608e2dcabf394716b9c268a16e2e918228d4f246e161eba520,739e2725455423093a2f64477575a2d1476fdbda83e3e0c582ac0bca6bdcf5a2
E7C066,30,MOI,confirmation,high,0.1,20,low,loose,2631,3531,788.1539436321088,0.2995644027488061,0.7451146983857264,0.7451146983857264,0,0,0,0.0,0,0,788.1539436321088,0,0,0,ok,completed,6.845461399999294,9f56fc1393a128afb02e083d417b3b79faae9b7e739de07c1bdc7da4740e30e1,8dafcfe8fb902f040b5462995c13dea893bb9804a293dcc79745ae3776dcd2a1,0bc9520162e45a79743ae5e3285068054597557a39d3f1434bcfb3fa44985c67
E7C066,30,PASI,confirmation,high,0.1,20,low,loose,2631,3531,786.2111756911056,0.29882598848008574,0.7451146983857264,0.7451146983857264,0,0,0,0.0,0,0,786.2111756911056,0,0,0,ok,completed,6.837466100000711,9f56fc1393a128afb02e083d417b3b79faae9b7e739de07c1bdc7da4740e30e1,8dafcfe8fb902f040b5462995c13dea893bb9804a293dcc79745ae3776dcd2a1,0bc9520162e45a79743ae5e3285068054597557a39d3f1434bcfb3fa44985c67
E7C067,1,MOI,screening,low,0.25,1,medium,loose,1123,1206,379.21867101347414,0.33768358950442934,0.9311774461028193,0.9311774461028193,0,0,0,0.0,0,0,379.21867101347414,0,0,0,ok,completed,6.285745300003327,a6853d1f6a46472be7c9ef37ac0c534128e38eeee9a4af6dc1215c753dd73e8b,11cef9cb8cbbe9fbae7880ebb50922c001b7b73d11314e6bdd4a7fc541a92f20,048c9a5d34905c54fcfb1bc2123ba52f8a4c051a06757d3cdedfcf5590d60cc7
E7C067,1,PASI,screening,low,0.25,1,medium,loose,1123,1206,377.20422993438103,0.3358897862283001,0.9311774461028193,0.9311774461028193,0,0,0,0.0,0,0,377.20422993438103,0,0,0,ok,completed,6.114881200002856,a6853d1f6a46472be7c9ef37ac0c534128e38eeee9a4af6dc1215c753dd73e8b,11cef9cb8cbbe9fbae7880ebb50922c001b7b73d11314e6bdd4a7fc541a92f20,048c9a5d34905c54fcfb1bc2123ba52f8a4c051a06757d3cdedfcf5590d60cc7
E7C067,2,MOI,screening,low,0.25,1,medium,loose,1136,1206,300.76887284072507,0.26476133172599037,0.9419568822553898,0.9419568822553898,0,0,0,0.0,0,0,300.76887284072507,0,0,0,ok,completed,5.892390799999703,e7afb3295713137c70e759ced4d1be1c529b43d61136a24b4a4f1ea81f67b788,492d4cad035985c18923cfde4bc4232fa03b6a93196cdf24efda7f57b3d85ad6,31405e8b6032ebf7890a28c42e4134bfd7a8533b52b96fe3698dc2743ed498c0
E7C067,2,PASI,screening,low,0.25,1,medium,loose,1136,1206,298.3345216980306,0.262618416987703,0.9419568822553898,0.9419568822553898,0,0,0,0.0,0,0,298.3345216980306,0,0,0,ok,completed,5.9256821999997555,e7afb3295713137c70e759ced4d1be1c529b43d61136a24b4a4f1ea81f67b788,492d4cad035985c18923cfde4bc4232fa03b6a93196cdf24efda7f57b3d85ad6,31405e8b6032ebf7890a28c42e4134bfd7a8533b52b96fe3698dc2743ed498c0
E7C067,3,MOI,screening,low,0.25,1,medium,loose,1120,1206,379.99727253544904,0.33928327904950806,0.9286898839137645,0.9286898839137645,0,0,0,0.0,0,0,379.99727253544904,0,0,0,ok,completed,6.144004499999937,6e6ffca284f94f477304cb0337f85cbd41dc716c490254a0fa9f3b509c77d831,e1e48c4a0d095eaddd1c487f357c5a5231c41cf97c05d582ee656f2824b389b9,415909418b494f8d9f82d49280b171a271d4e27d47e2da24fb3ddd97fae06ac6
E7C067,3,PASI,screening,low,0.25,1,medium,loose,1120,1206,378.2758307504246,0.3377462774557362,0.9286898839137645,0.9286898839137645,0,0,0,0.0,0,0,378.2758307504246,0,0,0,ok,completed,6.187322100000529,6e6ffca284f94f477304cb0337f85cbd41dc716c490254a0fa9f3b509c77d831,e1e48c4a0d095eaddd1c487f357c5a5231c41cf97c05d582ee656f2824b389b9,415909418b494f8d9f82d49280b171a271d4e27d47e2da24fb3ddd97fae06ac6
E7C067,4,MOI,screening,low,0.25,1,medium,loose,1123,1206,352.4234336354599,0.31382318222213706,0.9311774461028193,0.9311774461028193,0,0,0,0.0,0,0,352.4234336354599,0,0,0,ok,completed,6.1860083999999915,b479d924483e1b20a309785a611e582afabec5a7decd37ecdaac82a22d643fb3,2e4fa65a58cb09ed60334251d14263a9ac2f7df6c2af4ea3d214ae55c8fa675d,554e488ff9d6f71f8caa56a35483bde6dd7c9febb4d7248e7244e638188ffbd6
E7C067,4,PASI,screening,low,0.25,1,medium,loose,1123,1206,350.03568241709957,0.3116969567382899,0.9311774461028193,0.9311774461028193,0,0,0,0.0,0,0,350.03568241709957,0,0,0,ok,completed,6.202914800000144,b479d924483e1b20a309785a611e582afabec5a7decd37ecdaac82a22d643fb3,2e4fa65a58cb09ed60334251d14263a9ac2f7df6c2af4ea3d214ae55c8fa675d,554e488ff9d6f71f8caa56a35483bde6dd7c9febb4d7248e7244e638188ffbd6
E7C067,5,MOI,screening,low,0.25,1,medium,loose,1128,1206,323.916167073133,0.2871597225825647,0.9353233830845771,0.9353233830845771,0,0,0,0.0,0,0,323.916167073133,0,0,0,ok,completed,6.0596886000003,5835ae3525d94e6b2905e151656d3fc4f01a68a364a90e09c2d74fba6ffda3c0,a0144a97460eb561ed5ae3c768bb8599f8b0b02944531430c25196e23bb7af33,335c9666a5e74d13ea4be305e21e216510b219330984d75ff5dacfb53cbf335e
E7C067,5,PASI,screening,low,0.25,1,medium,loose,1128,1206,321.39438966311064,0.2849241043112683,0.9353233830845771,0.9353233830845771,0,0,0,0.0,0,0,321.39438966311064,0,0,0,ok,completed,6.080699699999968,5835ae3525d94e6b2905e151656d3fc4f01a68a364a90e09c2d74fba6ffda3c0,a0144a97460eb561ed5ae3c768bb8599f8b0b02944531430c25196e23bb7af33,335c9666a5e74d13ea4be305e21e216510b219330984d75ff5dacfb53cbf335e
E7C067,6,MOI,screening,low,0.25,1,medium,loose,1131,1206,310.40572705577404,0.2744524553985624,0.9378109452736318,0.9378109452736318,0,0,0,0.0,0,0,310.40572705577404,0,0,0,ok,completed,6.021070099999633,f00beec923e5881e89555edc23bc5ed65e1ab571fcb71554186a85292825d71a,52fe198786d2ed48372d917ed90519c979331f4eb0cf355898006eb579419719,9c0aac21e5940026648a0699bff58a36e2c3df98ea4db03e8026d459a60d7082
E7C067,6,PASI,screening,low,0.25,1,medium,loose,1131,1206,308.05102444648344,0.2723704902267758,0.9378109452736318,0.9378109452736318,0,0,0,0.0,0,0,308.05102444648344,0,0,0,ok,completed,6.041451200000665,f00beec923e5881e89555edc23bc5ed65e1ab571fcb71554186a85292825d71a,52fe198786d2ed48372d917ed90519c979331f4eb0cf355898006eb579419719,9c0aac21e5940026648a0699bff58a36e2c3df98ea4db03e8026d459a60d7082
E7C067,7,MOI,screening,low,0.25,1,medium,loose,1109,1206,267.5584752062967,0.2412610236305651,0.9195688225538972,0.9195688225538972,0,0,0,0.0,0,0,267.5584752062967,0,0,0,ok,completed,5.888965999999527,699e16a61a72d6f6677c88dc92cd28e4eea46af6652088b2c45b39ce3fa488c6,60406b0b46e23fe9e145188679264675393880ba816980a155d4f156aa3b9e2a,8b524ff809e07f96511df87e83b9c1b01dac190ec77824d7aba469d90f75a5af
E7C067,7,PASI,screening,low,0.25,1,medium,loose,1109,1206,264.8402286006003,0.23880994463534744,0.9195688225538972,0.9195688225538972,0,0,0,0.0,0,0,264.8402286006003,0,0,0,ok,completed,5.8935270000001765,699e16a61a72d6f6677c88dc92cd28e4eea46af6652088b2c45b39ce3fa488c6,60406b0b46e23fe9e145188679264675393880ba816980a155d4f156aa3b9e2a,8b524ff809e07f96511df87e83b9c1b01dac190ec77824d7aba469d90f75a5af
E7C067,8,MOI,screening,low,0.25,1,medium,loose,1112,1206,334.45736303744286,0.30077100992575795,0.9220563847429519,0.9220563847429519,0,0,0,0.0,0,0,334.45736303744286,0,0,0,ok,completed,5.9124510000001465,9339345ab1e47990db2ed9dddddcaaafac158be442d6520f9b1ea59107378204,bad71a5bf90b2748d558e7bd9e582545259049198d51b02a0d523354be940943,4dc6564bbc087f5d94b3e109fa1b0f1004b33009d6d40af6553667363b5f71b5
E7C067,8,PASI,screening,low,0.25,1,medium,loose,1112,1206,332.11850574139635,0.29866772099046435,0.9220563847429519,0.9220563847429519,0,0,0,0.0,0,0,332.11850574139635,0,0,0,ok,completed,5.9413517000002685,9339345ab1e47990db2ed9dddddcaaafac158be442d6520f9b1ea59107378204,bad71a5bf90b2748d558e7bd9e582545259049198d51b02a0d523354be940943,4dc6564bbc087f5d94b3e109fa1b0f1004b33009d6d40af6553667363b5f71b5
E7C067,9,MOI,screening,low,0.25,1,medium,loose,1131,1206,371.0315136735137,0.32805615709417657,0.9378109452736318,0.9378109452736318,0,0,0,0.0,0,0,371.0315136735137,0,0,0,ok,completed,6.102032800000416,c36553b74fabe50e893eada5c8015d30900e08b71a488c7ec88c4eec579e7327,d8ff27230a7567657dd1511a6d99211671c9c617f42bc0f652467f3d8d947740,13d4d4be1f9a4e8aa746cb51e31943f86a683c075664baf349f855cfd13b6d05
E7C067,9,PASI,screening,low,0.25,1,medium,loose,1131,1206,368.4881792776466,0.3258074087335514,0.9378109452736318,0.9378109452736318,0,0,0,0.0,0,0,368.4881792776466,0,0,0,ok,completed,6.113803700000062,c36553b74fabe50e893eada5c8015d30900e08b71a488c7ec88c4eec579e7327,d8ff27230a7567657dd1511a6d99211671c9c617f42bc0f652467f3d8d947740,13d4d4be1f9a4e8aa746cb51e31943f86a683c075664baf349f855cfd13b6d05
E7C067,10,MOI,screening,low,0.25,1,medium,loose,1128,1206,300.5943757820246,0.2664843756932842,0.9353233830845771,0.9353233830845771,0,0,0,0.0,0,0,300.5943757820246,0,0,0,ok,completed,6.1438662999999,b1566d8773caa1272e7a3faaccae636bc93471ce160ad6a4772832b0f691333d,13ce05c5db181772b0626fbe4f1d194081005c45564ad37624e44c30677e0c49,a0529fafa6c563c7df2a2635e162bb88bf1743e08eee26c4817cfd6abec0cab9
E7C067,10,PASI,screening,low,0.25,1,medium,loose,1128,1206,298.40050833273926,0.2645394577417901,0.9353233830845771,0.9353233830845771,0,0,0,0.0,0,0,298.40050833273926,0,0,0,ok,completed,6.147786200000155,b1566d8773caa1272e7a3faaccae636bc93471ce160ad6a4772832b0f691333d,13ce05c5db181772b0626fbe4f1d194081005c45564ad37624e44c30677e0c49,a0529fafa6c563c7df2a2635e162bb88bf1743e08eee26c4817cfd6abec0cab9
E7C068,1,MOI,screening,medium,0.5,5,high,strict,1623,2464,554.0481395447365,0.3413728524613287,0.658685064935065,0.658685064935065,0,0,0,0.0,0,0,554.0481395447365,0,0,0,ok,completed,6.2393028999940725,85ffcbc7aa05dd74f46233993024f6329d830fa78acc4d396d9be8f6a04b357c,ec22371983a259c14f4c8d91c29d100c194db3be0b439c722923a20d80c394ef,1685e830124ec9fc3fa2099476be3308bb42442f5aa0ccf19ddff3618c962219
E7C068,1,PASI,screening,medium,0.5,5,high,strict,1623,2464,549.6256140009524,0.33864794454772174,0.658685064935065,0.658685064935065,0,0,0,0.0,0,0,549.6256140009524,0,0,0,ok,completed,5.964170800012653,85ffcbc7aa05dd74f46233993024f6329d830fa78acc4d396d9be8f6a04b357c,ec22371983a259c14f4c8d91c29d100c194db3be0b439c722923a20d80c394ef,1685e830124ec9fc3fa2099476be3308bb42442f5aa0ccf19ddff3618c962219
E7C068,2,MOI,screening,medium,0.5,5,high,strict,1672,2464,410.9968002723299,0.24581148341646525,0.6785714285714286,0.6785714285714286,0,0,0,0.0,0,0,410.9968002723299,0,0,0,ok,completed,6.3173397999999,df0244e9ea919f41a24d33c303f0c9b691f81eb081b6c5c3c3bb0daef57ba065,a39b0811c2f464ab764e8dbd8e8b9487ee6f06182940d447e7a4597636aac541,7d8a883edfa9285118e1599dc0c49c4f3bc02168019bab3aacdbcf415565a013
E7C068,2,PASI,screening,medium,0.5,5,high,strict,1672,2464,407.6783260142996,0.2438267500085524,0.6785714285714286,0.6785714285714286,0,0,0,0.0,0,0,407.6783260142996,0,0,0,ok,completed,6.402010699999664,df0244e9ea919f41a24d33c303f0c9b691f81eb081b6c5c3c3bb0daef57ba065,a39b0811c2f464ab764e8dbd8e8b9487ee6f06182940d447e7a4597636aac541,7d8a883edfa9285118e1599dc0c49c4f3bc02168019bab3aacdbcf415565a013
E7C068,3,MOI,screening,medium,0.5,5,high,strict,1643,2464,552.0356014323119,0.33599245370195485,0.666801948051948,0.666801948051948,0,0,0,0.0,0,0,552.0356014323119,0,0,0,ok,completed,6.244556499999817,fdf083b32927818f7ba2c8aa53ababe13d99eb06cec7b3e807b114d639c8012c,196eb5c9c5c3188bcc0d9b17c0f052bcdd132d6719f36eda010856852aba6a7c,9d63e0485f837cb1656de20b6b0f4b17225178527fa55fd1245b8ea188b053ba
E7C068,3,PASI,screening,medium,0.5,5,high,strict,1643,2464,549.4105975891446,0.3343947642052006,0.666801948051948,0.666801948051948,0,0,0,0.0,0,0,549.4105975891446,0,0,0,ok,completed,6.339249699999527,fdf083b32927818f7ba2c8aa53ababe13d99eb06cec7b3e807b114d639c8012c,196eb5c9c5c3188bcc0d9b17c0f052bcdd132d6719f36eda010856852aba6a7c,9d63e0485f837cb1656de20b6b0f4b17225178527fa55fd1245b8ea188b053ba
E7C068,4,MOI,screening,medium,0.5,5,high,strict,1691,2464,552.8945685695171,0.32696308017121056,0.6862824675324676,0.6862824675324676,0,0,0,0.0,0,0,552.8945685695171,0,0,0,ok,completed,6.32837870000003,a09c811a97a72168477996bea5cae221e3be21b35d8313e224ec6b2d2e563dd8,09efb71e6d62b006f3ec3fe63739503350485a325c5979c3eb9dd05401ca11eb,a6edde7b72a138014cc1c2ea11186306a2549683929afa192b834d2a8215446e
E7C068,4,PASI,screening,medium,0.5,5,high,strict,1691,2464,548.893985043754,0.3245972708715281,0.6862824675324676,0.6862824675324676,0,0,0,0.0,0,0,548.893985043754,0,0,0,ok,completed,6.327076399999896,a09c811a97a72168477996bea5cae221e3be21b35d8313e224ec6b2d2e563dd8,09efb71e6d62b006f3ec3fe63739503350485a325c5979c3eb9dd05401ca11eb,a6edde7b72a138014cc1c2ea11186306a2549683929afa192b834d2a8215446e
E7C068,5,MOI,screening,medium,0.5,5,high,strict,1642,2464,463.227789004444,0.28211192996616563,0.6663961038961039,0.6663961038961039,0,0,0,0.0,0,0,463.227789004444,0,0,0,ok,completed,6.316225499999746,3f9d2d2d43882f17652140e431466432f24708128d4f6afea54f0dc89d31b4f9,7fae0de04dd792aaec115bd87fa4900b11c746275332ce142fb1f1edf0b209e3,d32afae457ed9ecf675d756c1a0167fd126b6fe3f4ac5f84c3475feaf62b0a7d
E7C068,5,PASI,screening,medium,0.5,5,high,strict,1642,2464,457.97141676878675,0.2789107288482258,0.6663961038961039,0.6663961038961039,0,0,0,0.0,0,0,457.97141676878675,0,0,0,ok,completed,6.345622599999842,3f9d2d2d43882f17652140e431466432f24708128d4f6afea54f0dc89d31b4f9,7fae0de04dd792aaec115bd87fa4900b11c746275332ce142fb1f1edf0b209e3,d32afae457ed9ecf675d756c1a0167fd126b6fe3f4ac5f84c3475feaf62b0a7d
E7C068,6,MOI,screening,medium,0.5,5,high,strict,1621,2464,430.293619381932,0.26544948758910053,0.6578733766233766,0.6578733766233766,0,0,0,0.0,0,0,430.293619381932,0,0,0,ok,completed,6.161401100000148,946035e9be2addf721a815cd2b9a051dff9265f5deb6140d693eee9a431839fc,b686317ba1a6e585f4fafcf8623be963a470380fad24127d76e6ba6a18026cd4,258d00a4f86220a39467626160cebc1c9ff8819a685de7df783d299c641ca8f4
E7C068,6,PASI,screening,medium,0.5,5,high,strict,1621,2464,425.34241842195024,0.2623950761393894,0.6578733766233766,0.6578733766233766,0,0,0,0.0,0,0,425.34241842195024,0,0,0,ok,completed,6.152888699999494,946035e9be2addf721a815cd2b9a051dff9265f5deb6140d693eee9a431839fc,b686317ba1a6e585f4fafcf8623be963a470380fad24127d76e6ba6a18026cd4,258d00a4f86220a39467626160cebc1c9ff8819a685de7df783d299c641ca8f4
E7C068,7,MOI,screening,medium,0.5,5,high,strict,1630,2464,367.03091660817057,0.22517234147740525,0.661525974025974,0.661525974025974,0,0,0,0.0,0,0,367.03091660817057,0,0,0,ok,completed,6.209883800000171,66a1dabb1c578246ff41f5507e00f5385f498dfe0996ab8076b5045cf229b8a4,9ec08ecc0cb27e9bf90bde3fee64591dc1a2f37d471945ce53e7984e871d118d,aaceee682778a72440434f84dcb1a850bf3e217ca4823a432bc9b2dceaba6f41
E7C068,7,PASI,screening,medium,0.5,5,high,strict,1630,2464,363.32273553438574,0.22289738376342683,0.661525974025974,0.661525974025974,0,0,0,0.0,0,0,363.32273553438574,0,0,0,ok,completed,6.252362100000028,66a1dabb1c578246ff41f5507e00f5385f498dfe0996ab8076b5045cf229b8a4,9ec08ecc0cb27e9bf90bde3fee64591dc1a2f37d471945ce53e7984e871d118d,aaceee682778a72440434f84dcb1a850bf3e217ca4823a432bc9b2dceaba6f41
E7C068,8,MOI,screening,medium,0.5,5,high,strict,1703,2464,508.23404287180375,0.2984345524790392,0.6911525974025974,0.6911525974025974,0,0,0,0.0,0,0,508.23404287180375,0,0,0,ok,completed,6.383651699999973,3ef71d6b5b3de753cdb418012bc0d13fe5bea52bc8e2465fee6ca58713ce5b1a,a74c70608042d200f55c80a63d4533bc2b4006310e1bcb6e243189d27ced1990,097929faaad81af80e72d78cf9391af618f68cc1a98b1c6b52f4c7864e1b106c
E7C068,8,PASI,screening,medium,0.5,5,high,strict,1703,2464,504.2229805084924,0.29607926042777005,0.6911525974025974,0.6911525974025974,0,0,0,0.0,0,0,504.2229805084924,0,0,0,ok,completed,6.377139700000043,3ef71d6b5b3de753cdb418012bc0d13fe5bea52bc8e2465fee6ca58713ce5b1a,a74c70608042d200f55c80a63d4533bc2b4006310e1bcb6e243189d27ced1990,097929faaad81af80e72d78cf9391af618f68cc1a98b1c6b52f4c7864e1b106c
E7C068,9,MOI,screening,medium,0.5,5,high,strict,1654,2464,577.178646350389,0.34895927832550727,0.6712662337662337,0.6712662337662337,0,0,0,0.0,0,0,577.178646350389,0,0,0,ok,completed,6.360496199999943,f4292d060ea4095cd4a251074581960f5216aa080dd253380130be1fa49e5845,eef667784ad4220f13e2bea32305373753967c565a0d07c5df8ffd696fe9ad56,9359372d692bee24db2aaace0613475a729001668738ef387784a773a5b95f5f
E7C068,9,PASI,screening,medium,0.5,5,high,strict,1654,2464,573.526996678115,0.3467515094789087,0.6712662337662337,0.6712662337662337,0,0,0,0.0,0,0,573.526996678115,0,0,0,ok,completed,6.363991299999725,f4292d060ea4095cd4a251074581960f5216aa080dd253380130be1fa49e5845,eef667784ad4220f13e2bea32305373753967c565a0d07c5df8ffd696fe9ad56,9359372d692bee24db2aaace0613475a729001668738ef387784a773a5b95f5f
E7C068,10,MOI,screening,medium,0.5,5,high,strict,1647,2464,415.91593669732293,0.2525294090451263,0.6684253246753247,0.6684253246753247,0,0,0,0.0,0,0,415.91593669732293,0,0,0,ok,completed,6.054701099999875,39fb39cff2f581164b297c9583e6c363cfa52d5de3808a2d23774f98ce3ee5a8,a7bbcf26013098e02fff4a279a492c8db368cc93c6dd20a5b06fe9ddb0e31d7c,dbe61179b09179bcbc7eac85ebea685e16896d90a2895d70c69917e31d1c6dba
E7C068,10,PASI,screening,medium,0.5,5,high,strict,1647,2464,411.5859973825168,0.2499004234259361,0.6684253246753247,0.6684253246753247,0,0,0,0.0,0,0,411.5859973825168,0,0,0,ok,completed,6.083374499999991,39fb39cff2f581164b297c9583e6c363cfa52d5de3808a2d23774f98ce3ee5a8,a7bbcf26013098e02fff4a279a492c8db368cc93c6dd20a5b06fe9ddb0e31d7c,dbe61179b09179bcbc7eac85ebea685e16896d90a2895d70c69917e31d1c6dba
E7C069,1,MOI,screening,medium,0.5,20,low,moderate,1894,2464,659.5043260570462,0.3482071415295915,0.7686688311688312,0.7686688311688312,0,0,0,0.0,0,0,659.5043260570462,0,0,0,ok,completed,5.907057599994005,85ffcbc7aa05dd74f46233993024f6329d830fa78acc4d396d9be8f6a04b357c,d66ab3746ae69bf57359cac1f8b1c6eb618a7244b4bd06dae91814cf786b2a77,dae61644544885a71f95a99899b10ec3a57161292c6a8d7aa699ad4037942534
E7C069,1,PASI,screening,medium,0.5,20,low,moderate,1894,2464,656.3951626533632,0.3465655557831907,0.7686688311688312,0.7686688311688312,0,0,0,0.0,0,0,656.3951626533632,0,0,0,ok,completed,5.943664399994304,85ffcbc7aa05dd74f46233993024f6329d830fa78acc4d396d9be8f6a04b357c,d66ab3746ae69bf57359cac1f8b1c6eb618a7244b4bd06dae91814cf786b2a77,dae61644544885a71f95a99899b10ec3a57161292c6a8d7aa699ad4037942534
E7C069,2,MOI,screening,medium,0.5,20,low,moderate,1933,2464,571.3273404717531,0.2955651011235143,0.7844967532467533,0.7844967532467533,0,0,0,0.0,0,0,571.3273404717531,0,0,0,ok,completed,6.072689999999966,df0244e9ea919f41a24d33c303f0c9b691f81eb081b6c5c3c3bb0daef57ba065,dae307466c0f2d7e7699b903b80d1e23544f00c41db5e1304b43ec51263cb44e,40c73c4635301236d4f7c8d3c140b50610428293add7a6be7b5826807f3809ef
E7C069,2,PASI,screening,medium,0.5,20,low,moderate,1933,2464,567.3813876278316,0.2935237390728565,0.7844967532467533,0.7844967532467533,0,0,0,0.0,0,0,567.3813876278316,0,0,0,ok,completed,6.11397769999985,df0244e9ea919f41a24d33c303f0c9b691f81eb081b6c5c3c3bb0daef57ba065,dae307466c0f2d7e7699b903b80d1e23544f00c41db5e1304b43ec51263cb44e,40c73c4635301236d4f7c8d3c140b50610428293add7a6be7b5826807f3809ef
E7C069,3,MOI,screening,medium,0.5,20,low,moderate,1949,2464,715.7389070895624,0.3672339184656554,0.7909902597402597,0.7909902597402597,0,0,0,0.0,0,0,715.7389070895624,0,0,0,ok,completed,6.067777600000227,fdf083b32927818f7ba2c8aa53ababe13d99eb06cec7b3e807b114d639c8012c,e4cdbc8f20cac984f5e330304cac803c185b55cf405a0586e7fac72c62462b8d,ac936fc21337f82056f0ef31f48d87c863a6af23bc7e67a6fe19cd25ea3a0cc1
E7C069,3,PASI,screening,medium,0.5,20,low,moderate,1949,2464,713.2445329562826,0.3659540959242086,0.7909902597402597,0.7909902597402597,0,0,0,0.0,0,0,713.2445329562826,0,0,0,ok,completed,6.066414199999599,fdf083b32927818f7ba2c8aa53ababe13d99eb06cec7b3e807b114d639c8012c,e4cdbc8f20cac984f5e330304cac803c185b55cf405a0586e7fac72c62462b8d,ac936fc21337f82056f0ef31f48d87c863a6af23bc7e67a6fe19cd25ea3a0cc1
E7C069,4,MOI,screening,medium,0.5,20,low,moderate,1945,2464,640.7356686372857,0.3294270789908924,0.7893668831168831,0.7893668831168831,0,0,0,0.0,0,0,640.7356686372857,0,0,0,ok,completed,6.0983556000001045,a09c811a97a72168477996bea5cae221e3be21b35d8313e224ec6b2d2e563dd8,b27c00ae6aa33cfc0565d19aa920482babeef332343d8559989dc93b8cc2acdb,2b83a5c0b42639f351f4d924d09605f951b798928288202bf93ea1ee803fba0e
E7C069,4,PASI,screening,medium,0.5,20,low,moderate,1945,2464,636.6482362757744,0.3273255713500125,0.7893668831168831,0.7893668831168831,0,0,0,0.0,0,0,636.6482362757744,0,0,0,ok,completed,6.1203089999999065,a09c811a97a72168477996bea5cae221e3be21b35d8313e224ec6b2d2e563dd8,b27c00ae6aa33cfc0565d19aa920482babeef332343d8559989dc93b8cc2acdb,2b83a5c0b42639f351f4d924d09605f951b798928288202bf93ea1ee803fba0e
E7C069,5,MOI,screening,medium,0.5,20,low,moderate,1928,2464,578.367032296529,0.2999829005687391,0.7824675324675324,0.7824675324675324,0,0,0,0.0,0,0,578.367032296529,0,0,0,ok,completed,6.338926400000673,3f9d2d2d43882f17652140e431466432f24708128d4f6afea54f0dc89d31b4f9,31b612abdfd0c127827079ee50fea19181189832da19f892a32bd95109089da5,957e0f7ad7d63ed26c677a017790260b2fccb78b421135d4d72e3862a6cabbd7
E7C069,5,PASI,screening,medium,0.5,20,low,moderate,1928,2464,574.1831028944646,0.2978128127045978,0.7824675324675324,0.7824675324675324,0,0,0,0.0,0,0,574.1831028944646,0,0,0,ok,completed,6.379014499999357,3f9d2d2d43882f17652140e431466432f24708128d4f6afea54f0dc89d31b4f9,31b612abdfd0c127827079ee50fea19181189832da19f892a32bd95109089da5,957e0f7ad7d63ed26c677a017790260b2fccb78b421135d4d72e3862a6cabbd7
E7C069,6,MOI,screening,medium,0.5,20,low,moderate,1894,2464,526.9688566309958,0.2782306529202723,0.7686688311688312,0.7686688311688312,0,0,0,0.0,0,0,526.9688566309958,0,0,0,ok,completed,6.402687899999364,946035e9be2addf721a815cd2b9a051dff9265f5deb6140d693eee9a431839fc,11cb1d2cc52ef078d70aba72f90a0ee04eadee8f538c44070cab74678943ea17,e305f31947ecb6927ae858c5ab64bf7f4f46808146b1499261d1b631cbdfbb7a
E7C069,6,PASI,screening,medium,0.5,20,low,moderate,1894,2464,522.3383131670168,0.27578580420645027,0.7686688311688312,0.7686688311688312,0,0,0,0.0,0,0,522.3383131670168,0,0,0,ok,completed,6.438377400000718,946035e9be2addf721a815cd2b9a051dff9265f5deb6140d693eee9a431839fc,11cb1d2cc52ef078d70aba72f90a0ee04eadee8f538c44070cab74678943ea17,e305f31947ecb6927ae858c5ab64bf7f4f46808146b1499261d1b631cbdfbb7a
E7C069,7,MOI,screening,medium,0.5,20,low,moderate,1940,2464,535.7815843205716,0.2761760743920472,0.7873376623376623,0.7873376623376623,0,0,0,0.0,0,0,535.7815843205716,0,0,0,ok,completed,6.110212699999465,66a1dabb1c578246ff41f5507e00f5385f498dfe0996ab8076b5045cf229b8a4,743a26a15c4e74c6298bfab744dedc3455ab63886040084903705f73a56f26e1,4259a6ed3909f79e3f7230cbb2e18926125f7ec8dc522ffef060027aff860088
E7C069,7,PASI,screening,medium,0.5,20,low,moderate,1940,2464,531.6309242193656,0.2740365588759617,0.7873376623376623,0.7873376623376623,0,0,0,0.0,0,0,531.6309242193656,0,0,0,ok,completed,6.160842600000251,66a1dabb1c578246ff41f5507e00f5385f498dfe0996ab8076b5045cf229b8a4,743a26a15c4e74c6298bfab744dedc3455ab63886040084903705f73a56f26e1,4259a6ed3909f79e3f7230cbb2e18926125f7ec8dc522ffef060027aff860088
E7C069,8,MOI,screening,medium,0.5,20,low,moderate,1961,2464,592.0599215562152,0.30191734908527035,0.7958603896103896,0.7958603896103896,0,0,0,0.0,0,0,592.0599215562152,0,0,0,ok,completed,6.155274900000222,3ef71d6b5b3de753cdb418012bc0d13fe5bea52bc8e2465fee6ca58713ce5b1a,03477e9b5e7807e00eed284eb79c3662d8792fcbfa50a802900cdd4df9a90a23,d9c404ab7eb10bbc1e983b0da9d6820f44708fcc09b93b2ef8a4c504f798e159
E7C069,8,PASI,screening,medium,0.5,20,low,moderate,1961,2464,587.3431102251998,0.29951203989046393,0.7958603896103896,0.7958603896103896,0,0,0,0.0,0,0,587.3431102251998,0,0,0,ok,completed,6.15965529999994,3ef71d6b5b3de753cdb418012bc0d13fe5bea52bc8e2465fee6ca58713ce5b1a,03477e9b5e7807e00eed284eb79c3662d8792fcbfa50a802900cdd4df9a90a23,d9c404ab7eb10bbc1e983b0da9d6820f44708fcc09b93b2ef8a4c504f798e159
E7C069,9,MOI,screening,medium,0.5,20,low,moderate,1943,2464,618.7561184458281,0.3184539981707813,0.7885551948051948,0.7885551948051948,0,0,0,0.0,0,0,618.7561184458281,0,0,0,ok,completed,6.385044699999526,f4292d060ea4095cd4a251074581960f5216aa080dd253380130be1fa49e5845,ed621ecb1233543fcbc3c2f9d986dc598487aea5a586b8bb72eacf55cddb9601,80afa5aedceeb667f1d15780759dc35585dfb2b870bf6d5e9c0c9dd4e5ca2901
E7C069,9,PASI,screening,medium,0.5,20,low,moderate,1943,2464,615.1077282178949,0.31657628832624546,0.7885551948051948,0.7885551948051948,0,0,0,0.0,0,0,615.1077282178949,0,0,0,ok,completed,6.330160600000454,f4292d060ea4095cd4a251074581960f5216aa080dd253380130be1fa49e5845,ed621ecb1233543fcbc3c2f9d986dc598487aea5a586b8bb72eacf55cddb9601,80afa5aedceeb667f1d15780759dc35585dfb2b870bf6d5e9c0c9dd4e5ca2901
E7C069,10,MOI,screening,medium,0.5,20,low,moderate,1932,2464,542.8257769722717,0.280965723070534,0.7840909090909091,0.7840909090909091,0,0,0,0.0,0,0,542.8257769722717,0,0,0,ok,completed,6.072005900000477,39fb39cff2f581164b297c9583e6c363cfa52d5de3808a2d23774f98ce3ee5a8,9c60b9e25328b057cf6a4dd4974b802aa788ec4fc8637aaf005ce5cbe082d122,61ec2a9d625d27b1c2989234f279ed4480d69eff0b08c9d2f2c163f89fc6d9b9
E7C069,10,PASI,screening,medium,0.5,20,low,moderate,1932,2464,538.7369539262338,0.2788493550342825,0.7840909090909091,0.7840909090909091,0,0,0,0.0,0,0,538.7369539262338,0,0,0,ok,completed,6.092801000000691,39fb39cff2f581164b297c9583e6c363cfa52d5de3808a2d23774f98ce3ee5a8,9c60b9e25328b057cf6a4dd4974b802aa788ec4fc8637aaf005ce5cbe082d122,61ec2a9d625d27b1c2989234f279ed4480d69eff0b08c9d2f2c163f89fc6d9b9
E7C070,1,MOI,screening,low,0.1,5,low,loose,1123,1206,378.1658541664195,0.3367460856334991,0.9311774461028193,0.9311774461028193,0,0,0,0.0,0,0,378.1658541664195,0,0,0,ok,completed,5.761471000005258,a6853d1f6a46472be7c9ef37ac0c534128e38eeee9a4af6dc1215c753dd73e8b,ec22371983a259c14f4c8d91c29d100c194db3be0b439c722923a20d80c394ef,c11ae379ccbc687e19b019ad4716ce40a48dc31ad19d6aa7e5dc56d817008c28
E7C070,1,PASI,screening,low,0.1,5,low,loose,1123,1206,377.0450304451583,0.3357480235486717,0.9311774461028193,0.9311774461028193,0,0,0,0.0,0,0,377.0450304451583,0,0,0,ok,completed,5.7971996999986,a6853d1f6a46472be7c9ef37ac0c534128e38eeee9a4af6dc1215c753dd73e8b,ec22371983a259c14f4c8d91c29d100c194db3be0b439c722923a20d80c394ef,c11ae379ccbc687e19b019ad4716ce40a48dc31ad19d6aa7e5dc56d817008c28
E7C070,2,MOI,screening,low,0.1,5,low,loose,1136,1206,328.67072245260306,0.28932281906039004,0.9419568822553898,0.9419568822553898,0,0,0,0.0,0,0,328.67072245260306,0,0,0,ok,completed,6.020223600000463,e7afb3295713137c70e759ced4d1be1c529b43d61136a24b4a4f1ea81f67b788,a39b0811c2f464ab764e8dbd8e8b9487ee6f06182940d447e7a4597636aac541,f71e9b424ccc332e4ce5f524e51f263905968324b2b7873b8566d3ec586f4869
E7C070,2,PASI,screening,low,0.1,5,low,loose,1136,1206,327.5813963513897,0.2883639052388994,0.9419568822553898,0.9419568822553898,0,0,0,0.0,0,0,327.5813963513897,0,0,0,ok,completed,6.052332899999783,e7afb3295713137c70e759ced4d1be1c529b43d61136a24b4a4f1ea81f67b788,a39b0811c2f464ab764e8dbd8e8b9487ee6f06182940d447e7a4597636aac541,f71e9b424ccc332e4ce5f524e51f263905968324b2b7873b8566d3ec586f4869
E7C070,3,MOI,screening,low,0.1,5,low,loose,1120,1206,390.45029587108814,0.34861633559918587,0.9286898839137645,0.9286898839137645,0,0,0,0.0,0,0,390.45029587108814,0,0,0,ok,completed,5.900684600000204,6e6ffca284f94f477304cb0337f85cbd41dc716c490254a0fa9f3b509c77d831,196eb5c9c5c3188bcc0d9b17c0f052bcdd132d6719f36eda010856852aba6a7c,7ace1eab0b3b448d17e4ceb5df0883c7b9dac04ef01abf42c6a13838e7a849fb
E7C070,3,PASI,screening,low,0.1,5,low,loose,1120,1206,389.48776189979003,0.3477569302676697,0.9286898839137645,0.9286898839137645,0,0,0,0.0,0,0,389.48776189979003,0,0,0,ok,completed,6.107054299999618,6e6ffca284f94f477304cb0337f85cbd41dc716c490254a0fa9f3b509c77d831,196eb5c9c5c3188bcc0d9b17c0f052bcdd132d6719f36eda010856852aba6a7c,7ace1eab0b3b448d17e4ceb5df0883c7b9dac04ef01abf42c6a13838e7a849fb
E7C070,4,MOI,screening,low,0.1,5,low,loose,1123,1206,352.59503924237777,0.31397599220158307,0.9311774461028193,0.9311774461028193,0,0,0,0.0,0,0,352.59503924237777,0,0,0,ok,completed,5.80884370000058,b479d924483e1b20a309785a611e582afabec5a7decd37ecdaac82a22d643fb3,09efb71e6d62b006f3ec3fe63739503350485a325c5979c3eb9dd05401ca11eb,9fc72b1219f57ac34cc630ace570a5e86974144ee275c13c3fec240096d970ac
E7C070,4,PASI,screening,low,0.1,5,low,loose,1123,1206,351.57208086106766,0.31306507645687237,0.9311774461028193,0.9311774461028193,0,0,0,0.0,0,0,351.57208086106766,0,0,0,ok,completed,5.92637299999933,b479d924483e1b20a309785a611e582afabec5a7decd37ecdaac82a22d643fb3,09efb71e6d62b006f3ec3fe63739503350485a325c5979c3eb9dd05401ca11eb,9fc72b1219f57ac34cc630ace570a5e86974144ee275c13c3fec240096d970ac
E7C070,5,MOI,screening,low,0.1,5,low,loose,1128,1206,332.0833337213784,0.29440011854732123,0.9353233830845771,0.9353233830845771,0,0,0,0.0,0,0,332.0833337213784,0,0,0,ok,completed,5.920234199999868,5835ae3525d94e6b2905e151656d3fc4f01a68a364a90e09c2d74fba6ffda3c0,7fae0de04dd792aaec115bd87fa4900b11c746275332ce142fb1f1edf0b209e3,531587dfa36fb01cb963e98216e73d6af29ec2feabcc3d01a8c509c9b0670469
E7C070,5,PASI,screening,low,0.1,5,low,loose,1128,1206,330.618102663282,0.2931011548433351,0.9353233830845771,0.9353233830845771,0,0,0,0.0,0,0,330.618102663282,0,0,0,ok,completed,5.9230193000003055,5835ae3525d94e6b2905e151656d3fc4f01a68a364a90e09c2d74fba6ffda3c0,7fae0de04dd792aaec115bd87fa4900b11c746275332ce142fb1f1edf0b209e3,531587dfa36fb01cb963e98216e73d6af29ec2feabcc3d01a8c509c9b0670469
E7C070,6,MOI,screening,low,0.1,5,low,loose,1131,1206,312.8220533179667,0.2765889065587681,0.9378109452736318,0.9378109452736318,0,0,0,0.0,0,0,312.8220533179667,0,0,0,ok,completed,5.907401200000095,f00beec923e5881e89555edc23bc5ed65e1ab571fcb71554186a85292825d71a,b686317ba1a6e585f4fafcf8623be963a470380fad24127d76e6ba6a18026cd4,440c3f9426a0122f78070e6fb5c54b74170096cc2d19e3710fa70145c73f393b
E7C070,6,PASI,screening,low,0.1,5,low,loose,1131,1206,311.6852173894938,0.2755837465866435,0.9378109452736318,0.9378109452736318,0,0,0,0.0,0,0,311.6852173894938,0,0,0,ok,completed,6.090028699999493,f00beec923e5881e89555edc23bc5ed65e1ab571fcb71554186a85292825d71a,b686317ba1a6e585f4fafcf8623be963a470380fad24127d76e6ba6a18026cd4,440c3f9426a0122f78070e6fb5c54b74170096cc2d19e3710fa70145c73f393b
E7C070,7,MOI,screening,low,0.1,5,low,loose,1109,1206,296.7474141548498,0.26758107678525683,0.9195688225538972,0.9195688225538972,0,0,0,0.0,0,0,296.7474141548498,0,0,0,ok,completed,5.852171600000474,699e16a61a72d6f6677c88dc92cd28e4eea46af6652088b2c45b39ce3fa488c6,9ec08ecc0cb27e9bf90bde3fee64591dc1a2f37d471945ce53e7984e871d118d,8d063527cbd5f13d6aceecdb8f78f32f8a9ac0cc116efc435cef003a86dc7f80
E7C070,7,PASI,screening,low,0.1,5,low,loose,1109,1206,295.53945714927335,0.2664918459416351,0.9195688225538972,0.9195688225538972,0,0,0,0.0,0,0,295.53945714927335,0,0,0,ok,completed,6.113172899999881,699e16a61a72d6f6677c88dc92cd28e4eea46af6652088b2c45b39ce3fa488c6,9ec08ecc0cb27e9bf90bde3fee64591dc1a2f37d471945ce53e7984e871d118d,8d063527cbd5f13d6aceecdb8f78f32f8a9ac0cc116efc435cef003a86dc7f80
E7C070,8,MOI,screening,low,0.1,5,low,loose,1112,1206,338.88400242592695,0.30475180074274005,0.9220563847429519,0.9220563847429519,0,0,0,0.0,0,0,338.88400242592695,0,0,0,ok,completed,6.213343700000223,9339345ab1e47990db2ed9dddddcaaafac158be442d6520f9b1ea59107378204,a74c70608042d200f55c80a63d4533bc2b4006310e1bcb6e243189d27ced1990,6518c3cdbf474baed5d1fbeb5e9840e749efabcb5576a18389514ac533f24638
E7C070,8,PASI,screening,low,0.1,5,low,loose,1112,1206,337.62898498083206,0.30362318793240295,0.9220563847429519,0.9220563847429519,0,0,0,0.0,0,0,337.62898498083206,0,0,0,ok,completed,6.227226799999698,9339345ab1e47990db2ed9dddddcaaafac158be442d6520f9b1ea59107378204,a74c70608042d200f55c80a63d4533bc2b4006310e1bcb6e243189d27ced1990,6518c3cdbf474baed5d1fbeb5e9840e749efabcb5576a18389514ac533f24638
E7C070,9,MOI,screening,low,0.1,5,low,loose,1131,1206,349.71567591501287,0.3092092625243261,0.9378109452736318,0.9378109452736318,0,0,0,0.0,0,0,349.71567591501287,0,0,0,ok,completed,6.011257099999966,c36553b74fabe50e893eada5c8015d30900e08b71a488c7ec88c4eec579e7327,eef667784ad4220f13e2bea32305373753967c565a0d07c5df8ffd696fe9ad56,622f24f83627e17234c55b8f5e46a53318b2003aa88794b27c1da34ad782b9b2
E7C070,9,PASI,screening,low,0.1,5,low,loose,1131,1206,348.461155741903,0.3081000492855022,0.9378109452736318,0.9378109452736318,0,0,0,0.0,0,0,348.461155741903,0,0,0,ok,completed,5.974682300000495,c36553b74fabe50e893eada5c8015d30900e08b71a488c7ec88c4eec579e7327,eef667784ad4220f13e2bea32305373753967c565a0d07c5df8ffd696fe9ad56,622f24f83627e17234c55b8f5e46a53318b2003aa88794b27c1da34ad782b9b2
E7C070,10,MOI,screening,low,0.1,5,low,loose,1128,1206,313.92154494848194,0.27829924197560457,0.9353233830845771,0.9353233830845771,0,0,0,0.0,0,0,313.92154494848194,0,0,0,ok,completed,5.796049599999606,b1566d8773caa1272e7a3faaccae636bc93471ce160ad6a4772832b0f691333d,a7bbcf26013098e02fff4a279a492c8db368cc93c6dd20a5b06fe9ddb0e31d7c,8a83d4c02d18c03287f846640adad1c864299a191b4dcd00443fab766855acf6
E7C070,10,PASI,screening,low,0.1,5,low,loose,1128,1206,312.63064397745796,0.2771548262211507,0.9353233830845771,0.9353233830845771,0,0,0,0.0,0,0,312.63064397745796,0,0,0,ok,completed,5.841031400000247,b1566d8773caa1272e7a3faaccae636bc93471ce160ad6a4772832b0f691333d,a7bbcf26013098e02fff4a279a492c8db368cc93c6dd20a5b06fe9ddb0e31d7c,8a83d4c02d18c03287f846640adad1c864299a191b4dcd00443fab766855acf6
E7C071,1,MOI,screening,medium,0.0,1,low,loose,2061,2464,723.2288252347903,0.3509116085564242,0.8364448051948052,0.8364448051948052,0,0,0,0.0,0,0,723.2288252347903,0,0,0,ok,completed,5.940201699995669,85ffcbc7aa05dd74f46233993024f6329d830fa78acc4d396d9be8f6a04b357c,11cef9cb8cbbe9fbae7880ebb50922c001b7b73d11314e6bdd4a7fc541a92f20,854320fac1d2e9041ffbe475dd9c2a40d15c6c7043f9e54bcbbbbf1b7d7fabd1
E7C071,1,PASI,screening,medium,0.0,1,low,loose,2061,2464,723.2288252347903,0.3509116085564242,0.8364448051948052,0.8364448051948052,0,0,0,0.0,0,0,723.2288252347903,0,0,0,ok,completed,5.923310799989849,85ffcbc7aa05dd74f46233993024f6329d830fa78acc4d396d9be8f6a04b357c,11cef9cb8cbbe9fbae7880ebb50922c001b7b73d11314e6bdd4a7fc541a92f20,854320fac1d2e9041ffbe475dd9c2a40d15c6c7043f9e54bcbbbbf1b7d7fabd1
E7C071,2,MOI,screening,medium,0.0,1,low,loose,2066,2464,614.8468823449678,0.29760255679814507,0.838474025974026,0.838474025974026,0,0,0,0.0,0,0,614.8468823449678,0,0,0,ok,completed,5.978365599999961,df0244e9ea919f41a24d33c303f0c9b691f81eb081b6c5c3c3bb0daef57ba065,492d4cad035985c18923cfde4bc4232fa03b6a93196cdf24efda7f57b3d85ad6,bef6b8fd6c8755fa60a8a9f7c19dd22b4e6e84015465e05a1444a97522835d86
E7C071,2,PASI,screening,medium,0.0,1,low,loose,2066,2464,614.8468823449678,0.29760255679814507,0.838474025974026,0.838474025974026,0,0,0,0.0,0,0,614.8468823449678,0,0,0,ok,completed,6.006829599999946,df0244e9ea919f41a24d33c303f0c9b691f81eb081b6c5c3c3bb0daef57ba065,492d4cad035985c18923cfde4bc4232fa03b6a93196cdf24efda7f57b3d85ad6,bef6b8fd6c8755fa60a8a9f7c19dd22b4e6e84015465e05a1444a97522835d86
E7C071,3,MOI,screening,medium,0.0,1,low,loose,2090,2464,774.143603148422,0.37040363787005837,0.8482142857142857,0.8482142857142857,0,0,0,0.0,0,0,774.143603148422,0,0,0,ok,completed,6.222540699999627,fdf083b32927818f7ba2c8aa53ababe13d99eb06cec7b3e807b114d639c8012c,e1e48c4a0d095eaddd1c487f357c5a5231c41cf97c05d582ee656f2824b389b9,cc2e8036c555affa17de365bb993129058c787bc22b9611eaedf5301499a940d
E7C071,3,PASI,screening,medium,0.0,1,low,loose,2090,2464,774.143603148422,0.37040363787005837,0.8482142857142857,0.8482142857142857,0,0,0,0.0,0,0,774.143603148422,0,0,0,ok,completed,6.270016100000248,fdf083b32927818f7ba2c8aa53ababe13d99eb06cec7b3e807b114d639c8012c,e1e48c4a0d095eaddd1c487f357c5a5231c41cf97c05d582ee656f2824b389b9,cc2e8036c555affa17de365bb993129058c787bc22b9611eaedf5301499a940d
E7C071,4,MOI,screening,medium,0.0,1,low,loose,2070,2464,684.156704802047,0.3305104854116169,0.8400974025974026,0.8400974025974026,0,0,0,0.0,0,0,684.156704802047,0,0,0,ok,completed,6.256172699999297,a09c811a97a72168477996bea5cae221e3be21b35d8313e224ec6b2d2e563dd8,2e4fa65a58cb09ed60334251d14263a9ac2f7df6c2af4ea3d214ae55c8fa675d,3fcac38cc476baccc2e34396b95766baa35c65640a24bf19b29f3d787dc3c07a
E7C071,4,PASI,screening,medium,0.0,1,low,loose,2070,2464,684.156704802047,0.3305104854116169,0.8400974025974026,0.8400974025974026,0,0,0,0.0,0,0,684.156704802047,0,0,0,ok,completed,6.28556750000007,a09c811a97a72168477996bea5cae221e3be21b35d8313e224ec6b2d2e563dd8,2e4fa65a58cb09ed60334251d14263a9ac2f7df6c2af4ea3d214ae55c8fa675d,3fcac38cc476baccc2e34396b95766baa35c65640a24bf19b29f3d787dc3c07a
E7C071,5,MOI,screening,medium,0.0,1,low,loose,2068,2464,622.1779419686368,0.3008597398300952,0.8392857142857143,0.8392857142857143,0,0,0,0.0,0,0,622.1779419686368,0,0,0,ok,completed,6.083854800000154,3f9d2d2d43882f17652140e431466432f24708128d4f6afea54f0dc89d31b4f9,a0144a97460eb561ed5ae3c768bb8599f8b0b02944531430c25196e23bb7af33,3d3551ea4e100582ef1cb1fa4448cffae4f78aa788b93f6f6c1d0cde0347c5de
E7C071,5,PASI,screening,medium,0.0,1,low,loose,2068,2464,622.1779419686368,0.3008597398300952,0.8392857142857143,0.8392857142857143,0,0,0,0.0,0,0,622.1779419686368,0,0,0,ok,completed,6.085383799999363,3f9d2d2d43882f17652140e431466432f24708128d4f6afea54f0dc89d31b4f9,a0144a97460eb561ed5ae3c768bb8599f8b0b02944531430c25196e23bb7af33,3d3551ea4e100582ef1cb1fa4448cffae4f78aa788b93f6f6c1d0cde0347c5de
E7C071,6,MOI,screening,medium,0.0,1,low,loose,2039,2464,569.473840299348,0.27929075051463853,0.8275162337662337,0.8275162337662337,0,0,0,0.0,0,0,569.473840299348,0,0,0,ok,completed,6.053597899999659,946035e9be2addf721a815cd2b9a051dff9265f5deb6140d693eee9a431839fc,52fe198786d2ed48372d917ed90519c979331f4eb0cf355898006eb579419719,b5c25ac88716e0a76b80f9474aa3faaa6e6675257c88232398283c8f0e3e6e36
E7C071,6,PASI,screening,medium,0.0,1,low,loose,2039,2464,569.473840299348,0.27929075051463853,0.8275162337662337,0.8275162337662337,0,0,0,0.0,0,0,569.473840299348,0,0,0,ok,completed,6.051451799999995,946035e9be2addf721a815cd2b9a051dff9265f5deb6140d693eee9a431839fc,52fe198786d2ed48372d917ed90519c979331f4eb0cf355898006eb579419719,b5c25ac88716e0a76b80f9474aa3faaa6e6675257c88232398283c8f0e3e6e36
E7C071,7,MOI,screening,medium,0.0,1,low,loose,2087,2464,579.1922119547389,0.2775238198153996,0.8469967532467533,0.8469967532467533,0,0,0,0.0,0,0,579.1922119547389,0,0,0,ok,completed,5.976363699999638,66a1dabb1c578246ff41f5507e00f5385f498dfe0996ab8076b5045cf229b8a4,60406b0b46e23fe9e145188679264675393880ba816980a155d4f156aa3b9e2a,ce6296f383a494e606a6af9c640cfd816582a265cfc2f13114124b139ad767cc
E7C071,7,PASI,screening,medium,0.0,1,low,loose,2087,2464,579.1922119547389,0.2775238198153996,0.8469967532467533,0.8469967532467533,0,0,0,0.0,0,0,579.1922119547389,0,0,0,ok,completed,6.072403800000757,66a1dabb1c578246ff41f5507e00f5385f498dfe0996ab8076b5045cf229b8a4,60406b0b46e23fe9e145188679264675393880ba816980a155d4f156aa3b9e2a,ce6296f383a494e606a6af9c640cfd816582a265cfc2f13114124b139ad767cc
E7C071,8,MOI,screening,medium,0.0,1,low,loose,2085,2464,631.5848904486276,0.3029184126851931,0.846185064935065,0.846185064935065,0,0,0,0.0,0,0,631.5848904486276,0,0,0,ok,completed,6.290734199999861,3ef71d6b5b3de753cdb418012bc0d13fe5bea52bc8e2465fee6ca58713ce5b1a,bad71a5bf90b2748d558e7bd9e582545259049198d51b02a0d523354be940943,c00686a3a53d21df65e42ec2d5163db6e152a70bcd1f95613c7c7ae0e2e45dc9
E7C071,8,PASI,screening,medium,0.0,1,low,loose,2085,2464,631.5848904486276,0.3029184126851931,0.846185064935065,0.846185064935065,0,0,0,0.0,0,0,631.5848904486276,0,0,0,ok,completed,6.270992699999624,3ef71d6b5b3de753cdb418012bc0d13fe5bea52bc8e2465fee6ca58713ce5b1a,bad71a5bf90b2748d558e7bd9e582545259049198d51b02a0d523354be940943,c00686a3a53d21df65e42ec2d5163db6e152a70bcd1f95613c7c7ae0e2e45dc9
E7C071,9,MOI,screening,medium,0.0,1,low,loose,2083,2464,666.8918124809342,0.3201592954781249,0.8453733766233766,0.8453733766233766,0,0,0,0.0,0,0,666.8918124809342,0,0,0,ok,completed,6.258916499999941,f4292d060ea4095cd4a251074581960f5216aa080dd253380130be1fa49e5845,d8ff27230a7567657dd1511a6d99211671c9c617f42bc0f652467f3d8d947740,5f11f1bcfeea8ec408d9e3b6e73b7cb2f52a812b0a84fd813d6fd68787d7a2c6
E7C071,9,PASI,screening,medium,0.0,1,low,loose,2083,2464,666.8918124809342,0.3201592954781249,0.8453733766233766,0.8453733766233766,0,0,0,0.0,0,0,666.8918124809342,0,0,0,ok,completed,6.206687599999896,f4292d060ea4095cd4a251074581960f5216aa080dd253380130be1fa49e5845,d8ff27230a7567657dd1511a6d99211671c9c617f42bc0f652467f3d8d947740,5f11f1bcfeea8ec408d9e3b6e73b7cb2f52a812b0a84fd813d6fd68787d7a2c6
E7C071,10,MOI,screening,medium,0.0,1,low,loose,2075,2464,584.4751261223174,0.28167475957702043,0.8421266233766234,0.8421266233766234,0,0,0,0.0,0,0,584.4751261223174,0,0,0,ok,completed,5.9969412999998895,39fb39cff2f581164b297c9583e6c363cfa52d5de3808a2d23774f98ce3ee5a8,13ce05c5db181772b0626fbe4f1d194081005c45564ad37624e44c30677e0c49,8c94f2b6936411fd7e8f926115ba2ce5674c871a75517a049652144db36f1097
E7C071,10,PASI,screening,medium,0.0,1,low,loose,2075,2464,584.4751261223174,0.28167475957702043,0.8421266233766234,0.8421266233766234,0,0,0,0.0,0,0,584.4751261223174,0,0,0,ok,completed,6.039746400000695,39fb39cff2f581164b297c9583e6c363cfa52d5de3808a2d23774f98ce3ee5a8,13ce05c5db181772b0626fbe4f1d194081005c45564ad37624e44c30677e0c49,8c94f2b6936411fd7e8f926115ba2ce5674c871a75517a049652144db36f1097
E7C073,1,MOI,screening,low,0.25,20,low,strict,855,1206,283.0617918631782,0.33106642323178737,0.7089552238805971,0.7089552238805971,0,0,0,0.0,0,0,283.0617918631782,0,0,0,ok,completed,5.927983999994467,a6853d1f6a46472be7c9ef37ac0c534128e38eeee9a4af6dc1215c753dd73e8b,d66ab3746ae69bf57359cac1f8b1c6eb618a7244b4bd06dae91814cf786b2a77,4a2f0c28fb6e23296b0113e1f366328cdfe435f673fca59eb510ed7c11fcca56
E7C073,1,PASI,screening,low,0.25,20,low,strict,855,1206,281.32300492124546,0.3290327542938543,0.7089552238805971,0.7089552238805971,0,0,0,0.0,0,0,281.32300492124546,0,0,0,ok,completed,5.797913999995217,a6853d1f6a46472be7c9ef37ac0c534128e38eeee9a4af6dc1215c753dd73e8b,d66ab3746ae69bf57359cac1f8b1c6eb618a7244b4bd06dae91814cf786b2a77,4a2f0c28fb6e23296b0113e1f366328cdfe435f673fca59eb510ed7c11fcca56
E7C073,2,MOI,screening,low,0.25,20,low,strict,886,1206,257.48293840745663,0.2906127972996124,0.7346600331674958,0.7346600331674958,0,0,0,0.0,0,0,257.48293840745663,0,0,0,ok,completed,5.855172300000049,e7afb3295713137c70e759ced4d1be1c529b43d61136a24b4a4f1ea81f67b788,dae307466c0f2d7e7699b903b80d1e23544f00c41db5e1304b43ec51263cb44e,2a343c6c999c44b42b9d5e223d8582e18e85d1f58d52628e3f6075ea3d6631c3
E7C073,2,PASI,screening,low,0.25,20,low,strict,886,1206,255.64093045449115,0.2885337815513444,0.7346600331674958,0.7346600331674958,0,0,0,0.0,0,0,255.64093045449115,0,0,0,ok,completed,5.888543199999731,e7afb3295713137c70e759ced4d1be1c529b43d61136a24b4a4f1ea81f67b788,dae307466c0f2d7e7699b903b80d1e23544f00c41db5e1304b43ec51263cb44e,2a343c6c999c44b42b9d5e223d8582e18e85d1f58d52628e3f6075ea3d6631c3
E7C073,3,MOI,screening,low,0.25,20,low,strict,882,1206,303.3759899514424,0.34396370742793925,0.7313432835820896,0.7313432835820896,0,0,0,0.0,0,0,303.3759899514424,0,0,0,ok,completed,6.07821899999999,6e6ffca284f94f477304cb0337f85cbd41dc716c490254a0fa9f3b509c77d831,e4cdbc8f20cac984f5e330304cac803c185b55cf405a0586e7fac72c62462b8d,56ac3e0ed9d0af972126692182f81293b2e6de750187cadac86388c5dc179941
E7C073,3,PASI,screening,low,0.25,20,low,strict,882,1206,302.0991351350282,0.3425160262301907,0.7313432835820896,0.7313432835820896,0,0,0,0.0,0,0,302.0991351350282,0,0,0,ok,completed,6.085420899999917,6e6ffca284f94f477304cb0337f85cbd41dc716c490254a0fa9f3b509c77d831,e4cdbc8f20cac984f5e330304cac803c185b55cf405a0586e7fac72c62462b8d,56ac3e0ed9d0af972126692182f81293b2e6de750187cadac86388c5dc179941
E7C073,4,MOI,screening,low,0.25,20,low,strict,863,1206,270.5035674428981,0.31344561696743695,0.7155887230514096,0.7155887230514096,0,0,0,0.0,0,0,270.5035674428981,0,0,0,ok,completed,5.971629499999835,b479d924483e1b20a309785a611e582afabec5a7decd37ecdaac82a22d643fb3,b27c00ae6aa33cfc0565d19aa920482babeef332343d8559989dc93b8cc2acdb,bdd777bbd423078a27346623530a2fa977966a50eafae0656e086b5f95535670
E7C073,4,PASI,screening,low,0.25,20,low,strict,863,1206,268.67352591332525,0.31132505899574187,0.7155887230514096,0.7155887230514096,0,0,0,0.0,0,0,268.67352591332525,0,0,0,ok,completed,6.084430399999292,b479d924483e1b20a309785a611e582afabec5a7decd37ecdaac82a22d643fb3,b27c00ae6aa33cfc0565d19aa920482babeef332343d8559989dc93b8cc2acdb,bdd777bbd423078a27346623530a2fa977966a50eafae0656e086b5f95535670
E7C073,5,MOI,screening,low,0.25,20,low,strict,859,1206,254.41959743973007,0.296181137880943,0.7122719734660033,0.7122719734660033,0,0,0,0.0,0,0,254.41959743973007,0,0,0,ok,completed,5.847852100000637,5835ae3525d94e6b2905e151656d3fc4f01a68a364a90e09c2d74fba6ffda3c0,31b612abdfd0c127827079ee50fea19181189832da19f892a32bd95109089da5,7f9f4ea7d52a876391ab1363e9a84b0a4f520e5429d1c6397b6e2167c662a7a8
E7C073,5,PASI,screening,low,0.25,20,low,strict,859,1206,251.9675392186803,0.29332658814747414,0.7122719734660033,0.7122719734660033,0,0,0,0.0,0,0,251.9675392186803,0,0,0,ok,completed,5.860300600000301,5835ae3525d94e6b2905e151656d3fc4f01a68a364a90e09c2d74fba6ffda3c0,31b612abdfd0c127827079ee50fea19181189832da19f892a32bd95109089da5,7f9f4ea7d52a876391ab1363e9a84b0a4f520e5429d1c6397b6e2167c662a7a8
E7C073,6,MOI,screening,low,0.25,20,low,strict,856,1206,238.7284568764489,0.278888384201459,0.7097844112769486,0.7097844112769486,0,0,0,0.0,0,0,238.7284568764489,0,0,0,ok,completed,5.964431899999909,f00beec923e5881e89555edc23bc5ed65e1ab571fcb71554186a85292825d71a,11cb1d2cc52ef078d70aba72f90a0ee04eadee8f538c44070cab74678943ea17,e2198703cc0e81f45d5093c9d25cfbab5c30840df0414a830f3397c4f5967378
E7C073,6,PASI,screening,low,0.25,20,low,strict,856,1206,237.05891541920263,0.27693798530280683,0.7097844112769486,0.7097844112769486,0,0,0,0.0,0,0,237.05891541920263,0,0,0,ok,completed,5.994455500000186,f00beec923e5881e89555edc23bc5ed65e1ab571fcb71554186a85292825d71a,11cb1d2cc52ef078d70aba72f90a0ee04eadee8f538c44070cab74678943ea17,e2198703cc0e81f45d5093c9d25cfbab5c30840df0414a830f3397c4f5967378
E7C073,7,MOI,screening,low,0.25,20,low,strict,882,1206,237.8560688452333,0.2696780825909675,0.7313432835820896,0.7313432835820896,0,0,0,0.0,0,0,237.8560688452333,0,0,0,ok,completed,5.928372899999886,699e16a61a72d6f6677c88dc92cd28e4eea46af6652088b2c45b39ce3fa488c6,743a26a15c4e74c6298bfab744dedc3455ab63886040084903705f73a56f26e1,2ae36fba4f36a9dde7d6cc3d0eb07a7373b3d95e81a02ae0f7e2b42f190adb06
E7C073,7,PASI,screening,low,0.25,20,low,strict,882,1206,235.7830815231255,0.2673277568289405,0.7313432835820896,0.7313432835820896,0,0,0,0.0,0,0,235.7830815231255,0,0,0,ok,completed,5.9635582999999315,699e16a61a72d6f6677c88dc92cd28e4eea46af6652088b2c45b39ce3fa488c6,743a26a15c4e74c6298bfab744dedc3455ab63886040084903705f73a56f26e1,2ae36fba4f36a9dde7d6cc3d0eb07a7373b3d95e81a02ae0f7e2b42f190adb06
E7C073,8,MOI,screening,low,0.25,20,low,strict,843,1206,257.70862742692555,0.30570418437357716,0.6990049751243781,0.6990049751243781,0,0,0,0.0,0,0,257.70862742692555,0,0,0,ok,completed,6.115204699999595,9339345ab1e47990db2ed9dddddcaaafac158be442d6520f9b1ea59107378204,03477e9b5e7807e00eed284eb79c3662d8792fcbfa50a802900cdd4df9a90a23,f10445e686667946f51bbc84f8755b93d7884c31d1fef2c3f163e84138bc2aef
E7C073,8,PASI,screening,low,0.25,20,low,strict,843,1206,255.47883824710635,0.303059120103329,0.6990049751243781,0.6990049751243781,0,0,0,0.0,0,0,255.47883824710635,0,0,0,ok,completed,6.341577000000143,9339345ab1e47990db2ed9dddddcaaafac158be442d6520f9b1ea59107378204,03477e9b5e7807e00eed284eb79c3662d8792fcbfa50a802900cdd4df9a90a23,f10445e686667946f51bbc84f8755b93d7884c31d1fef2c3f163e84138bc2aef
E7C073,9,MOI,screening,low,0.25,20,low,strict,867,1206,272.01710883841855,0.3137452235737238,0.7189054726368159,0.7189054726368159,0,0,0,0.0,0,0,272.01710883841855,0,0,0,ok,completed,6.353353000000425,c36553b74fabe50e893eada5c8015d30900e08b71a488c7ec88c4eec579e7327,ed621ecb1233543fcbc3c2f9d986dc598487aea5a586b8bb72eacf55cddb9601,b390f13f416fdb22c7717cd9001d901d8122d23fd8ec08ac6b10a8a527442ecf
E7C073,9,PASI,screening,low,0.25,20,low,strict,867,1206,270.42656419712023,0.3119106853484662,0.7189054726368159,0.7189054726368159,0,0,0,0.0,0,0,270.42656419712023,0,0,0,ok,completed,6.381865100000141,c36553b74fabe50e893eada5c8015d30900e08b71a488c7ec88c4eec579e7327,ed621ecb1233543fcbc3c2f9d986dc598487aea5a586b8bb72eacf55cddb9601,b390f13f416fdb22c7717cd9001d901d8122d23fd8ec08ac6b10a8a527442ecf
E7C073,10,MOI,screening,low,0.25,20,low,strict,873,1206,242.22590552273113,0.27746380930438846,0.7238805970149254,0.7238805970149254,0,0,0,0.0,0,0,242.22590552273113,0,0,0,ok,completed,6.0617473000002065,b1566d8773caa1272e7a3faaccae636bc93471ce160ad6a4772832b0f691333d,9c60b9e25328b057cf6a4dd4974b802aa788ec4fc8637aaf005ce5cbe082d122,6aef72cd0dbcd2d56588f6c34059106eafbd32390776c9f2f56078d12d16095e
E7C073,10,PASI,screening,low,0.25,20,low,strict,873,1206,239.94221955430055,0.27484790326953096,0.7238805970149254,0.7238805970149254,0,0,0,0.0,0,0,239.94221955430055,0,0,0,ok,completed,5.931677300000047,b1566d8773caa1272e7a3faaccae636bc93471ce160ad6a4772832b0f691333d,9c60b9e25328b057cf6a4dd4974b802aa788ec4fc8637aaf005ce5cbe082d122,6aef72cd0dbcd2d56588f6c34059106eafbd32390776c9f2f56078d12d16095e
E7C074,1,MOI,screening,medium,0.0,20,medium,loose,2061,2464,730.24689458626,0.35431678534025235,0.8364448051948052,0.8364448051948052,0,0,0,0.0,0,0,730.24689458626,0,0,0,ok,completed,6.1338703999936115,85ffcbc7aa05dd74f46233993024f6329d830fa78acc4d396d9be8f6a04b357c,d66ab3746ae69bf57359cac1f8b1c6eb618a7244b4bd06dae91814cf786b2a77,2d5ebd5f9dcf4e83cf7e6e52473feb1f5e3674c93851f4195052740e921dc862
E7C074,1,PASI,screening,medium,0.0,20,medium,loose,2061,2464,730.24689458626,0.35431678534025235,0.8364448051948052,0.8364448051948052,0,0,0,0.0,0,0,730.24689458626,0,0,0,ok,completed,6.0551016999961575,85ffcbc7aa05dd74f46233993024f6329d830fa78acc4d396d9be8f6a04b357c,d66ab3746ae69bf57359cac1f8b1c6eb618a7244b4bd06dae91814cf786b2a77,2d5ebd5f9dcf4e83cf7e6e52473feb1f5e3674c93851f4195052740e921dc862
E7C074,2,MOI,screening,medium,0.0,20,medium,loose,2066,2464,572.9149970457808,0.27730638772787064,0.838474025974026,0.838474025974026,0,0,0,0.0,0,0,572.9149970457808,0,0,0,ok,completed,6.0840415000002395,df0244e9ea919f41a24d33c303f0c9b691f81eb081b6c5c3c3bb0daef57ba065,dae307466c0f2d7e7699b903b80d1e23544f00c41db5e1304b43ec51263cb44e,492064aac5e3b58c2830459b2dbb1b5682a295ae1705888f6b4e965539fb2cc6
E7C074,2,PASI,screening,medium,0.0,20,medium,loose,2066,2464,572.9149970457808,0.27730638772787064,0.838474025974026,0.838474025974026,0,0,0,0.0,0,0,572.9149970457808,0,0,0,ok,completed,6.1020871999999144,df0244e9ea919f41a24d33c303f0c9b691f81eb081b6c5c3c3bb0daef57ba065,dae307466c0f2d7e7699b903b80d1e23544f00c41db5e1304b43ec51263cb44e,492064aac5e3b58c2830459b2dbb1b5682a295ae1705888f6b4e965539fb2cc6
E7C074,3,MOI,screening,medium,0.0,20,medium,loose,2090,2464,757.1852742759526,0.36228960491672374,0.8482142857142857,0.8482142857142857,0,0,0,0.0,0,0,757.1852742759526,0,0,0,ok,completed,6.126920699999573,fdf083b32927818f7ba2c8aa53ababe13d99eb06cec7b3e807b114d639c8012c,e4cdbc8f20cac984f5e330304cac803c185b55cf405a0586e7fac72c62462b8d,22d95f5b048a18673f760e9913f28b398c0661289a5af6fd63c8c60753e9a44e
E7C074,3,PASI,screening,medium,0.0,20,medium,loose,2090,2464,757.1852742759526,0.36228960491672374,0.8482142857142857,0.8482142857142857,0,0,0,0.0,0,0,757.1852742759526,0,0,0,ok,completed,6.428777099999934,fdf083b32927818f7ba2c8aa53ababe13d99eb06cec7b3e807b114d639c8012c,e4cdbc8f20cac984f5e330304cac803c185b55cf405a0586e7fac72c62462b8d,22d95f5b048a18673f760e9913f28b398c0661289a5af6fd63c8c60753e9a44e
E7C074,4,MOI,screening,medium,0.0,20,medium,loose,2070,2464,695.0561864249904,0.33577593547100987,0.8400974025974026,0.8400974025974026,0,0,0,0.0,0,0,695.0561864249904,0,0,0,ok,completed,6.42047569999977,a09c811a97a72168477996bea5cae221e3be21b35d8313e224ec6b2d2e563dd8,b27c00ae6aa33cfc0565d19aa920482babeef332343d8559989dc93b8cc2acdb,957aeea411bfbf516b097ee82896150499d85cefc2fb9e4bcc2e1e78c520000b
E7C074,4,PASI,screening,medium,0.0,20,medium,loose,2070,2464,695.0561864249904,0.33577593547100987,0.8400974025974026,0.8400974025974026,0,0,0,0.0,0,0,695.0561864249904,0,0,0,ok,completed,6.501121000000239,a09c811a97a72168477996bea5cae221e3be21b35d8313e224ec6b2d2e563dd8,b27c00ae6aa33cfc0565d19aa920482babeef332343d8559989dc93b8cc2acdb,957aeea411bfbf516b097ee82896150499d85cefc2fb9e4bcc2e1e78c520000b
E7C074,5,MOI,screening,medium,0.0,20,medium,loose,2068,2464,610.5281066710874,0.29522635719104806,0.8392857142857143,0.8392857142857143,0,0,0,0.0,0,0,610.5281066710874,0,0,0,ok,completed,6.824417600000743,3f9d2d2d43882f17652140e431466432f24708128d4f6afea54f0dc89d31b4f9,31b612abdfd0c127827079ee50fea19181189832da19f892a32bd95109089da5,1653bf88f5327a35cac51995c59714633bed021c11f37f85190b6bc711b09405
E7C074,5,PASI,screening,medium,0.0,20,medium,loose,2068,2464,610.5281066710874,0.29522635719104806,0.8392857142857143,0.8392857142857143,0,0,0,0.0,0,0,610.5281066710874,0,0,0,ok,completed,6.777828600000248,3f9d2d2d43882f17652140e431466432f24708128d4f6afea54f0dc89d31b4f9,31b612abdfd0c127827079ee50fea19181189832da19f892a32bd95109089da5,1653bf88f5327a35cac51995c59714633bed021c11f37f85190b6bc711b09405
E7C074,6,MOI,screening,medium,0.0,20,medium,loose,2039,2464,570.8539233980619,0.2799675936233751,0.8275162337662337,0.8275162337662337,0,0,0,0.0,0,0,570.8539233980619,0,0,0,ok,completed,6.751056000000062,946035e9be2addf721a815cd2b9a051dff9265f5deb6140d693eee9a431839fc,11cb1d2cc52ef078d70aba72f90a0ee04eadee8f538c44070cab74678943ea17,4ef8bf29cad2c452f0389e6dbd200650693cd5437a7f260af9397ae9865bc2ce
E7C074,6,PASI,screening,medium,0.0,20,medium,loose,2039,2464,570.8539233980619,0.2799675936233751,0.8275162337662337,0.8275162337662337,0,0,0,0.0,0,0,570.8539233980619,0,0,0,ok,completed,6.645116400000006,946035e9be2addf721a815cd2b9a051dff9265f5deb6140d693eee9a431839fc,11cb1d2cc52ef078d70aba72f90a0ee04eadee8f538c44070cab74678943ea17,4ef8bf29cad2c452f0389e6dbd200650693cd5437a7f260af9397ae9865bc2ce
E7C074,7,MOI,screening,medium,0.0,20,medium,loose,2087,2464,535.1610623630993,0.2564260001739814,0.8469967532467533,0.8469967532467533,0,0,0,0.0,0,0,535.1610623630993,0,0,0,ok,completed,6.231353900000613,66a1dabb1c578246ff41f5507e00f5385f498dfe0996ab8076b5045cf229b8a4,743a26a15c4e74c6298bfab744dedc3455ab63886040084903705f73a56f26e1,614bb5f164db1152c841b722b582b49508b092a1c8b55680267a3f2c7770954c
E7C074,7,PASI,screening,medium,0.0,20,medium,loose,2087,2464,535.1610623630993,0.2564260001739814,0.8469967532467533,0.8469967532467533,0,0,0,0.0,0,0,535.1610623630993,0,0,0,ok,completed,5.979054100000212,66a1dabb1c578246ff41f5507e00f5385f498dfe0996ab8076b5045cf229b8a4,743a26a15c4e74c6298bfab744dedc3455ab63886040084903705f73a56f26e1,614bb5f164db1152c841b722b582b49508b092a1c8b55680267a3f2c7770954c
E7C074,8,MOI,screening,medium,0.0,20,medium,loose,2085,2464,637.962957850544,0.3059774378180067,0.846185064935065,0.846185064935065,0,0,0,0.0,0,0,637.962957850544,0,0,0,ok,completed,5.970121800000015,3ef71d6b5b3de753cdb418012bc0d13fe5bea52bc8e2465fee6ca58713ce5b1a,03477e9b5e7807e00eed284eb79c3662d8792fcbfa50a802900cdd4df9a90a23,eeeb69230152a2f83353210aa238303cb7b51440332ac76e400138af2d9df675
E7C074,8,PASI,screening,medium,0.0,20,medium,loose,2085,2464,637.962957850544,0.3059774378180067,0.846185064935065,0.846185064935065,0,0,0,0.0,0,0,637.962957850544,0,0,0,ok,completed,5.987841000000117,3ef71d6b5b3de753cdb418012bc0d13fe5bea52bc8e2465fee6ca58713ce5b1a,03477e9b5e7807e00eed284eb79c3662d8792fcbfa50a802900cdd4df9a90a23,eeeb69230152a2f83353210aa238303cb7b51440332ac76e400138af2d9df675
E7C074,9,MOI,screening,medium,0.0,20,medium,loose,2083,2464,714.305514411431,0.3429215143597844,0.8453733766233766,0.8453733766233766,0,0,0,0.0,0,0,714.305514411431,0,0,0,ok,completed,5.968853799999124,f4292d060ea4095cd4a251074581960f5216aa080dd253380130be1fa49e5845,ed621ecb1233543fcbc3c2f9d986dc598487aea5a586b8bb72eacf55cddb9601,ff158aedebf12bc8b0ebfff823bd54a105d86c133b0269bc9a0e196405f7a401
E7C074,9,PASI,screening,medium,0.0,20,medium,loose,2083,2464,714.305514411431,0.3429215143597844,0.8453733766233766,0.8453733766233766,0,0,0,0.0,0,0,714.305514411431,0,0,0,ok,completed,6.165517499999623,f4292d060ea4095cd4a251074581960f5216aa080dd253380130be1fa49e5845,ed621ecb1233543fcbc3c2f9d986dc598487aea5a586b8bb72eacf55cddb9601,ff158aedebf12bc8b0ebfff823bd54a105d86c133b0269bc9a0e196405f7a401
E7C074,10,MOI,screening,medium,0.0,20,medium,loose,2075,2464,565.7316533846545,0.27264176066730333,0.8421266233766234,0.8421266233766234,0,0,0,0.0,0,0,565.7316533846545,0,0,0,ok,completed,6.404199999999946,39fb39cff2f581164b297c9583e6c363cfa52d5de3808a2d23774f98ce3ee5a8,9c60b9e25328b057cf6a4dd4974b802aa788ec4fc8637aaf005ce5cbe082d122,8a4dab22ebe6178017f72847ba79ce6720dbd76162a24d89708b5dcde9c22cbf
E7C074,10,PASI,screening,medium,0.0,20,medium,loose,2075,2464,565.7316533846545,0.27264176066730333,0.8421266233766234,0.8421266233766234,0,0,0,0.0,0,0,565.7316533846545,0,0,0,ok,completed,6.407028999999966,39fb39cff2f581164b297c9583e6c363cfa52d5de3808a2d23774f98ce3ee5a8,9c60b9e25328b057cf6a4dd4974b802aa788ec4fc8637aaf005ce5cbe082d122,8a4dab22ebe6178017f72847ba79ce6720dbd76162a24d89708b5dcde9c22cbf
E7C074,11,MOI,confirmation,medium,0.0,20,medium,loose,2053,2464,607.3960281887199,0.29585778284886505,0.833198051948052,0.833198051948052,0,0,0,0.0,0,0,607.3960281887199,0,0,0,ok,completed,6.444310400000177,bcdc29669796bf6b6bccf7e245c476a78fbe550a5d880176ad11112cea4db251,2b4d05eb6c31065d2ca4a31bd16523f701055f37ebc6eafda79d08842a18cd42,75d57343dd918fc46519065ebeb560a252e3588df1d8aec6ad5a10888a9e7d2c
E7C074,11,PASI,confirmation,medium,0.0,20,medium,loose,2053,2464,607.3960281887199,0.29585778284886505,0.833198051948052,0.833198051948052,0,0,0,0.0,0,0,607.3960281887199,0,0,0,ok,completed,6.322916299999633,bcdc29669796bf6b6bccf7e245c476a78fbe550a5d880176ad11112cea4db251,2b4d05eb6c31065d2ca4a31bd16523f701055f37ebc6eafda79d08842a18cd42,75d57343dd918fc46519065ebeb560a252e3588df1d8aec6ad5a10888a9e7d2c
E7C074,12,MOI,confirmation,medium,0.0,20,medium,loose,2063,2464,653.2895954701235,0.31666970211833423,0.8372564935064936,0.8372564935064936,0,0,0,0.0,0,0,653.2895954701235,0,0,0,ok,completed,6.106754600000386,c2c32df8671bf2dee6731de7029d05b3a67cd00533b3b3cb1fe65afec3ba0a5c,34c909d48198fdc718eb98f4c253b653e658736f296fc45dd45a5bc947666059,623e77c76f33d2dc5ccbd68c2a54b6f6042be8804491c05491004cb8af3d8d1c
E7C074,12,PASI,confirmation,medium,0.0,20,medium,loose,2063,2464,653.2895954701235,0.31666970211833423,0.8372564935064936,0.8372564935064936,0,0,0,0.0,0,0,653.2895954701235,0,0,0,ok,completed,6.125432400000136,c2c32df8671bf2dee6731de7029d05b3a67cd00533b3b3cb1fe65afec3ba0a5c,34c909d48198fdc718eb98f4c253b653e658736f296fc45dd45a5bc947666059,623e77c76f33d2dc5ccbd68c2a54b6f6042be8804491c05491004cb8af3d8d1c
E7C074,13,MOI,confirmation,medium,0.0,20,medium,loose,2051,2464,795.212447538004,0.3877193795894705,0.8323863636363636,0.8323863636363636,0,0,0,0.0,0,0,795.212447538004,0,0,0,ok,completed,5.955204400000184,63e33272eb9ac08ff21a215dac11cb655c85c9eb80a7d76103838eda900a694b,4b02f8d6786c95772a800a9d2766ea771132035e7219af36fa5f93ed6e0a91ed,fd30daa1a81926c6a17c5f0837847c7de87271d07607ac9da706ffdb88997ee1
E7C074,13,PASI,confirmation,medium,0.0,20,medium,loose,2051,2464,795.212447538004,0.3877193795894705,0.8323863636363636,0.8323863636363636,0,0,0,0.0,0,0,795.212447538004,0,0,0,ok,completed,6.035504400000718,63e33272eb9ac08ff21a215dac11cb655c85c9eb80a7d76103838eda900a694b,4b02f8d6786c95772a800a9d2766ea771132035e7219af36fa5f93ed6e0a91ed,fd30daa1a81926c6a17c5f0837847c7de87271d07607ac9da706ffdb88997ee1
E7C074,14,MOI,confirmation,medium,0.0,20,medium,loose,2072,2464,605.1132274467298,0.2920430634395414,0.8409090909090909,0.8409090909090909,0,0,0,0.0,0,0,605.1132274467298,0,0,0,ok,completed,6.033435000000281,684890ad110ded553a61864b0aa2d72b6b9ab0553a6f60e5424f66f784312ef6,40e89fac8b1c577bffeb7fe00a68cf719871669a94193595e853ea43fa938784,02a0c6cab9e537acda5cd84942134d06277886f90a1caed25edf909d5d0ca5a4
E7C074,14,PASI,confirmation,medium,0.0,20,medium,loose,2072,2464,605.1132274467298,0.2920430634395414,0.8409090909090909,0.8409090909090909,0,0,0,0.0,0,0,605.1132274467298,0,0,0,ok,completed,6.080481500000133,684890ad110ded553a61864b0aa2d72b6b9ab0553a6f60e5424f66f784312ef6,40e89fac8b1c577bffeb7fe00a68cf719871669a94193595e853ea43fa938784,02a0c6cab9e537acda5cd84942134d06277886f90a1caed25edf909d5d0ca5a4
E7C074,15,MOI,confirmation,medium,0.0,20,medium,loose,2057,2464,785.3969232103173,0.3818166860526579,0.8348214285714286,0.8348214285714286,0,0,0,0.0,0,0,785.3969232103173,0,0,0,ok,completed,6.288608800000475,b9adc352754b94bbc326b95b0c56d02bb2e151dff7922858bedc689f95e32a47,3a86368cc1ab8f9f0a3a7bf8364efdbc3db3a614caa551f2bb994c3682455675,e0ad198ccc7bf73f5c797521e6edcd9ca79adb4df92defb1a756fe59cea0f35e
E7C074,15,PASI,confirmation,medium,0.0,20,medium,loose,2057,2464,785.3969232103173,0.3818166860526579,0.8348214285714286,0.8348214285714286,0,0,0,0.0,0,0,785.3969232103173,0,0,0,ok,completed,6.347204700000475,b9adc352754b94bbc326b95b0c56d02bb2e151dff7922858bedc689f95e32a47,3a86368cc1ab8f9f0a3a7bf8364efdbc3db3a614caa551f2bb994c3682455675,e0ad198ccc7bf73f5c797521e6edcd9ca79adb4df92defb1a756fe59cea0f35e
E7C074,16,MOI,confirmation,medium,0.0,20,medium,loose,2070,2464,713.2651018763838,0.3445725129837603,0.8400974025974026,0.8400974025974026,0,0,0,0.0,0,0,713.2651018763838,0,0,0,ok,completed,6.323646400000143,790650cd63642c18048dfb7cb594c1f24e44c532325a987ec5673c1c0675e7cc,5ed92cce0a079734db6c4d33611093eec2cd86500100dbc8ab6a00bc091d280c,710c1942499347b914b5bb0053a0cd1fba24e47970f2f0a226cd427e9f312817
E7C074,16,PASI,confirmation,medium,0.0,20,medium,loose,2070,2464,713.2651018763838,0.3445725129837603,0.8400974025974026,0.8400974025974026,0,0,0,0.0,0,0,713.2651018763838,0,0,0,ok,completed,6.34329230000003,790650cd63642c18048dfb7cb594c1f24e44c532325a987ec5673c1c0675e7cc,5ed92cce0a079734db6c4d33611093eec2cd86500100dbc8ab6a00bc091d280c,710c1942499347b914b5bb0053a0cd1fba24e47970f2f0a226cd427e9f312817
E7C074,17,MOI,confirmation,medium,0.0,20,medium,loose,2070,2464,680.6821099959818,0.32883193719612647,0.8400974025974026,0.8400974025974026,0,0,0,0.0,0,0,680.6821099959818,0,0,0,ok,completed,6.2018129999996745,7d31f0479e48b7d959ae400e6c46204dc81615d0667fe4e518cc8d009c333653,e413406d4d8a97d1511c69e6940800322f9d4ab49edd00bdbcb59e5542167c95,15d4e1aa976a3e00f7a4705b036bad35bb3cdb0e20759c2bdf0d432fda65cb8b
E7C074,17,PASI,confirmation,medium,0.0,20,medium,loose,2070,2464,680.6821099959818,0.32883193719612647,0.8400974025974026,0.8400974025974026,0,0,0,0.0,0,0,680.6821099959818,0,0,0,ok,completed,6.345506900000146,7d31f0479e48b7d959ae400e6c46204dc81615d0667fe4e518cc8d009c333653,e413406d4d8a97d1511c69e6940800322f9d4ab49edd00bdbcb59e5542167c95,15d4e1aa976a3e00f7a4705b036bad35bb3cdb0e20759c2bdf0d432fda65cb8b
E7C074,18,MOI,confirmation,medium,0.0,20,medium,loose,2107,2464,631.8239740381209,0.29986899574661646,0.8551136363636364,0.8551136363636364,0,0,0,0.0,0,0,631.8239740381209,0,0,0,ok,completed,6.259921199999553,cca303634e73c2aff071f394d76da01f8397d8a63bd39c4a959ae3a4fc0d2909,2bd1bbc49b50a6b45c13a09cc1c035bbdca0c8fedae684966d3c7b24a36edb6d,35a06a58bf171d1bcd68db6086ff5f3a86542b15286a927073c7bdc53fca0f9c
E7C074,18,PASI,confirmation,medium,0.0,20,medium,loose,2107,2464,631.8239740381209,0.29986899574661646,0.8551136363636364,0.8551136363636364,0,0,0,0.0,0,0,631.8239740381209,0,0,0,ok,completed,6.312887899999623,cca303634e73c2aff071f394d76da01f8397d8a63bd39c4a959ae3a4fc0d2909,2bd1bbc49b50a6b45c13a09cc1c035bbdca0c8fedae684966d3c7b24a36edb6d,35a06a58bf171d1bcd68db6086ff5f3a86542b15286a927073c7bdc53fca0f9c
E7C074,19,MOI,confirmation,medium,0.0,20,medium,loose,2078,2464,594.3127354050023,0.2860022788282013,0.8433441558441559,0.8433441558441559,0,0,0,0.0,0,0,594.3127354050023,0,0,0,ok,completed,6.175213599999552,67d4d8ea3cc9ec6fe95d3990e228c362166282e38337d5f0c6f7007bf6cd14be,20c0c9a34f4452f17f918f97d5b4b0d0af1def6281986ff72c1735586f459d71,d211a224f6f70c7800cdc75c7d4ed54a3be62e7fb3338b1e8a7e05df35ccf676
E7C074,19,PASI,confirmation,medium,0.0,20,medium,loose,2078,2464,594.3127354050023,0.2860022788282013,0.8433441558441559,0.8433441558441559,0,0,0,0.0,0,0,594.3127354050023,0,0,0,ok,completed,6.089709799999582,67d4d8ea3cc9ec6fe95d3990e228c362166282e38337d5f0c6f7007bf6cd14be,20c0c9a34f4452f17f918f97d5b4b0d0af1def6281986ff72c1735586f459d71,d211a224f6f70c7800cdc75c7d4ed54a3be62e7fb3338b1e8a7e05df35ccf676
E7C074,20,MOI,confirmation,medium,0.0,20,medium,loose,2052,2464,625.7111367915884,0.3049274545767975,0.8327922077922078,0.8327922077922078,0,0,0,0.0,0,0,625.7111367915884,0,0,0,ok,completed,6.308561400000144,d2cc60f019e889230990dce8f05c6427c9480695842d03f82d16698da58de11d,cadced37aca230b612222cfcce6c691511f1a6a5836bf463e4ffe0f56557df08,86cf0d79611a37c621b76fb98aa67b610d4828bb65c57f3200d13c49bf36f509
E7C074,20,PASI,confirmation,medium,0.0,20,medium,loose,2052,2464,625.7111367915884,0.3049274545767975,0.8327922077922078,0.8327922077922078,0,0,0,0.0,0,0,625.7111367915884,0,0,0,ok,completed,6.314544599999863,d2cc60f019e889230990dce8f05c6427c9480695842d03f82d16698da58de11d,cadced37aca230b612222cfcce6c691511f1a6a5836bf463e4ffe0f56557df08,86cf0d79611a37c621b76fb98aa67b610d4828bb65c57f3200d13c49bf36f509
E7C074,21,MOI,confirmation,medium,0.0,20,medium,loose,2064,2464,588.4240741583794,0.2850891832162691,0.8376623376623377,0.8376623376623377,0,0,0,0.0,0,0,588.4240741583794,0,0,0,ok,completed,6.299805399999968,a52635c8e1346fcb791f11569cb222889e8cc056530df389479126c70a15158c,a6776a97843269f55d68643939d3702f2f978539602eef39e3e0707b0305dd56,2017c96297e236dd285402ddabca2354c26753e3d3307f3428cc80e0f484ac1d
E7C074,21,PASI,confirmation,medium,0.0,20,medium,loose,2064,2464,588.4240741583794,0.2850891832162691,0.8376623376623377,0.8376623376623377,0,0,0,0.0,0,0,588.4240741583794,0,0,0,ok,completed,6.310792700000093,a52635c8e1346fcb791f11569cb222889e8cc056530df389479126c70a15158c,a6776a97843269f55d68643939d3702f2f978539602eef39e3e0707b0305dd56,2017c96297e236dd285402ddabca2354c26753e3d3307f3428cc80e0f484ac1d
E7C074,22,MOI,confirmation,medium,0.0,20,medium,loose,2034,2464,680.156074512732,0.3343933503012448,0.825487012987013,0.825487012987013,0,0,0,0.0,0,0,680.156074512732,0,0,0,ok,completed,6.137920400000439,bdb646d4c9db2fef4b028c14ce081854af31f6e21c478d6116aa889d14c1de34,4eb741c6d08bcab2b115a036c6ead24c669ce862f433b99324fc25e92f13bb33,793ab3096485faeb47df14452affcb5a712eda80ec170c02169f0d14bf9b8878
E7C074,22,PASI,confirmation,medium,0.0,20,medium,loose,2034,2464,680.156074512732,0.3343933503012448,0.825487012987013,0.825487012987013,0,0,0,0.0,0,0,680.156074512732,0,0,0,ok,completed,6.161769800000002,bdb646d4c9db2fef4b028c14ce081854af31f6e21c478d6116aa889d14c1de34,4eb741c6d08bcab2b115a036c6ead24c669ce862f433b99324fc25e92f13bb33,793ab3096485faeb47df14452affcb5a712eda80ec170c02169f0d14bf9b8878
E7C074,23,MOI,confirmation,medium,0.0,20,medium,loose,2066,2464,713.701729649122,0.34545098240518973,0.838474025974026,0.838474025974026,0,0,0,0.0,0,0,713.701729649122,0,0,0,ok,completed,6.111935099999755,47a1bb57b5640cee7d8514dd3543eaaa54d1a8d03c2b596fc9d2c7c44c8cf0a6,ef589139a24248e260687363411c2312be729266cd7138253a0e4e09655dd283,c2bc8a52615e182e424d9a311fc3fb7cf3ca161f1568debb9893eeb8ad628970
E7C074,23,PASI,confirmation,medium,0.0,20,medium,loose,2066,2464,713.701729649122,0.34545098240518973,0.838474025974026,0.838474025974026,0,0,0,0.0,0,0,713.701729649122,0,0,0,ok,completed,6.298637199999575,47a1bb57b5640cee7d8514dd3543eaaa54d1a8d03c2b596fc9d2c7c44c8cf0a6,ef589139a24248e260687363411c2312be729266cd7138253a0e4e09655dd283,c2bc8a52615e182e424d9a311fc3fb7cf3ca161f1568debb9893eeb8ad628970
E7C074,24,MOI,confirmation,medium,0.0,20,medium,loose,2049,2464,618.8263612825476,0.30201384152393734,0.8315746753246753,0.8315746753246753,0,0,0,0.0,0,0,618.8263612825476,0,0,0,ok,completed,6.5204791999994995,4ccdc4d197f2ebc74a6fb7a23c92d782276b9d0785b0d349523ab42b2cdc4e53,5ae7c573d583422b84501c9630d5f5827cee6b07439fb183ba5742addb1b6032,f367bc13f11590e0438255db357a8ff3824213f7e9d8e33319ac72a36079bb98
E7C074,24,PASI,confirmation,medium,0.0,20,medium,loose,2049,2464,618.8263612825476,0.30201384152393734,0.8315746753246753,0.8315746753246753,0,0,0,0.0,0,0,618.8263612825476,0,0,0,ok,completed,6.431308000000172,4ccdc4d197f2ebc74a6fb7a23c92d782276b9d0785b0d349523ab42b2cdc4e53,5ae7c573d583422b84501c9630d5f5827cee6b07439fb183ba5742addb1b6032,f367bc13f11590e0438255db357a8ff3824213f7e9d8e33319ac72a36079bb98
E7C074,25,MOI,confirmation,medium,0.0,20,medium,loose,2065,2464,645.5409407629485,0.31261062506680315,0.8380681818181818,0.8380681818181818,0,0,0,0.0,0,0,645.5409407629485,0,0,0,ok,completed,6.301684799999748,baa2ce82b2457712c738a451c0727e1e4ebd1d9218513bbc9633aa35344d3f29,5b326e5ce07136aa30d876de062c31fac8c41cef77d59aa30811a04483cab1c0,df262bec78e363c00f26bbcaf84253648b95ba6a3b92b145cc87b69a2efb9107
E7C074,25,PASI,confirmation,medium,0.0,20,medium,loose,2065,2464,645.5409407629485,0.31261062506680315,0.8380681818181818,0.8380681818181818,0,0,0,0.0,0,0,645.5409407629485,0,0,0,ok,completed,6.321424499999921,baa2ce82b2457712c738a451c0727e1e4ebd1d9218513bbc9633aa35344d3f29,5b326e5ce07136aa30d876de062c31fac8c41cef77d59aa30811a04483cab1c0,df262bec78e363c00f26bbcaf84253648b95ba6a3b92b145cc87b69a2efb9107
E7C074,26,MOI,confirmation,medium,0.0,20,medium,loose,2079,2464,590.6744790433098,0.28411470853454057,0.84375,0.84375,0,0,0,0.0,0,0,590.6744790433098,0,0,0,ok,completed,6.089291400000548,1d16f58d71f69baec76073233ea553321bd35ffa99cdba316305e9b1068b2d4a,c52bd71f81080352ebf79d5c9f62f0f137e06d90fc3cefb8dc56ee52493f03ba,91402f6519a9ed56962971cbba59323dd15325cc9e225e63a70b57f7f208690a
E7C074,26,PASI,confirmation,medium,0.0,20,medium,loose,2079,2464,590.6744790433098,0.28411470853454057,0.84375,0.84375,0,0,0,0.0,0,0,590.6744790433098,0,0,0,ok,completed,6.185121400000753,1d16f58d71f69baec76073233ea553321bd35ffa99cdba316305e9b1068b2d4a,c52bd71f81080352ebf79d5c9f62f0f137e06d90fc3cefb8dc56ee52493f03ba,91402f6519a9ed56962971cbba59323dd15325cc9e225e63a70b57f7f208690a
E7C074,27,MOI,confirmation,medium,0.0,20,medium,loose,2068,2464,604.2167356981724,0.29217443699137935,0.8392857142857143,0.8392857142857143,0,0,0,0.0,0,0,604.2167356981724,0,0,0,ok,completed,6.1255894000005355,03bd0593d6e0139198a4b742a479208a988c681b57e80666a27d133e1ff8d392,54607f953848fbc54798d49767c93a9a93ff47f04c39f5c84a4e95ddf6e04091,2f1853ae9c2081116b89672dab8cd8442d088487d6dd7cf0e061cb02e6f16837
E7C074,27,PASI,confirmation,medium,0.0,20,medium,loose,2068,2464,604.2167356981724,0.29217443699137935,0.8392857142857143,0.8392857142857143,0,0,0,0.0,0,0,604.2167356981724,0,0,0,ok,completed,6.165649999999914,03bd0593d6e0139198a4b742a479208a988c681b57e80666a27d133e1ff8d392,54607f953848fbc54798d49767c93a9a93ff47f04c39f5c84a4e95ddf6e04091,2f1853ae9c2081116b89672dab8cd8442d088487d6dd7cf0e061cb02e6f16837
E7C074,28,MOI,confirmation,medium,0.0,20,medium,loose,2093,2464,705.4846837144382,0.33706864964856104,0.8494318181818182,0.8494318181818182,0,0,0,0.0,0,0,705.4846837144382,0,0,0,ok,completed,6.109776999999667,730cccee99d5acf90e370a4eb2f701a69ec192bc3a25bc1b4b6c851951da9683,c890b20dd023652d423d655c022b80ff7f493870b2a3709f55db66f023b95417,fc9cf71f3c4defb80f36e5b7598a3f31b194281ac7c87356b5aa89b473979588
E7C074,28,PASI,confirmation,medium,0.0,20,medium,loose,2093,2464,705.4846837144382,0.33706864964856104,0.8494318181818182,0.8494318181818182,0,0,0,0.0,0,0,705.4846837144382,0,0,0,ok,completed,6.326132400000461,730cccee99d5acf90e370a4eb2f701a69ec192bc3a25bc1b4b6c851951da9683,c890b20dd023652d423d655c022b80ff7f493870b2a3709f55db66f023b95417,fc9cf71f3c4defb80f36e5b7598a3f31b194281ac7c87356b5aa89b473979588
E7C074,29,MOI,confirmation,medium,0.0,20,medium,loose,2075,2464,561.3279075781238,0.2705194735316259,0.8421266233766234,0.8421266233766234,0,0,0,0.0,0,0,561.3279075781238,0,0,0,ok,completed,6.096987500000068,1652211decee0151b52429f6442c65e243255cdb1365e8cfacdb6e91289cb363,8f74ade18a1c5d608e2dcabf394716b9c268a16e2e918228d4f246e161eba520,8f56ad333f314bfd8411409e36189c38199d0649d4a384eb9347aff8de5ad8a3
E7C074,29,PASI,confirmation,medium,0.0,20,medium,loose,2075,2464,561.3279075781238,0.2705194735316259,0.8421266233766234,0.8421266233766234,0,0,0,0.0,0,0,561.3279075781238,0,0,0,ok,completed,6.3278653999996095,1652211decee0151b52429f6442c65e243255cdb1365e8cfacdb6e91289cb363,8f74ade18a1c5d608e2dcabf394716b9c268a16e2e918228d4f246e161eba520,8f56ad333f314bfd8411409e36189c38199d0649d4a384eb9347aff8de5ad8a3
E7C074,30,MOI,confirmation,medium,0.0,20,medium,loose,2041,2464,577.4727803885805,0.28293619813257254,0.828327922077922,0.828327922077922,0,0,0,0.0,0,0,577.4727803885805,0,0,0,ok,completed,6.353508099999999,87ffc62864a4a72081072c4fd378ff644a0e20bfb18fc2e8800aea42acda897d,8dafcfe8fb902f040b5462995c13dea893bb9804a293dcc79745ae3776dcd2a1,9134838e6be5f8ee9fd2f1682f083c7f133c8fb88a5cf3989a9a53242d6dba28
E7C074,30,PASI,confirmation,medium,0.0,20,medium,loose,2041,2464,577.4727803885805,0.28293619813257254,0.828327922077922,0.828327922077922,0,0,0,0.0,0,0,577.4727803885805,0,0,0,ok,completed,6.362241799999538,87ffc62864a4a72081072c4fd378ff644a0e20bfb18fc2e8800aea42acda897d,8dafcfe8fb902f040b5462995c13dea893bb9804a293dcc79745ae3776dcd2a1,9134838e6be5f8ee9fd2f1682f083c7f133c8fb88a5cf3989a9a53242d6dba28
E7C075,1,MOI,screening,high,0.5,20,low,strict,2208,3531,782.4134799443846,0.35435393113423214,0.6253186066270179,0.6253186066270179,0,0,0,0.0,0,0,782.4134799443846,0,0,0,ok,completed,7.116606299998239,e60a9613cc052e89d5f54455389db3597a9004f2d0eaa3214d6c414d8926d44a,d66ab3746ae69bf57359cac1f8b1c6eb618a7244b4bd06dae91814cf786b2a77,88c347c463ae03972b15a92297281f0a30c49fe66d13b21aec00167266db0584
E7C075,1,PASI,screening,high,0.5,20,low,strict,2208,3531,779.2816722319935,0.352935539960142,0.6253186066270179,0.6253186066270179,0,0,0,0.0,0,0,779.2816722319935,0,0,0,ok,completed,6.991966099987621,e60a9613cc052e89d5f54455389db3597a9004f2d0eaa3214d6c414d8926d44a,d66ab3746ae69bf57359cac1f8b1c6eb618a7244b4bd06dae91814cf786b2a77,88c347c463ae03972b15a92297281f0a30c49fe66d13b21aec00167266db0584
E7C075,2,MOI,screening,high,0.5,20,low,strict,2197,3531,648.2137698988331,0.2950449567131694,0.6222033418295101,0.6222033418295101,0,0,0,0.0,0,0,648.2137698988331,0,0,0,ok,completed,7.081359599999814,ec6fb6e3e70e4e4cfaf432beb8c8e81197411dc276b4156fadadf46c4149536b,dae307466c0f2d7e7699b903b80d1e23544f00c41db5e1304b43ec51263cb44e,f0af2a0a10fa7d4f4b011804b33c8c8af5b46863a277aa031df914ee7757f6a0
E7C075,2,PASI,screening,high,0.5,20,low,strict,2197,3531,644.065605416545,0.29315685271576924,0.6222033418295101,0.6222033418295101,0,0,0,0.0,0,0,644.065605416545,0,0,0,ok,completed,7.1070354000003135,ec6fb6e3e70e4e4cfaf432beb8c8e81197411dc276b4156fadadf46c4149536b,dae307466c0f2d7e7699b903b80d1e23544f00c41db5e1304b43ec51263cb44e,f0af2a0a10fa7d4f4b011804b33c8c8af5b46863a277aa031df914ee7757f6a0
E7C075,3,MOI,screening,high,0.5,20,low,strict,2197,3531,804.7599967907267,0.3662994978564983,0.6222033418295101,0.6222033418295101,0,0,0,0.0,0,0,804.7599967907267,0,0,0,ok,completed,7.0282186000004,c44b94beec3a0f3f02bc5e6fa6cd1528e66f2f4dc81fc3d375d0a2fa4a82c358,e4cdbc8f20cac984f5e330304cac803c185b55cf405a0586e7fac72c62462b8d,899ed887c0306c8fa93c2b0bb3add62022983634204756fb35c167b7a85751ae
E7C075,3,PASI,screening,high,0.5,20,low,strict,2197,3531,802.4335729208906,0.3652405884938055,0.6222033418295101,0.6222033418295101,0,0,0,0.0,0,0,802.4335729208906,0,0,0,ok,completed,7.072803899999599,c44b94beec3a0f3f02bc5e6fa6cd1528e66f2f4dc81fc3d375d0a2fa4a82c358,e4cdbc8f20cac984f5e330304cac803c185b55cf405a0586e7fac72c62462b8d,899ed887c0306c8fa93c2b0bb3add62022983634204756fb35c167b7a85751ae
E7C075,4,MOI,screening,high,0.5,20,low,strict,2186,3531,723.5897651330802,0.3310108715155902,0.6190880770320023,0.6190880770320023,0,0,0,0.0,0,0,723.5897651330802,0,0,0,ok,completed,7.055007300000398,b3523e2089dbd7a32da94bd9af1457f53f613cc29afd93e90d9e37732b37fa40,b27c00ae6aa33cfc0565d19aa920482babeef332343d8559989dc93b8cc2acdb,86dfeda501d40c4ed37e3b9ca9ce1b254db8a14da82d0f6d2896dd288d32dd05
E7C075,4,PASI,screening,high,0.5,20,low,strict,2186,3531,719.3370607353696,0.32906544406924504,0.6190880770320023,0.6190880770320023,0,0,0,0.0,0,0,719.3370607353696,0,0,0,ok,completed,7.07328249999955,b3523e2089dbd7a32da94bd9af1457f53f613cc29afd93e90d9e37732b37fa40,b27c00ae6aa33cfc0565d19aa920482babeef332343d8559989dc93b8cc2acdb,86dfeda501d40c4ed37e3b9ca9ce1b254db8a14da82d0f6d2896dd288d32dd05
E7C075,5,MOI,screening,high,0.5,20,low,strict,2184,3531,662.0192009190097,0.3031223447431363,0.6185216652506372,0.6185216652506372,0,0,0,0.0,0,0,662.0192009190097,0,0,0,ok,completed,7.117354800000612,9c91d040fe812b98e9b759b6161595b173d2d116b16ce3708a8597be62bb4e8a,31b612abdfd0c127827079ee50fea19181189832da19f892a32bd95109089da5,92e7f51d2131deb20261ac0c4cea0632d28d172e5f1fc8c36e2a4aef16810e43
E7C075,5,PASI,screening,high,0.5,20,low,strict,2184,3531,657.73225857381,0.3011594590539423,0.6185216652506372,0.6185216652506372,0,0,0,0.0,0,0,657.73225857381,0,0,0,ok,completed,7.175446999999622,9c91d040fe812b98e9b759b6161595b173d2d116b16ce3708a8597be62bb4e8a,31b612abdfd0c127827079ee50fea19181189832da19f892a32bd95109089da5,92e7f51d2131deb20261ac0c4cea0632d28d172e5f1fc8c36e2a4aef16810e43
E7C075,6,MOI,screening,high,0.5,20,low,strict,2203,3531,603.3014484316069,0.2738544931600576,0.6239025771736052,0.6239025771736052,0,0,0,0.0,0,0,603.3014484316069,0,0,0,ok,completed,7.363292400000319,2e819b4fd88809fe30a8e26b180554e99e1dc9845ddda4dd3314189e44d73369,11cb1d2cc52ef078d70aba72f90a0ee04eadee8f538c44070cab74678943ea17,2ee2792ea3f3d3704e0f59f1d04e40a9727c75dda4a1bad696622ee25f11cf17
E7C075,6,PASI,screening,high,0.5,20,low,strict,2203,3531,597.9582432282696,0.271429070916146,0.6239025771736052,0.6239025771736052,0,0,0,0.0,0,0,597.9582432282696,0,0,0,ok,completed,7.417799299999388,2e819b4fd88809fe30a8e26b180554e99e1dc9845ddda4dd3314189e44d73369,11cb1d2cc52ef078d70aba72f90a0ee04eadee8f538c44070cab74678943ea17,2ee2792ea3f3d3704e0f59f1d04e40a9727c75dda4a1bad696622ee25f11cf17
E7C075,7,MOI,screening,high,0.5,20,low,strict,2174,3531,582.3380678828844,0.26786479663426144,0.615689606343812,0.615689606343812,0,0,0,0.0,0,0,582.3380678828844,0,0,0,ok,completed,7.5109967999997025,a4a74c297dd7facbcadc3f2bfea242294af7bea2cb4a29c627d99e29a9dfb6e7,743a26a15c4e74c6298bfab744dedc3455ab63886040084903705f73a56f26e1,106f673b064e90dc5f5d808b0be2b8e8624123f13c77666b5d954aafa17987fd
E7C075,7,PASI,screening,high,0.5,20,low,strict,2174,3531,577.4115985690672,0.2655987113933152,0.615689606343812,0.615689606343812,0,0,0,0.0,0,0,577.4115985690672,0,0,0,ok,completed,7.501405599999998,a4a74c297dd7facbcadc3f2bfea242294af7bea2cb4a29c627d99e29a9dfb6e7,743a26a15c4e74c6298bfab744dedc3455ab63886040084903705f73a56f26e1,106f673b064e90dc5f5d808b0be2b8e8624123f13c77666b5d954aafa17987fd
E7C075,8,MOI,screening,high,0.5,20,low,strict,2209,3531,666.5296913675409,0.3017336764905119,0.6256018125177004,0.6256018125177004,0,0,0,0.0,0,0,666.5296913675409,0,0,0,ok,completed,7.050043100000039,2e4d842490f744be05f504ad4e589f453696f55663201363d55bb7b564314928,03477e9b5e7807e00eed284eb79c3662d8792fcbfa50a802900cdd4df9a90a23,e2206b51ffacf4ccb1f438f8ebc2dc0d43c45b4699e137b1ecc21e9e1bbfa9e1
E7C075,8,PASI,screening,high,0.5,20,low,strict,2209,3531,661.0841401373225,0.2992685107004629,0.6256018125177004,0.6256018125177004,0,0,0,0.0,0,0,661.0841401373225,0,0,0,ok,completed,7.152271199999632,2e4d842490f744be05f504ad4e589f453696f55663201363d55bb7b564314928,03477e9b5e7807e00eed284eb79c3662d8792fcbfa50a802900cdd4df9a90a23,e2206b51ffacf4ccb1f438f8ebc2dc0d43c45b4699e137b1ecc21e9e1bbfa9e1
E7C075,9,MOI,screening,high,0.5,20,low,strict,2198,3531,697.6495797609027,0.3174019926118757,0.6224865477201926,0.6224865477201926,0,0,0,0.0,0,0,697.6495797609027,0,0,0,ok,completed,7.142073299999538,05644c349dadd2679e3020242271f6c70707fe1f74822a0aab58fe3b5ac86b1b,ed621ecb1233543fcbc3c2f9d986dc598487aea5a586b8bb72eacf55cddb9601,2cf6792b9a86b3bb830c9c597f5598b9620b64001c52f9c57fa8d553488d55df
E7C075,9,PASI,screening,high,0.5,20,low,strict,2198,3531,694.139308321547,0.3158049628396483,0.6224865477201926,0.6224865477201926,0,0,0,0.0,0,0,694.139308321547,0,0,0,ok,completed,7.213370299999951,05644c349dadd2679e3020242271f6c70707fe1f74822a0aab58fe3b5ac86b1b,ed621ecb1233543fcbc3c2f9d986dc598487aea5a586b8bb72eacf55cddb9601,2cf6792b9a86b3bb830c9c597f5598b9620b64001c52f9c57fa8d553488d55df
E7C075,10,MOI,screening,high,0.5,20,low,strict,2208,3531,633.2438919345901,0.28679524091240494,0.6253186066270179,0.6253186066270179,0,0,0,0.0,0,0,633.2438919345901,0,0,0,ok,completed,7.218298599999798,ae2f818058c1f2abf5435b1a214d3adaed90fbe8b8524612ee7f9075b830725b,9c60b9e25328b057cf6a4dd4974b802aa788ec4fc8637aaf005ce5cbe082d122,7ac72cdd09b7e08b1ec2ba6b25c702815afd84f256d6f34b0a53d2917456c8fb
E7C075,10,PASI,screening,high,0.5,20,low,strict,2208,3531,629.0458563888125,0.28489395669783174,0.6253186066270179,0.6253186066270179,0,0,0,0.0,0,0,629.0458563888125,0,0,0,ok,completed,7.1917257999994035,ae2f818058c1f2abf5435b1a214d3adaed90fbe8b8524612ee7f9075b830725b,9c60b9e25328b057cf6a4dd4974b802aa788ec4fc8637aaf005ce5cbe082d122,7ac72cdd09b7e08b1ec2ba6b25c702815afd84f256d6f34b0a53d2917456c8fb
E7C077,1,MOI,screening,high,0.0,20,low,strict,2208,3531,782.4134799443846,0.35435393113423214,0.6253186066270179,0.6253186066270179,0,0,0,0.0,0,0,782.4134799443846,0,0,0,ok,completed,6.969184499990661,e60a9613cc052e89d5f54455389db3597a9004f2d0eaa3214d6c414d8926d44a,d66ab3746ae69bf57359cac1f8b1c6eb618a7244b4bd06dae91814cf786b2a77,d60f582ebe1f12ce7d91ac9e0659be3d089adc5d0df2a598d5e3b1f8cb92746c
E7C077,1,PASI,screening,high,0.0,20,low,strict,2208,3531,782.4134799443846,0.35435393113423214,0.6253186066270179,0.6253186066270179,0,0,0,0.0,0,0,782.4134799443846,0,0,0,ok,completed,6.98564400000032,e60a9613cc052e89d5f54455389db3597a9004f2d0eaa3214d6c414d8926d44a,d66ab3746ae69bf57359cac1f8b1c6eb618a7244b4bd06dae91814cf786b2a77,d60f582ebe1f12ce7d91ac9e0659be3d089adc5d0df2a598d5e3b1f8cb92746c
E7C077,2,MOI,screening,high,0.0,20,low,strict,2197,3531,648.2137698988331,0.2950449567131694,0.6222033418295101,0.6222033418295101,0,0,0,0.0,0,0,648.2137698988331,0,0,0,ok,completed,7.4954311999999845,ec6fb6e3e70e4e4cfaf432beb8c8e81197411dc276b4156fadadf46c4149536b,dae307466c0f2d7e7699b903b80d1e23544f00c41db5e1304b43ec51263cb44e,8c69bca4b9a9d87949c886323b03b5199beff95c6755b2428de25f51a397b7d2
E7C077,2,PASI,screening,high,0.0,20,low,strict,2197,3531,648.2137698988331,0.2950449567131694,0.6222033418295101,0.6222033418295101,0,0,0,0.0,0,0,648.2137698988331,0,0,0,ok,completed,7.5821961000001465,ec6fb6e3e70e4e4cfaf432beb8c8e81197411dc276b4156fadadf46c4149536b,dae307466c0f2d7e7699b903b80d1e23544f00c41db5e1304b43ec51263cb44e,8c69bca4b9a9d87949c886323b03b5199beff95c6755b2428de25f51a397b7d2
E7C077,3,MOI,screening,high,0.0,20,low,strict,2197,3531,804.7599967907267,0.3662994978564983,0.6222033418295101,0.6222033418295101,0,0,0,0.0,0,0,804.7599967907267,0,0,0,ok,completed,7.551997599999595,c44b94beec3a0f3f02bc5e6fa6cd1528e66f2f4dc81fc3d375d0a2fa4a82c358,e4cdbc8f20cac984f5e330304cac803c185b55cf405a0586e7fac72c62462b8d,3a1ed0f8e8fe1a7d5b490180a9eb15f6b012db42bbfbdb3d18065f05c46f8696
E7C077,3,PASI,screening,high,0.0,20,low,strict,2197,3531,804.7599967907267,0.3662994978564983,0.6222033418295101,0.6222033418295101,0,0,0,0.0,0,0,804.7599967907267,0,0,0,ok,completed,7.6607895000006465,c44b94beec3a0f3f02bc5e6fa6cd1528e66f2f4dc81fc3d375d0a2fa4a82c358,e4cdbc8f20cac984f5e330304cac803c185b55cf405a0586e7fac72c62462b8d,3a1ed0f8e8fe1a7d5b490180a9eb15f6b012db42bbfbdb3d18065f05c46f8696
E7C077,4,MOI,screening,high,0.0,20,low,strict,2186,3531,723.5897651330802,0.3310108715155902,0.6190880770320023,0.6190880770320023,0,0,0,0.0,0,0,723.5897651330802,0,0,0,ok,completed,7.308595200000127,b3523e2089dbd7a32da94bd9af1457f53f613cc29afd93e90d9e37732b37fa40,b27c00ae6aa33cfc0565d19aa920482babeef332343d8559989dc93b8cc2acdb,ebcacd0eb2e299b966ff29fbae39e2c4908b814c498dfd21b2aac9863e2240e8
E7C077,4,PASI,screening,high,0.0,20,low,strict,2186,3531,723.5897651330802,0.3310108715155902,0.6190880770320023,0.6190880770320023,0,0,0,0.0,0,0,723.5897651330802,0,0,0,ok,completed,7.275160000000142,b3523e2089dbd7a32da94bd9af1457f53f613cc29afd93e90d9e37732b37fa40,b27c00ae6aa33cfc0565d19aa920482babeef332343d8559989dc93b8cc2acdb,ebcacd0eb2e299b966ff29fbae39e2c4908b814c498dfd21b2aac9863e2240e8
E7C077,5,MOI,screening,high,0.0,20,low,strict,2184,3531,662.0192009190097,0.3031223447431363,0.6185216652506372,0.6185216652506372,0,0,0,0.0,0,0,662.0192009190097,0,0,0,ok,completed,7.22385149999991,9c91d040fe812b98e9b759b6161595b173d2d116b16ce3708a8597be62bb4e8a,31b612abdfd0c127827079ee50fea19181189832da19f892a32bd95109089da5,ac053b1c8c5f1a6c62c51888d165cb4f528dcbaac7b98141119a504856f46deb
E7C077,5,PASI,screening,high,0.0,20,low,strict,2184,3531,662.0192009190097,0.3031223447431363,0.6185216652506372,0.6185216652506372,0,0,0,0.0,0,0,662.0192009190097,0,0,0,ok,completed,7.125391199999285,9c91d040fe812b98e9b759b6161595b173d2d116b16ce3708a8597be62bb4e8a,31b612abdfd0c127827079ee50fea19181189832da19f892a32bd95109089da5,ac053b1c8c5f1a6c62c51888d165cb4f528dcbaac7b98141119a504856f46deb
E7C077,6,MOI,screening,high,0.0,20,low,strict,2203,3531,603.3014484316069,0.2738544931600576,0.6239025771736052,0.6239025771736052,0,0,0,0.0,0,0,603.3014484316069,0,0,0,ok,completed,7.008855999999469,2e819b4fd88809fe30a8e26b180554e99e1dc9845ddda4dd3314189e44d73369,11cb1d2cc52ef078d70aba72f90a0ee04eadee8f538c44070cab74678943ea17,162ab8bb3315545bc52fe823fc2a1b19666a1b7d5cd1227969aa08e308a7d01b
E7C077,6,PASI,screening,high,0.0,20,low,strict,2203,3531,603.3014484316069,0.2738544931600576,0.6239025771736052,0.6239025771736052,0,0,0,0.0,0,0,603.3014484316069,0,0,0,ok,completed,7.021477799999957,2e819b4fd88809fe30a8e26b180554e99e1dc9845ddda4dd3314189e44d73369,11cb1d2cc52ef078d70aba72f90a0ee04eadee8f538c44070cab74678943ea17,162ab8bb3315545bc52fe823fc2a1b19666a1b7d5cd1227969aa08e308a7d01b
E7C077,7,MOI,screening,high,0.0,20,low,strict,2174,3531,582.3380678828844,0.26786479663426144,0.615689606343812,0.615689606343812,0,0,0,0.0,0,0,582.3380678828844,0,0,0,ok,completed,7.3874040000000605,a4a74c297dd7facbcadc3f2bfea242294af7bea2cb4a29c627d99e29a9dfb6e7,743a26a15c4e74c6298bfab744dedc3455ab63886040084903705f73a56f26e1,a03aff6d3c6de97a034adbcf60646a3ee427941b4c2f8fba3dddc414714e6023
E7C077,7,PASI,screening,high,0.0,20,low,strict,2174,3531,582.3380678828844,0.26786479663426144,0.615689606343812,0.615689606343812,0,0,0,0.0,0,0,582.3380678828844,0,0,0,ok,completed,7.416361599999618,a4a74c297dd7facbcadc3f2bfea242294af7bea2cb4a29c627d99e29a9dfb6e7,743a26a15c4e74c6298bfab744dedc3455ab63886040084903705f73a56f26e1,a03aff6d3c6de97a034adbcf60646a3ee427941b4c2f8fba3dddc414714e6023
E7C077,8,MOI,screening,high,0.0,20,low,strict,2209,3531,666.5296913675409,0.3017336764905119,0.6256018125177004,0.6256018125177004,0,0,0,0.0,0,0,666.5296913675409,0,0,0,ok,completed,7.311099000000468,2e4d842490f744be05f504ad4e589f453696f55663201363d55bb7b564314928,03477e9b5e7807e00eed284eb79c3662d8792fcbfa50a802900cdd4df9a90a23,35e1ee3c883a8b1d2bfbbcc54c965f05602c95c40dbbb4f9f84cb8f0552f5404
E7C077,8,PASI,screening,high,0.0,20,low,strict,2209,3531,666.5296913675409,0.3017336764905119,0.6256018125177004,0.6256018125177004,0,0,0,0.0,0,0,666.5296913675409,0,0,0,ok,completed,7.286837200000264,2e4d842490f744be05f504ad4e589f453696f55663201363d55bb7b564314928,03477e9b5e7807e00eed284eb79c3662d8792fcbfa50a802900cdd4df9a90a23,35e1ee3c883a8b1d2bfbbcc54c965f05602c95c40dbbb4f9f84cb8f0552f5404
E7C077,9,MOI,screening,high,0.0,20,low,strict,2198,3531,697.6495797609027,0.3174019926118757,0.6224865477201926,0.6224865477201926,0,0,0,0.0,0,0,697.6495797609027,0,0,0,ok,completed,7.061228399999891,05644c349dadd2679e3020242271f6c70707fe1f74822a0aab58fe3b5ac86b1b,ed621ecb1233543fcbc3c2f9d986dc598487aea5a586b8bb72eacf55cddb9601,d225b8507f4d24131aaebe6f59e541f8213647f2b0ef2ae1f9a92ca8c847d2e6
E7C077,9,PASI,screening,high,0.0,20,low,strict,2198,3531,697.6495797609027,0.3174019926118757,0.6224865477201926,0.6224865477201926,0,0,0,0.0,0,0,697.6495797609027,0,0,0,ok,completed,7.07109280000077,05644c349dadd2679e3020242271f6c70707fe1f74822a0aab58fe3b5ac86b1b,ed621ecb1233543fcbc3c2f9d986dc598487aea5a586b8bb72eacf55cddb9601,d225b8507f4d24131aaebe6f59e541f8213647f2b0ef2ae1f9a92ca8c847d2e6
E7C077,10,MOI,screening,high,0.0,20,low,strict,2208,3531,633.2438919345901,0.28679524091240494,0.6253186066270179,0.6253186066270179,0,0,0,0.0,0,0,633.2438919345901,0,0,0,ok,completed,7.089466299999913,ae2f818058c1f2abf5435b1a214d3adaed90fbe8b8524612ee7f9075b830725b,9c60b9e25328b057cf6a4dd4974b802aa788ec4fc8637aaf005ce5cbe082d122,c307fbbe31b79ed08e06d1f7433299f7174715e16ac35ae04397b1b35628c159
E7C077,10,PASI,screening,high,0.0,20,low,strict,2208,3531,633.2438919345901,0.28679524091240494,0.6253186066270179,0.6253186066270179,0,0,0,0.0,0,0,633.2438919345901,0,0,0,ok,completed,7.139636900000369,ae2f818058c1f2abf5435b1a214d3adaed90fbe8b8524612ee7f9075b830725b,9c60b9e25328b057cf6a4dd4974b802aa788ec4fc8637aaf005ce5cbe082d122,c307fbbe31b79ed08e06d1f7433299f7174715e16ac35ae04397b1b35628c159
E7C077,11,MOI,confirmation,high,0.0,20,low,strict,2157,3531,621.3780839437977,0.2880751432284644,0.610875106202209,0.610875106202209,0,0,0,0.0,0,0,621.3780839437977,0,0,0,ok,completed,7.195189800000662,1dc5d8d83c4ff7f26667a371d655b4dba6d74adf688f0f6888c0ba104d87df45,2b4d05eb6c31065d2ca4a31bd16523f701055f37ebc6eafda79d08842a18cd42,57557a29c664b0dfaa47f8cce363ed54ff2ac17ccca2043d4ae306c6cb28e53b
E7C077,11,PASI,confirmation,high,0.0,20,low,strict,2157,3531,621.3780839437977,0.2880751432284644,0.610875106202209,0.610875106202209,0,0,0,0.0,0,0,621.3780839437977,0,0,0,ok,completed,7.369918700000198,1dc5d8d83c4ff7f26667a371d655b4dba6d74adf688f0f6888c0ba104d87df45,2b4d05eb6c31065d2ca4a31bd16523f701055f37ebc6eafda79d08842a18cd42,57557a29c664b0dfaa47f8cce363ed54ff2ac17ccca2043d4ae306c6cb28e53b
E7C077,12,MOI,confirmation,high,0.0,20,low,strict,2197,3531,674.5899079037729,0.3070504815219722,0.6222033418295101,0.6222033418295101,0,0,0,0.0,0,0,674.5899079037729,0,0,0,ok,completed,6.95123650000005,141971c4c9f87dcd134fd815fdf20a03c64a66303785cd229689f296e00e5f36,34c909d48198fdc718eb98f4c253b653e658736f296fc45dd45a5bc947666059,d133e52e047b481ed0984ff6a170e5ee1f54ee6d6931273267c7a541f3c42b18
E7C077,12,PASI,confirmation,high,0.0,20,low,strict,2197,3531,674.5899079037729,0.3070504815219722,0.6222033418295101,0.6222033418295101,0,0,0,0.0,0,0,674.5899079037729,0,0,0,ok,completed,7.216005500000392,141971c4c9f87dcd134fd815fdf20a03c64a66303785cd229689f296e00e5f36,34c909d48198fdc718eb98f4c253b653e658736f296fc45dd45a5bc947666059,d133e52e047b481ed0984ff6a170e5ee1f54ee6d6931273267c7a541f3c42b18
E7C077,13,MOI,confirmation,high,0.0,20,low,strict,2181,3531,817.2965508386778,0.3747347780094809,0.6176720475785896,0.6176720475785896,0,0,0,0.0,0,0,817.2965508386778,0,0,0,ok,completed,7.265158000000156,9074fe90fcb9cc353470b45d003d201b6fcb043506454aab79686b78c76659f3,4b02f8d6786c95772a800a9d2766ea771132035e7219af36fa5f93ed6e0a91ed,696c4ce4eac0e7e5f609ceb755269a2059d2584fdd42b6f9315ee93f0ddeaad4
E7C077,13,PASI,confirmation,high,0.0,20,low,strict,2181,3531,817.2965508386778,0.3747347780094809,0.6176720475785896,0.6176720475785896,0,0,0,0.0,0,0,817.2965508386778,0,0,0,ok,completed,7.279766300000119,9074fe90fcb9cc353470b45d003d201b6fcb043506454aab79686b78c76659f3,4b02f8d6786c95772a800a9d2766ea771132035e7219af36fa5f93ed6e0a91ed,696c4ce4eac0e7e5f609ceb755269a2059d2584fdd42b6f9315ee93f0ddeaad4
E7C077,14,MOI,confirmation,high,0.0,20,low,strict,2158,3531,669.6593160829594,0.31031478965846127,0.6111583120928915,0.6111583120928915,0,0,0,0.0,0,0,669.6593160829594,0,0,0,ok,completed,7.217019299999265,27e53d29734b221c9bac3a41c68ba0d735e45a596930c2c9ca7853d54b2b9f75,40e89fac8b1c577bffeb7fe00a68cf719871669a94193595e853ea43fa938784,269ffd9ce9d4e8f82cf427598f55f5ba0da73e01fd6a8a9aebf42379032e28a5
E7C077,14,PASI,confirmation,high,0.0,20,low,strict,2158,3531,669.6593160829594,0.31031478965846127,0.6111583120928915,0.6111583120928915,0,0,0,0.0,0,0,669.6593160829594,0,0,0,ok,completed,7.191449799999646,27e53d29734b221c9bac3a41c68ba0d735e45a596930c2c9ca7853d54b2b9f75,40e89fac8b1c577bffeb7fe00a68cf719871669a94193595e853ea43fa938784,269ffd9ce9d4e8f82cf427598f55f5ba0da73e01fd6a8a9aebf42379032e28a5
E7C077,15,MOI,confirmation,high,0.0,20,low,strict,2181,3531,820.3261906518802,0.3761238838385512,0.6176720475785896,0.6176720475785896,0,0,0,0.0,0,0,820.3261906518802,0,0,0,ok,completed,7.013147000000572,ab50d6d16b442b10180b2ee2f4953e9e66ff1d97c5c57a09b308c23e6d74368e,3a86368cc1ab8f9f0a3a7bf8364efdbc3db3a614caa551f2bb994c3682455675,3f9f9d687cb8957f708e4fddae20b26979c18435fd7cb5d55bd5f8f02acd517e
E7C077,15,PASI,confirmation,high,0.0,20,low,strict,2181,3531,820.3261906518802,0.3761238838385512,0.6176720475785896,0.6176720475785896,0,0,0,0.0,0,0,820.3261906518802,0,0,0,ok,completed,7.097162899999603,ab50d6d16b442b10180b2ee2f4953e9e66ff1d97c5c57a09b308c23e6d74368e,3a86368cc1ab8f9f0a3a7bf8364efdbc3db3a614caa551f2bb994c3682455675,3f9f9d687cb8957f708e4fddae20b26979c18435fd7cb5d55bd5f8f02acd517e
E7C077,16,MOI,confirmation,high,0.0,20,low,strict,2175,3531,720.9913102253445,0.33149025757487105,0.6159728122344945,0.6159728122344945,0,0,0,0.0,0,0,720.9913102253445,0,0,0,ok,completed,7.282948099999885,2751157e1905b0b1f79d85004bf8e9c476772c898e43bfe8d4a914d9e24c5d53,5ed92cce0a079734db6c4d33611093eec2cd86500100dbc8ab6a00bc091d280c,30e6b739fa1fbaa08edbd6a7c3cffba71ec26f2e27c7c7a28659a92ef5927517
E7C077,16,PASI,confirmation,high,0.0,20,low,strict,2175,3531,720.9913102253445,0.33149025757487105,0.6159728122344945,0.6159728122344945,0,0,0,0.0,0,0,720.9913102253445,0,0,0,ok,completed,7.315188100000341,2751157e1905b0b1f79d85004bf8e9c476772c898e43bfe8d4a914d9e24c5d53,5ed92cce0a079734db6c4d33611093eec2cd86500100dbc8ab6a00bc091d280c,30e6b739fa1fbaa08edbd6a7c3cffba71ec26f2e27c7c7a28659a92ef5927517
E7C077,17,MOI,confirmation,high,0.0,20,low,strict,2215,3531,736.8629459597869,0.33266950156198055,0.6273010478617955,0.6273010478617955,0,0,0,0.0,0,0,736.8629459597869,0,0,0,ok,completed,7.2366876000005504,e09c0cb7bf613f4d92e9b094dd3061dc9256083af3c6f7d97022567875ec36c2,e413406d4d8a97d1511c69e6940800322f9d4ab49edd00bdbcb59e5542167c95,0b86a072d4240bc54a25ae1550962d0a34fb1b21a25e1602594457c8518134f0
E7C077,17,PASI,confirmation,high,0.0,20,low,strict,2215,3531,736.8629459597869,0.33266950156198055,0.6273010478617955,0.6273010478617955,0,0,0,0.0,0,0,736.8629459597869,0,0,0,ok,completed,7.252797699999974,e09c0cb7bf613f4d92e9b094dd3061dc9256083af3c6f7d97022567875ec36c2,e413406d4d8a97d1511c69e6940800322f9d4ab49edd00bdbcb59e5542167c95,0b86a072d4240bc54a25ae1550962d0a34fb1b21a25e1602594457c8518134f0
E7C077,18,MOI,confirmation,high,0.0,20,low,strict,2205,3531,664.1158363881364,0.3011863203574315,0.6244689889549703,0.6244689889549703,0,0,0,0.0,0,0,664.1158363881364,0,0,0,ok,completed,7.094140799999877,b2164bc34f219a41bd28af541ef2b26af2810025778734f06f0cca51e19828e2,2bd1bbc49b50a6b45c13a09cc1c035bbdca0c8fedae684966d3c7b24a36edb6d,4a4131bfc9a7cac1bc56cf60a33eff04d358468b63b9459910dabb9e087f7a61
E7C077,18,PASI,confirmation,high,0.0,20,low,strict,2205,3531,664.1158363881364,0.3011863203574315,0.6244689889549703,0.6244689889549703,0,0,0,0.0,0,0,664.1158363881364,0,0,0,ok,completed,7.119076400000267,b2164bc34f219a41bd28af541ef2b26af2810025778734f06f0cca51e19828e2,2bd1bbc49b50a6b45c13a09cc1c035bbdca0c8fedae684966d3c7b24a36edb6d,4a4131bfc9a7cac1bc56cf60a33eff04d358468b63b9459910dabb9e087f7a61
E7C077,19,MOI,confirmation,high,0.0,20,low,strict,2197,3531,655.537354354139,0.29837840434872054,0.6222033418295101,0.6222033418295101,0,0,0,0.0,0,0,655.537354354139,0,0,0,ok,completed,7.098277099999905,dbef863e669ee7f9568b8e04bc9cf6844fa03402e63e0d184a565bf06683fcc6,20c0c9a34f4452f17f918f97d5b4b0d0af1def6281986ff72c1735586f459d71,86ad8077b720e454b720443b3ebfe06c338a66e9cdfba63612ce7622d67138d7
E7C077,19,PASI,confirmation,high,0.0,20,low,strict,2197,3531,655.537354354139,0.29837840434872054,0.6222033418295101,0.6222033418295101,0,0,0,0.0,0,0,655.537354354139,0,0,0,ok,completed,7.07630749999953,dbef863e669ee7f9568b8e04bc9cf6844fa03402e63e0d184a565bf06683fcc6,20c0c9a34f4452f17f918f97d5b4b0d0af1def6281986ff72c1735586f459d71,86ad8077b720e454b720443b3ebfe06c338a66e9cdfba63612ce7622d67138d7
E7C077,20,MOI,confirmation,high,0.0,20,low,strict,2179,3531,681.3964675076627,0.3127106321742371,0.6171056357972245,0.6171056357972245,0,0,0,0.0,0,0,681.3964675076627,0,0,0,ok,completed,7.071816499999841,34b6a1b2e592587dddba2e448ad5dfa4bb26d4bec6d4e018a4813244b3498783,cadced37aca230b612222cfcce6c691511f1a6a5836bf463e4ffe0f56557df08,dd1cc41dd0c7253679dd5dcfcca4db702a4bb57e1ba08f75435373d1178da42f
E7C077,20,PASI,confirmation,high,0.0,20,low,strict,2179,3531,681.3964675076627,0.3127106321742371,0.6171056357972245,0.6171056357972245,0,0,0,0.0,0,0,681.3964675076627,0,0,0,ok,completed,7.152187900000172,34b6a1b2e592587dddba2e448ad5dfa4bb26d4bec6d4e018a4813244b3498783,cadced37aca230b612222cfcce6c691511f1a6a5836bf463e4ffe0f56557df08,dd1cc41dd0c7253679dd5dcfcca4db702a4bb57e1ba08f75435373d1178da42f
E7C077,21,MOI,confirmation,high,0.0,20,low,strict,2205,3531,649.816501961923,0.2947013614339787,0.6244689889549703,0.6244689889549703,0,0,0,0.0,0,0,649.816501961923,0,0,0,ok,completed,7.267292200000156,940b178c7b38e471cbb656ebd731152dde5e08e998c076ff334e990775a3472b,a6776a97843269f55d68643939d3702f2f978539602eef39e3e0707b0305dd56,fb0c7db1f9e7b7aa5bc4d3731040de775e3e8d87830d767742e383d033c8845e
E7C077,21,PASI,confirmation,high,0.0,20,low,strict,2205,3531,649.816501961923,0.2947013614339787,0.6244689889549703,0.6244689889549703,0,0,0,0.0,0,0,649.816501961923,0,0,0,ok,completed,7.2429165000003195,940b178c7b38e471cbb656ebd731152dde5e08e998c076ff334e990775a3472b,a6776a97843269f55d68643939d3702f2f978539602eef39e3e0707b0305dd56,fb0c7db1f9e7b7aa5bc4d3731040de775e3e8d87830d767742e383d033c8845e
E7C077,22,MOI,confirmation,high,0.0,20,low,strict,2188,3531,731.6593741655355,0.33439642329320635,0.6196544888133673,0.6196544888133673,0,0,0,0.0,0,0,731.6593741655355,0,0,0,ok,completed,7.282771000000139,ebc049bc3ed5762b2c1a5be3458dec329584f31240d81ca06af4d790e3beaaab,4eb741c6d08bcab2b115a036c6ead24c669ce862f433b99324fc25e92f13bb33,5905811193100bcbad773a180585f953dc3a7011aff341beecfbe574fd6fa636
E7C077,22,PASI,confirmation,high,0.0,20,low,strict,2188,3531,731.6593741655355,0.33439642329320635,0.6196544888133673,0.6196544888133673,0,0,0,0.0,0,0,731.6593741655355,0,0,0,ok,completed,7.2769969999999375,ebc049bc3ed5762b2c1a5be3458dec329584f31240d81ca06af4d790e3beaaab,4eb741c6d08bcab2b115a036c6ead24c669ce862f433b99324fc25e92f13bb33,5905811193100bcbad773a180585f953dc3a7011aff341beecfbe574fd6fa636
E7C077,23,MOI,confirmation,high,0.0,20,low,strict,2153,3531,715.0016230115248,0.332095505346737,0.6097422826394789,0.6097422826394789,0,0,0,0.0,0,0,715.0016230115248,0,0,0,ok,completed,6.994708100000025,d28ab22677248eb1ad0ab57f4e02a0ff68213b82a56fc9b0b34f2e9e57ed45a9,ef589139a24248e260687363411c2312be729266cd7138253a0e4e09655dd283,d4f4fbdb014670e3c95e922e1316337d5426b6300dca293124c69caac1128a70
E7C077,23,PASI,confirmation,high,0.0,20,low,strict,2153,3531,715.0016230115248,0.332095505346737,0.6097422826394789,0.6097422826394789,0,0,0,0.0,0,0,715.0016230115248,0,0,0,ok,completed,7.03807660000075,d28ab22677248eb1ad0ab57f4e02a0ff68213b82a56fc9b0b34f2e9e57ed45a9,ef589139a24248e260687363411c2312be729266cd7138253a0e4e09655dd283,d4f4fbdb014670e3c95e922e1316337d5426b6300dca293124c69caac1128a70
E7C077,24,MOI,confirmation,high,0.0,20,low,strict,2167,3531,640.6032659828978,0.29561756621268936,0.6137071651090342,0.6137071651090342,0,0,0,0.0,0,0,640.6032659828978,0,0,0,ok,completed,7.072476899999856,7094662f329ba50eb687cdc22e50f25624d0f8e44dd6857a7288afdcf6187ab0,5ae7c573d583422b84501c9630d5f5827cee6b07439fb183ba5742addb1b6032,9edf5b8a7fd37e6fa4c3e8ff5d852efef6fe3635cf6d37a009ad23d657842ee1
E7C077,24,PASI,confirmation,high,0.0,20,low,strict,2167,3531,640.6032659828978,0.29561756621268936,0.6137071651090342,0.6137071651090342,0,0,0,0.0,0,0,640.6032659828978,0,0,0,ok,completed,7.035247300000265,7094662f329ba50eb687cdc22e50f25624d0f8e44dd6857a7288afdcf6187ab0,5ae7c573d583422b84501c9630d5f5827cee6b07439fb183ba5742addb1b6032,9edf5b8a7fd37e6fa4c3e8ff5d852efef6fe3635cf6d37a009ad23d657842ee1
E7C077,25,MOI,confirmation,high,0.0,20,low,strict,2215,3531,703.3982012638334,0.31756126467893153,0.6273010478617955,0.6273010478617955,0,0,0,0.0,0,0,703.3982012638334,0,0,0,ok,completed,6.950241599999572,d34d66fcf1043b074a249930f85f8c49f6195cfedfa3cb58caab3d3f1b8cc21b,5b326e5ce07136aa30d876de062c31fac8c41cef77d59aa30811a04483cab1c0,7f581a08bc56fe744a6eb335909b645064c325c4717452bd9134eb94cd331f18
E7C077,25,PASI,confirmation,high,0.0,20,low,strict,2215,3531,703.3982012638334,0.31756126467893153,0.6273010478617955,0.6273010478617955,0,0,0,0.0,0,0,703.3982012638334,0,0,0,ok,completed,6.98551469999984,d34d66fcf1043b074a249930f85f8c49f6195cfedfa3cb58caab3d3f1b8cc21b,5b326e5ce07136aa30d876de062c31fac8c41cef77d59aa30811a04483cab1c0,7f581a08bc56fe744a6eb335909b645064c325c4717452bd9134eb94cd331f18
E7C077,26,MOI,confirmation,high,0.0,20,low,strict,2189,3531,610.2454024787238,0.2787781646773521,0.6199376947040498,0.6199376947040498,0,0,0,0.0,0,0,610.2454024787238,0,0,0,ok,completed,6.905227500000365,4b076f89f78f349a7487f49ad4adc27f30202e18a5712cf89245e2a81d6d62b7,c52bd71f81080352ebf79d5c9f62f0f137e06d90fc3cefb8dc56ee52493f03ba,91ded666a68b0088f4513820010f477d0fd2c7ec2a0b0c3631cf7166bce2a12b
E7C077,26,PASI,confirmation,high,0.0,20,low,strict,2189,3531,610.2454024787238,0.2787781646773521,0.6199376947040498,0.6199376947040498,0,0,0,0.0,0,0,610.2454024787238,0,0,0,ok,completed,6.939799099999618,4b076f89f78f349a7487f49ad4adc27f30202e18a5712cf89245e2a81d6d62b7,c52bd71f81080352ebf79d5c9f62f0f137e06d90fc3cefb8dc56ee52493f03ba,91ded666a68b0088f4513820010f477d0fd2c7ec2a0b0c3631cf7166bce2a12b
E7C077,27,MOI,confirmation,high,0.0,20,low,strict,2139,3531,670.0141518520765,0.3132370976400544,0.6057774001699235,0.6057774001699235,0,0,0,0.0,0,0,670.0141518520765,0,0,0,ok,completed,7.339709800000492,33eade8924cda5088e54eed14fc5e717890938024067ba9019b96972f7b11018,54607f953848fbc54798d49767c93a9a93ff47f04c39f5c84a4e95ddf6e04091,60a0af12a811e4e2499f9945ce88f13e2314ab048825c4fd056e70c602b93a12
E7C077,27,PASI,confirmation,high,0.0,20,low,strict,2139,3531,670.0141518520765,0.3132370976400544,0.6057774001699235,0.6057774001699235,0,0,0,0.0,0,0,670.0141518520765,0,0,0,ok,completed,7.302397999999812,33eade8924cda5088e54eed14fc5e717890938024067ba9019b96972f7b11018,54607f953848fbc54798d49767c93a9a93ff47f04c39f5c84a4e95ddf6e04091,60a0af12a811e4e2499f9945ce88f13e2314ab048825c4fd056e70c602b93a12
E7C077,28,MOI,confirmation,high,0.0,20,low,strict,2232,3531,759.8034772059082,0.34041374426788,0.6321155480033984,0.6321155480033984,0,0,0,0.0,0,0,759.8034772059082,0,0,0,ok,completed,7.232359599999654,4ce9c508500db373a8390008137723292c93f69afe73fedbff88baaa2479b6fe,c890b20dd023652d423d655c022b80ff7f493870b2a3709f55db66f023b95417,9c23f49f803cea150fab9d6b84c47bae505e00d77f1e3102266d52308e061d6f
E7C077,28,PASI,confirmation,high,0.0,20,low,strict,2232,3531,759.8034772059082,0.34041374426788,0.6321155480033984,0.6321155480033984,0,0,0,0.0,0,0,759.8034772059082,0,0,0,ok,completed,7.27608119999968,4ce9c508500db373a8390008137723292c93f69afe73fedbff88baaa2479b6fe,c890b20dd023652d423d655c022b80ff7f493870b2a3709f55db66f023b95417,9c23f49f803cea150fab9d6b84c47bae505e00d77f1e3102266d52308e061d6f
E7C077,29,MOI,confirmation,high,0.0,20,low,strict,2162,3531,592.1040570885065,0.27386866655342573,0.6122911356556217,0.6122911356556217,0,0,0,0.0,0,0,592.1040570885065,0,0,0,ok,completed,7.04878810000082,22ceac79aa23bc6c907e481f1c6edb7e29874091faf53714d72926e26ca216b6,8f74ade18a1c5d608e2dcabf394716b9c268a16e2e918228d4f246e161eba520,a06995ee2e8f958203d5a23de1f865c8e87f214ef722c2b7287bd21f6c158ddc
E7C077,29,PASI,confirmation,high,0.0,20,low,strict,2162,3531,592.1040570885065,0.27386866655342573,0.6122911356556217,0.6122911356556217,0,0,0,0.0,0,0,592.1040570885065,0,0,0,ok,completed,7.116931000000477,22ceac79aa23bc6c907e481f1c6edb7e29874091faf53714d72926e26ca216b6,8f74ade18a1c5d608e2dcabf394716b9c268a16e2e918228d4f246e161eba520,a06995ee2e8f958203d5a23de1f865c8e87f214ef722c2b7287bd21f6c158ddc
E7C077,30,MOI,confirmation,high,0.0,20,low,strict,2170,3531,642.7358949634495,0.2961916566651841,0.6145567827810818,0.6145567827810818,0,0,0,0.0,0,0,642.7358949634495,0,0,0,ok,completed,7.060651700000562,9f56fc1393a128afb02e083d417b3b79faae9b7e739de07c1bdc7da4740e30e1,8dafcfe8fb902f040b5462995c13dea893bb9804a293dcc79745ae3776dcd2a1,4682fe91e68d6f0e6ea1bdac6f2f784e4a204809edcbb69510e3ce2ff215f8db
E7C077,30,PASI,confirmation,high,0.0,20,low,strict,2170,3531,642.7358949634495,0.2961916566651841,0.6145567827810818,0.6145567827810818,0,0,0,0.0,0,0,642.7358949634495,0,0,0,ok,completed,7.10353700000087,9f56fc1393a128afb02e083d417b3b79faae9b7e739de07c1bdc7da4740e30e1,8dafcfe8fb902f040b5462995c13dea893bb9804a293dcc79745ae3776dcd2a1,4682fe91e68d6f0e6ea1bdac6f2f784e4a204809edcbb69510e3ce2ff215f8db
E7C078,1,MOI,screening,medium,0.0,5,high,moderate,1894,2464,664.2487029476401,0.35071209236939815,0.7686688311688312,0.7686688311688312,0,0,0,0.0,0,0,664.2487029476401,0,0,0,ok,completed,5.953417299999273,85ffcbc7aa05dd74f46233993024f6329d830fa78acc4d396d9be8f6a04b357c,ec22371983a259c14f4c8d91c29d100c194db3be0b439c722923a20d80c394ef,303a4d1df9fcaeb2cc0713f54836cf5224b066f8748335258f96509d858db4e7
E7C078,1,PASI,screening,medium,0.0,5,high,moderate,1894,2464,664.2487029476401,0.35071209236939815,0.7686688311688312,0.7686688311688312,0,0,0,0.0,0,0,664.2487029476401,0,0,0,ok,completed,6.187365300007514,85ffcbc7aa05dd74f46233993024f6329d830fa78acc4d396d9be8f6a04b357c,ec22371983a259c14f4c8d91c29d100c194db3be0b439c722923a20d80c394ef,303a4d1df9fcaeb2cc0713f54836cf5224b066f8748335258f96509d858db4e7
E7C078,2,MOI,screening,medium,0.0,5,high,moderate,1933,2464,487.411936408393,0.25215309695209154,0.7844967532467533,0.7844967532467533,0,0,0,0.0,0,0,487.411936408393,0,0,0,ok,completed,6.036708399999952,df0244e9ea919f41a24d33c303f0c9b691f81eb081b6c5c3c3bb0daef57ba065,a39b0811c2f464ab764e8dbd8e8b9487ee6f06182940d447e7a4597636aac541,edf7e879c162ec99280167deea41310b6f29abb84698636eae7f515ab444f3ea
E7C078,2,PASI,screening,medium,0.0,5,high,moderate,1933,2464,487.411936408393,0.25215309695209154,0.7844967532467533,0.7844967532467533,0,0,0,0.0,0,0,487.411936408393,0,0,0,ok,completed,6.026815800000804,df0244e9ea919f41a24d33c303f0c9b691f81eb081b6c5c3c3bb0daef57ba065,a39b0811c2f464ab764e8dbd8e8b9487ee6f06182940d447e7a4597636aac541,edf7e879c162ec99280167deea41310b6f29abb84698636eae7f515ab444f3ea
E7C078,3,MOI,screening,medium,0.0,5,high,moderate,1949,2464,671.9185724755107,0.3447504219987228,0.7909902597402597,0.7909902597402597,0,0,0,0.0,0,0,671.9185724755107,0,0,0,ok,completed,6.219572400000288,fdf083b32927818f7ba2c8aa53ababe13d99eb06cec7b3e807b114d639c8012c,196eb5c9c5c3188bcc0d9b17c0f052bcdd132d6719f36eda010856852aba6a7c,7a040b56d8270b6a0134f907f7ee3a9af08d237deb49d53a40c9514e75a2e79a
E7C078,3,PASI,screening,medium,0.0,5,high,moderate,1949,2464,671.9185724755107,0.3447504219987228,0.7909902597402597,0.7909902597402597,0,0,0,0.0,0,0,671.9185724755107,0,0,0,ok,completed,6.305702900000142,fdf083b32927818f7ba2c8aa53ababe13d99eb06cec7b3e807b114d639c8012c,196eb5c9c5c3188bcc0d9b17c0f052bcdd132d6719f36eda010856852aba6a7c,7a040b56d8270b6a0134f907f7ee3a9af08d237deb49d53a40c9514e75a2e79a
E7C078,4,MOI,screening,medium,0.0,5,high,moderate,1945,2464,650.7899229153584,0.33459636139607113,0.7893668831168831,0.7893668831168831,0,0,0,0.0,0,0,650.7899229153584,0,0,0,ok,completed,6.220854199999849,a09c811a97a72168477996bea5cae221e3be21b35d8313e224ec6b2d2e563dd8,09efb71e6d62b006f3ec3fe63739503350485a325c5979c3eb9dd05401ca11eb,e1540acb57ff47c21a5c84f3aab94655ec6690ee88a007b79f57d66338122e4e
E7C078,4,PASI,screening,medium,0.0,5,high,moderate,1945,2464,650.7899229153584,0.33459636139607113,0.7893668831168831,0.7893668831168831,0,0,0,0.0,0,0,650.7899229153584,0,0,0,ok,completed,6.252616299999318,a09c811a97a72168477996bea5cae221e3be21b35d8313e224ec6b2d2e563dd8,09efb71e6d62b006f3ec3fe63739503350485a325c5979c3eb9dd05401ca11eb,e1540acb57ff47c21a5c84f3aab94655ec6690ee88a007b79f57d66338122e4e
E7C078,5,MOI,screening,medium,0.0,5,high,moderate,1928,2464,552.2182215528558,0.28642023939463473,0.7824675324675324,0.7824675324675324,0,0,0,0.0,0,0,552.2182215528558,0,0,0,ok,completed,6.02042530000017,3f9d2d2d43882f17652140e431466432f24708128d4f6afea54f0dc89d31b4f9,7fae0de04dd792aaec115bd87fa4900b11c746275332ce142fb1f1edf0b209e3,20b7e504f0905a0b08c58f8ee17f62aa8f1e1e6691c18b0e6b76eb20ac2eb9c3
E7C078,5,PASI,screening,medium,0.0,5,high,moderate,1928,2464,552.2182215528558,0.28642023939463473,0.7824675324675324,0.7824675324675324,0,0,0,0.0,0,0,552.2182215528558,0,0,0,ok,completed,5.938020600000527,3f9d2d2d43882f17652140e431466432f24708128d4f6afea54f0dc89d31b4f9,7fae0de04dd792aaec115bd87fa4900b11c746275332ce142fb1f1edf0b209e3,20b7e504f0905a0b08c58f8ee17f62aa8f1e1e6691c18b0e6b76eb20ac2eb9c3
E7C078,6,MOI,screening,medium,0.0,5,high,moderate,1894,2464,517.1670055236191,0.2730554411423543,0.7686688311688312,0.7686688311688312,0,0,0,0.0,0,0,517.1670055236191,0,0,0,ok,completed,6.098425400000451,946035e9be2addf721a815cd2b9a051dff9265f5deb6140d693eee9a431839fc,b686317ba1a6e585f4fafcf8623be963a470380fad24127d76e6ba6a18026cd4,d144657c1beb01107b9da17233f927fff5349d3e90369a08d5a93030887c30ff
E7C078,6,PASI,screening,medium,0.0,5,high,moderate,1894,2464,517.1670055236191,0.2730554411423543,0.7686688311688312,0.7686688311688312,0,0,0,0.0,0,0,517.1670055236191,0,0,0,ok,completed,5.9627417000001515,946035e9be2addf721a815cd2b9a051dff9265f5deb6140d693eee9a431839fc,b686317ba1a6e585f4fafcf8623be963a470380fad24127d76e6ba6a18026cd4,d144657c1beb01107b9da17233f927fff5349d3e90369a08d5a93030887c30ff
E7C078,7,MOI,screening,medium,0.0,5,high,moderate,1940,2464,446.9429827309535,0.2303829807891513,0.7873376623376623,0.7873376623376623,0,0,0,0.0,0,0,446.9429827309535,0,0,0,ok,completed,5.968821299999945,66a1dabb1c578246ff41f5507e00f5385f498dfe0996ab8076b5045cf229b8a4,9ec08ecc0cb27e9bf90bde3fee64591dc1a2f37d471945ce53e7984e871d118d,7060f2a3a33a48ac43a1010281d905e7a7f505be60bc048665074cb775648f0e
E7C078,7,PASI,screening,medium,0.0,5,high,moderate,1940,2464,446.9429827309535,0.2303829807891513,0.7873376623376623,0.7873376623376623,0,0,0,0.0,0,0,446.9429827309535,0,0,0,ok,completed,6.252275899999404,66a1dabb1c578246ff41f5507e00f5385f498dfe0996ab8076b5045cf229b8a4,9ec08ecc0cb27e9bf90bde3fee64591dc1a2f37d471945ce53e7984e871d118d,7060f2a3a33a48ac43a1010281d905e7a7f505be60bc048665074cb775648f0e
E7C078,8,MOI,screening,medium,0.0,5,high,moderate,1961,2464,595.1856482940498,0.30351129438758273,0.7958603896103896,0.7958603896103896,0,0,0,0.0,0,0,595.1856482940498,0,0,0,ok,completed,5.967081600000711,3ef71d6b5b3de753cdb418012bc0d13fe5bea52bc8e2465fee6ca58713ce5b1a,a74c70608042d200f55c80a63d4533bc2b4006310e1bcb6e243189d27ced1990,247c5986e121c5de532a2ff735104e83104199eade237cc63d620e8b0b97365c
E7C078,8,PASI,screening,medium,0.0,5,high,moderate,1961,2464,595.1856482940498,0.30351129438758273,0.7958603896103896,0.7958603896103896,0,0,0,0.0,0,0,595.1856482940498,0,0,0,ok,completed,6.242275900000095,3ef71d6b5b3de753cdb418012bc0d13fe5bea52bc8e2465fee6ca58713ce5b1a,a74c70608042d200f55c80a63d4533bc2b4006310e1bcb6e243189d27ced1990,247c5986e121c5de532a2ff735104e83104199eade237cc63d620e8b0b97365c
E7C078,9,MOI,screening,medium,0.0,5,high,moderate,1943,2464,695.6890250942713,0.3580489063789353,0.7885551948051948,0.7885551948051948,0,0,0,0.0,0,0,695.6890250942713,0,0,0,ok,completed,6.230428999999276,f4292d060ea4095cd4a251074581960f5216aa080dd253380130be1fa49e5845,eef667784ad4220f13e2bea32305373753967c565a0d07c5df8ffd696fe9ad56,d47a41b6499d8cc401e7f4cab746b85bca1912e9e031a60fdba793f1177091ee
E7C078,9,PASI,screening,medium,0.0,5,high,moderate,1943,2464,695.6890250942713,0.3580489063789353,0.7885551948051948,0.7885551948051948,0,0,0,0.0,0,0,695.6890250942713,0,0,0,ok,completed,6.118846200000007,f4292d060ea4095cd4a251074581960f5216aa080dd253380130be1fa49e5845,eef667784ad4220f13e2bea32305373753967c565a0d07c5df8ffd696fe9ad56,d47a41b6499d8cc401e7f4cab746b85bca1912e9e031a60fdba793f1177091ee
E7C078,10,MOI,screening,medium,0.0,5,high,moderate,1932,2464,493.39980728624596,0.25538292302600724,0.7840909090909091,0.7840909090909091,0,0,0,0.0,0,0,493.39980728624596,0,0,0,ok,completed,6.304744600000049,39fb39cff2f581164b297c9583e6c363cfa52d5de3808a2d23774f98ce3ee5a8,a7bbcf26013098e02fff4a279a492c8db368cc93c6dd20a5b06fe9ddb0e31d7c,a830b0dc1cd0dfe4b46fc4be30bdbf2e5c19724f5d82168019d7e2c6e0dfe8b8
E7C078,10,PASI,screening,medium,0.0,5,high,moderate,1932,2464,493.39980728624596,0.25538292302600724,0.7840909090909091,0.7840909090909091,0,0,0,0.0,0,0,493.39980728624596,0,0,0,ok,completed,6.2263622999998915,39fb39cff2f581164b297c9583e6c363cfa52d5de3808a2d23774f98ce3ee5a8,a7bbcf26013098e02fff4a279a492c8db368cc93c6dd20a5b06fe9ddb0e31d7c,a830b0dc1cd0dfe4b46fc4be30bdbf2e5c19724f5d82168019d7e2c6e0dfe8b8
E7C078,11,MOI,confirmation,medium,0.0,5,high,moderate,1904,2464,562.4735830710465,0.295416797831432,0.7727272727272727,0.7727272727272727,0,0,0,0.0,0,0,562.4735830710465,0,0,0,ok,completed,6.176033499999903,bcdc29669796bf6b6bccf7e245c476a78fbe550a5d880176ad11112cea4db251,70be73f529444ad3e9e969621d5b61947f2e1dcf4d389103ab5d578b4bfd63b6,a54ed7e1f7826a804fe6f939ef9e3c66b1e6fbe8c7b1dc363494267a25bfb06b
E7C078,11,PASI,confirmation,medium,0.0,5,high,moderate,1904,2464,562.4735830710465,0.295416797831432,0.7727272727272727,0.7727272727272727,0,0,0,0.0,0,0,562.4735830710465,0,0,0,ok,completed,6.04619140000068,bcdc29669796bf6b6bccf7e245c476a78fbe550a5d880176ad11112cea4db251,70be73f529444ad3e9e969621d5b61947f2e1dcf4d389103ab5d578b4bfd63b6,a54ed7e1f7826a804fe6f939ef9e3c66b1e6fbe8c7b1dc363494267a25bfb06b
E7C078,12,MOI,confirmation,medium,0.0,5,high,moderate,1911,2464,612.4681677272615,0.32049616312258583,0.7755681818181818,0.7755681818181818,0,0,0,0.0,0,0,612.4681677272615,0,0,0,ok,completed,6.13377169999967,c2c32df8671bf2dee6731de7029d05b3a67cd00533b3b3cb1fe65afec3ba0a5c,4e57bc746498f13ad87f14a5ce4ebd6d2b03342b00c3b58632248cfd44002853,990cec837c9548c87cc2538fb8835471841dcb245ac0944bac6b67c7c08beb64
E7C078,12,PASI,confirmation,medium,0.0,5,high,moderate,1911,2464,612.4681677272615,0.32049616312258583,0.7755681818181818,0.7755681818181818,0,0,0,0.0,0,0,612.4681677272615,0,0,0,ok,completed,6.049294200000077,c2c32df8671bf2dee6731de7029d05b3a67cd00533b3b3cb1fe65afec3ba0a5c,4e57bc746498f13ad87f14a5ce4ebd6d2b03342b00c3b58632248cfd44002853,990cec837c9548c87cc2538fb8835471841dcb245ac0944bac6b67c7c08beb64
E7C078,13,MOI,confirmation,medium,0.0,5,high,moderate,1911,2464,745.7769344293802,0.39025480608549457,0.7755681818181818,0.7755681818181818,0,0,0,0.0,0,0,745.7769344293802,0,0,0,ok,completed,6.225549199999477,63e33272eb9ac08ff21a215dac11cb655c85c9eb80a7d76103838eda900a694b,1e40a3fa03e09d0aed8b25221b8df7dbf8a88b42851471d9d01bea263c44b49a,77a6d3cba41b4d4ea232f9dd494550e2b6df4cad35282446cc092008fac81bdb
E7C078,13,PASI,confirmation,medium,0.0,5,high,moderate,1911,2464,745.7769344293802,0.39025480608549457,0.7755681818181818,0.7755681818181818,0,0,0,0.0,0,0,745.7769344293802,0,0,0,ok,completed,6.288140399999975,63e33272eb9ac08ff21a215dac11cb655c85c9eb80a7d76103838eda900a694b,1e40a3fa03e09d0aed8b25221b8df7dbf8a88b42851471d9d01bea263c44b49a,77a6d3cba41b4d4ea232f9dd494550e2b6df4cad35282446cc092008fac81bdb
E7C078,14,MOI,confirmation,medium,0.0,5,high,moderate,1926,2464,503.0972882852558,0.26121354531944746,0.7816558441558441,0.7816558441558441,0,0,0,0.0,0,0,503.0972882852558,0,0,0,ok,completed,6.307540599999811,684890ad110ded553a61864b0aa2d72b6b9ab0553a6f60e5424f66f784312ef6,57f806371e1490058b570a21e5a742da44ea86bc3da592e7d2be3855236577f5,b0f4da7ad44456c1986f85bf13b3c238a81111383c1d5b9af62c80b62a330a61
E7C078,14,PASI,confirmation,medium,0.0,5,high,moderate,1926,2464,503.0972882852558,0.26121354531944746,0.7816558441558441,0.7816558441558441,0,0,0,0.0,0,0,503.0972882852558,0,0,0,ok,completed,6.325710199999776,684890ad110ded553a61864b0aa2d72b6b9ab0553a6f60e5424f66f784312ef6,57f806371e1490058b570a21e5a742da44ea86bc3da592e7d2be3855236577f5,b0f4da7ad44456c1986f85bf13b3c238a81111383c1d5b9af62c80b62a330a61
E7C078,15,MOI,confirmation,medium,0.0,5,high,moderate,1930,2464,721.8531180593227,0.3740171596162294,0.7832792207792207,0.7832792207792207,0,0,0,0.0,0,0,721.8531180593227,0,0,0,ok,completed,6.152138100000229,b9adc352754b94bbc326b95b0c56d02bb2e151dff7922858bedc689f95e32a47,60a32269e4f7e3ebd239cb7f55f8e232659b1694ecafa3aad37f2e8f562789a8,b8284d346e3890ffc74aad15347e5612644ae02694acd626630eb2538a23c511
E7C078,15,PASI,confirmation,medium,0.0,5,high,moderate,1930,2464,721.8531180593227,0.3740171596162294,0.7832792207792207,0.7832792207792207,0,0,0,0.0,0,0,721.8531180593227,0,0,0,ok,completed,6.084295999999995,b9adc352754b94bbc326b95b0c56d02bb2e151dff7922858bedc689f95e32a47,60a32269e4f7e3ebd239cb7f55f8e232659b1694ecafa3aad37f2e8f562789a8,b8284d346e3890ffc74aad15347e5612644ae02694acd626630eb2538a23c511
E7C078,16,MOI,confirmation,medium,0.0,5,high,moderate,1930,2464,660.3638600481272,0.3421574404394441,0.7832792207792207,0.7832792207792207,0,0,0,0.0,0,0,660.3638600481272,0,0,0,ok,completed,6.115011799999593,790650cd63642c18048dfb7cb594c1f24e44c532325a987ec5673c1c0675e7cc,ce09802aba2238161954886e23a4fe50fe394fa50fbc9648b04aa033e15fcc2a,43c2d37003ed2488e1cab28dd51763e0c62719372f30369b4f95e48d575d15f3
E7C078,16,PASI,confirmation,medium,0.0,5,high,moderate,1930,2464,660.3638600481272,0.3421574404394441,0.7832792207792207,0.7832792207792207,0,0,0,0.0,0,0,660.3638600481272,0,0,0,ok,completed,6.098825800000668,790650cd63642c18048dfb7cb594c1f24e44c532325a987ec5673c1c0675e7cc,ce09802aba2238161954886e23a4fe50fe394fa50fbc9648b04aa033e15fcc2a,43c2d37003ed2488e1cab28dd51763e0c62719372f30369b4f95e48d575d15f3
E7C078,17,MOI,confirmation,medium,0.0,5,high,moderate,1930,2464,611.5677301528925,0.3168744715818096,0.7832792207792207,0.7832792207792207,0,0,0,0.0,0,0,611.5677301528925,0,0,0,ok,completed,6.290900299999521,7d31f0479e48b7d959ae400e6c46204dc81615d0667fe4e518cc8d009c333653,ec498ecb2a5429ffdd440bb0d9999fd0326d68555ef39de51d6d989553226f69,e99a2a7cce05ca1c60f1f7841f0267dc154419e5bbb3e127b93950fbb9edb73c
E7C078,17,PASI,confirmation,medium,0.0,5,high,moderate,1930,2464,611.5677301528925,0.3168744715818096,0.7832792207792207,0.7832792207792207,0,0,0,0.0,0,0,611.5677301528925,0,0,0,ok,completed,6.233179400000154,7d31f0479e48b7d959ae400e6c46204dc81615d0667fe4e518cc8d009c333653,ec498ecb2a5429ffdd440bb0d9999fd0326d68555ef39de51d6d989553226f69,e99a2a7cce05ca1c60f1f7841f0267dc154419e5bbb3e127b93950fbb9edb73c
E7C078,18,MOI,confirmation,medium,0.0,5,high,moderate,1977,2464,567.4106614054522,0.2870058985358888,0.8023538961038961,0.8023538961038961,0,0,0,0.0,0,0,567.4106614054522,0,0,0,ok,completed,6.355478600000424,cca303634e73c2aff071f394d76da01f8397d8a63bd39c4a959ae3a4fc0d2909,4c58ab3b5af823de03638f71fc0a724a8610a5bcbeba34bb0fcbce3c2ab4fb77,0919a7c87977657df0b518a2fca6e7c299e7dd7039328e8170559db554db85e0
E7C078,18,PASI,confirmation,medium,0.0,5,high,moderate,1977,2464,567.4106614054522,0.2870058985358888,0.8023538961038961,0.8023538961038961,0,0,0,0.0,0,0,567.4106614054522,0,0,0,ok,completed,6.2212344999998095,cca303634e73c2aff071f394d76da01f8397d8a63bd39c4a959ae3a4fc0d2909,4c58ab3b5af823de03638f71fc0a724a8610a5bcbeba34bb0fcbce3c2ab4fb77,0919a7c87977657df0b518a2fca6e7c299e7dd7039328e8170559db554db85e0
E7C078,19,MOI,confirmation,medium,0.0,5,high,moderate,1944,2464,518.608962615955,0.26677415772425667,0.788961038961039,0.788961038961039,0,0,0,0.0,0,0,518.608962615955,0,0,0,ok,completed,6.002682899999854,67d4d8ea3cc9ec6fe95d3990e228c362166282e38337d5f0c6f7007bf6cd14be,3e85140d4ce6f3d602362ee07a1f1beb809dd4e57bab8b4b65a234fb40bb2ac1,84151ea41da8d0cbd2b6a22d020ce3b9ee7d0a6dfc89fb5aee6195421f44952e
E7C078,19,PASI,confirmation,medium,0.0,5,high,moderate,1944,2464,518.608962615955,0.26677415772425667,0.788961038961039,0.788961038961039,0,0,0,0.0,0,0,518.608962615955,0,0,0,ok,completed,6.033542000000125,67d4d8ea3cc9ec6fe95d3990e228c362166282e38337d5f0c6f7007bf6cd14be,3e85140d4ce6f3d602362ee07a1f1beb809dd4e57bab8b4b65a234fb40bb2ac1,84151ea41da8d0cbd2b6a22d020ce3b9ee7d0a6dfc89fb5aee6195421f44952e
E7C078,20,MOI,confirmation,medium,0.0,5,high,moderate,1906,2464,584.9319475778512,0.30688979411219897,0.773538961038961,0.773538961038961,0,0,0,0.0,0,0,584.9319475778512,0,0,0,ok,completed,6.0133318999996845,d2cc60f019e889230990dce8f05c6427c9480695842d03f82d16698da58de11d,7062d6a35a3383657d255f4b898e242fbc55eee0332168500d99975d970c2b4b,e096d563c46b222d6f66c06813aee2762d8e4401272b2291e601afcebfca8e79
E7C078,20,PASI,confirmation,medium,0.0,5,high,moderate,1906,2464,584.9319475778512,0.30688979411219897,0.773538961038961,0.773538961038961,0,0,0,0.0,0,0,584.9319475778512,0,0,0,ok,completed,6.142157899999802,d2cc60f019e889230990dce8f05c6427c9480695842d03f82d16698da58de11d,7062d6a35a3383657d255f4b898e242fbc55eee0332168500d99975d970c2b4b,e096d563c46b222d6f66c06813aee2762d8e4401272b2291e601afcebfca8e79
E7C078,21,MOI,confirmation,medium,0.0,5,high,moderate,1900,2464,513.987612280418,0.2705197959370621,0.7711038961038961,0.7711038961038961,0,0,0,0.0,0,0,513.987612280418,0,0,0,ok,completed,6.0895792000001165,a52635c8e1346fcb791f11569cb222889e8cc056530df389479126c70a15158c,32649645198c8d441f244a846c5260180d25aa7b24b0fdc1b20fc0ab35368a77,c49882e93ede72a6ab193b232214ae0ea08b86f55f98cba59b2a3d129b473e80
E7C078,21,PASI,confirmation,medium,0.0,5,high,moderate,1900,2464,513.987612280418,0.2705197959370621,0.7711038961038961,0.7711038961038961,0,0,0,0.0,0,0,513.987612280418,0,0,0,ok,completed,6.391804699999739,a52635c8e1346fcb791f11569cb222889e8cc056530df389479126c70a15158c,32649645198c8d441f244a846c5260180d25aa7b24b0fdc1b20fc0ab35368a77,c49882e93ede72a6ab193b232214ae0ea08b86f55f98cba59b2a3d129b473e80
E7C078,22,MOI,confirmation,medium,0.0,5,high,moderate,1907,2464,617.5150109687374,0.3238148982531397,0.7739448051948052,0.7739448051948052,0,0,0,0.0,0,0,617.5150109687374,0,0,0,ok,completed,6.133558799999264,bdb646d4c9db2fef4b028c14ce081854af31f6e21c478d6116aa889d14c1de34,19adc7e830432f319590b751e0c5cf30c9005d5d37b143ff487ecb4d37891c1c,a34826896ae889bae540287252bd18e6810db71def9885ae80778ff2de3a3a71
E7C078,22,PASI,confirmation,medium,0.0,5,high,moderate,1907,2464,617.5150109687374,0.3238148982531397,0.7739448051948052,0.7739448051948052,0,0,0,0.0,0,0,617.5150109687374,0,0,0,ok,completed,6.333417599999848,bdb646d4c9db2fef4b028c14ce081854af31f6e21c478d6116aa889d14c1de34,19adc7e830432f319590b751e0c5cf30c9005d5d37b143ff487ecb4d37891c1c,a34826896ae889bae540287252bd18e6810db71def9885ae80778ff2de3a3a71
E7C078,23,MOI,confirmation,medium,0.0,5,high,moderate,1910,2464,656.3345960825676,0.34363067857726054,0.7751623376623377,0.7751623376623377,0,0,0,0.0,0,0,656.3345960825676,0,0,0,ok,completed,6.322604100000717,47a1bb57b5640cee7d8514dd3543eaaa54d1a8d03c2b596fc9d2c7c44c8cf0a6,2c1198b9e27797ebe2abb511a92adc5b3b8d93dbfcb88225d5a6cdd0a0da7f57,c78b13841083e2d7a5c4bd26dcd3dc6fed1e3773dd51d4b8c821575f62f16708
E7C078,23,PASI,confirmation,medium,0.0,5,high,moderate,1910,2464,656.3345960825676,0.34363067857726054,0.7751623376623377,0.7751623376623377,0,0,0,0.0,0,0,656.3345960825676,0,0,0,ok,completed,6.004089899999599,47a1bb57b5640cee7d8514dd3543eaaa54d1a8d03c2b596fc9d2c7c44c8cf0a6,2c1198b9e27797ebe2abb511a92adc5b3b8d93dbfcb88225d5a6cdd0a0da7f57,c78b13841083e2d7a5c4bd26dcd3dc6fed1e3773dd51d4b8c821575f62f16708
E7C078,24,MOI,confirmation,medium,0.0,5,high,moderate,1883,2464,559.6920915182191,0.29723424934584125,0.7642045454545454,0.7642045454545454,0,0,0,0.0,0,0,559.6920915182191,0,0,0,ok,completed,6.341942200000631,4ccdc4d197f2ebc74a6fb7a23c92d782276b9d0785b0d349523ab42b2cdc4e53,606319b584fd4a542d2fd2e93d1619b7f982aa2071df2e6c720838ea9c677fd9,8dead5fb2e87435ca59e677b7b4be2f3c3b22c41731f3d6b6004a083b10bae0d
E7C078,24,PASI,confirmation,medium,0.0,5,high,moderate,1883,2464,559.6920915182191,0.29723424934584125,0.7642045454545454,0.7642045454545454,0,0,0,0.0,0,0,559.6920915182191,0,0,0,ok,completed,6.06416739999986,4ccdc4d197f2ebc74a6fb7a23c92d782276b9d0785b0d349523ab42b2cdc4e53,606319b584fd4a542d2fd2e93d1619b7f982aa2071df2e6c720838ea9c677fd9,8dead5fb2e87435ca59e677b7b4be2f3c3b22c41731f3d6b6004a083b10bae0d
E7C078,25,MOI,confirmation,medium,0.0,5,high,moderate,1923,2464,586.7184285095336,0.30510578705643976,0.7804383116883117,0.7804383116883117,0,0,0,0.0,0,0,586.7184285095336,0,0,0,ok,completed,6.029115599999386,baa2ce82b2457712c738a451c0727e1e4ebd1d9218513bbc9633aa35344d3f29,577987112a23a473befeeefa6c892419e08477534e5590d21c4fcdebbe9015ee,1a911181d319949ce44ea9692d2fd4aa59e493839d7d535f53ea499fda539c19
E7C078,25,PASI,confirmation,medium,0.0,5,high,moderate,1923,2464,586.7184285095336,0.30510578705643976,0.7804383116883117,0.7804383116883117,0,0,0,0.0,0,0,586.7184285095336,0,0,0,ok,completed,6.099164299999757,baa2ce82b2457712c738a451c0727e1e4ebd1d9218513bbc9633aa35344d3f29,577987112a23a473befeeefa6c892419e08477534e5590d21c4fcdebbe9015ee,1a911181d319949ce44ea9692d2fd4aa59e493839d7d535f53ea499fda539c19
E7C078,26,MOI,confirmation,medium,0.0,5,high,moderate,1942,2464,540.6148468301517,0.2783804566581626,0.7881493506493507,0.7881493506493507,0,0,0,0.0,0,0,540.6148468301517,0,0,0,ok,completed,6.072867900000347,1d16f58d71f69baec76073233ea553321bd35ffa99cdba316305e9b1068b2d4a,bc9cd2c1cf670dae78429c4534047ac65abbe5e34a77f319938e49af47c83860,a16b4ae2643419d34d61d3984c3cb85ad14461300fb9aa252ae544d5daed805d
E7C078,26,PASI,confirmation,medium,0.0,5,high,moderate,1942,2464,540.6148468301517,0.2783804566581626,0.7881493506493507,0.7881493506493507,0,0,0,0.0,0,0,540.6148468301517,0,0,0,ok,completed,6.143079499999658,1d16f58d71f69baec76073233ea553321bd35ffa99cdba316305e9b1068b2d4a,bc9cd2c1cf670dae78429c4534047ac65abbe5e34a77f319938e49af47c83860,a16b4ae2643419d34d61d3984c3cb85ad14461300fb9aa252ae544d5daed805d
E7C078,27,MOI,confirmation,medium,0.0,5,high,moderate,1931,2464,520.5738843422788,0.2695877184579383,0.783685064935065,0.783685064935065,0,0,0,0.0,0,0,520.5738843422788,0,0,0,ok,completed,6.116064300000289,03bd0593d6e0139198a4b742a479208a988c681b57e80666a27d133e1ff8d392,24fedab87bcf7d215ad3c4e7a912c7a83279a529763879038903bfbf9da80086,78fb0ea3b20f4f625efb0a5f7152c106347fc8d04318c0ff4bbb94f8520817d5
E7C078,27,PASI,confirmation,medium,0.0,5,high,moderate,1931,2464,520.5738843422788,0.2695877184579383,0.783685064935065,0.783685064935065,0,0,0,0.0,0,0,520.5738843422788,0,0,0,ok,completed,6.3972757999999885,03bd0593d6e0139198a4b742a479208a988c681b57e80666a27d133e1ff8d392,24fedab87bcf7d215ad3c4e7a912c7a83279a529763879038903bfbf9da80086,78fb0ea3b20f4f625efb0a5f7152c106347fc8d04318c0ff4bbb94f8520817d5
E7C078,28,MOI,confirmation,medium,0.0,5,high,moderate,1945,2464,631.6695049413117,0.3247658123091577,0.7893668831168831,0.7893668831168831,0,0,0,0.0,0,0,631.6695049413117,0,0,0,ok,completed,6.110334799999691,730cccee99d5acf90e370a4eb2f701a69ec192bc3a25bc1b4b6c851951da9683,12656551af33da12c4adc025a548e50aded7efe438a3a9ab748def50aa6c99f6,69b5f76017ae9b772259a15738a0dc5ae1f55d89ab3cc3aa4468002a497bf3ba
E7C078,28,PASI,confirmation,medium,0.0,5,high,moderate,1945,2464,631.6695049413117,0.3247658123091577,0.7893668831168831,0.7893668831168831,0,0,0,0.0,0,0,631.6695049413117,0,0,0,ok,completed,6.393248800000038,730cccee99d5acf90e370a4eb2f701a69ec192bc3a25bc1b4b6c851951da9683,12656551af33da12c4adc025a548e50aded7efe438a3a9ab748def50aa6c99f6,69b5f76017ae9b772259a15738a0dc5ae1f55d89ab3cc3aa4468002a497bf3ba
E7C078,29,MOI,confirmation,medium,0.0,5,high,moderate,1908,2464,492.48559194358063,0.25811613833520997,0.7743506493506493,0.7743506493506493,0,0,0,0.0,0,0,492.48559194358063,0,0,0,ok,completed,6.411755000000085,1652211decee0151b52429f6442c65e243255cdb1365e8cfacdb6e91289cb363,587d3052e7b74b0a7817b25ae1b72ce70e39f7fb5d4b3c662063982b68337abf,87c6ee2e90d4b9487e09fc124891bfc44e4069fcc85861329af83dde1e770d4a
E7C078,29,PASI,confirmation,medium,0.0,5,high,moderate,1908,2464,492.48559194358063,0.25811613833520997,0.7743506493506493,0.7743506493506493,0,0,0,0.0,0,0,492.48559194358063,0,0,0,ok,completed,6.099989700000151,1652211decee0151b52429f6442c65e243255cdb1365e8cfacdb6e91289cb363,587d3052e7b74b0a7817b25ae1b72ce70e39f7fb5d4b3c662063982b68337abf,87c6ee2e90d4b9487e09fc124891bfc44e4069fcc85861329af83dde1e770d4a
E7C078,30,MOI,confirmation,medium,0.0,5,high,moderate,1894,2464,508.46517868268324,0.2684610235917018,0.7686688311688312,0.7686688311688312,0,0,0,0.0,0,0,508.46517868268324,0,0,0,ok,completed,6.452592900000127,87ffc62864a4a72081072c4fd378ff644a0e20bfb18fc2e8800aea42acda897d,719e6355dcdd7be9da14680ff1a91a17a8389d40ce82f185d4b23fa2e146a85a,dbfecbafb076532747bfde0a5d52a7fb56f3c701d5fcd26620514d25df27e725
E7C078,30,PASI,confirmation,medium,0.0,5,high,moderate,1894,2464,508.46517868268324,0.2684610235917018,0.7686688311688312,0.7686688311688312,0,0,0,0.0,0,0,508.46517868268324,0,0,0,ok,completed,6.114139399999658,87ffc62864a4a72081072c4fd378ff644a0e20bfb18fc2e8800aea42acda897d,719e6355dcdd7be9da14680ff1a91a17a8389d40ce82f185d4b23fa2e146a85a,dbfecbafb076532747bfde0a5d52a7fb56f3c701d5fcd26620514d25df27e725
E7C080,1,MOI,screening,high,0.5,20,medium,moderate,2516,3531,922.749151261689,0.36675244485758707,0.712546020957236,0.712546020957236,0,0,0,0.0,0,0,922.749151261689,0,0,0,ok,completed,6.895440699998289,e60a9613cc052e89d5f54455389db3597a9004f2d0eaa3214d6c414d8926d44a,d66ab3746ae69bf57359cac1f8b1c6eb618a7244b4bd06dae91814cf786b2a77,684a99576a3f83b299c4686be90264c1d898662d591e44617ae65358f6db0994
E7C080,1,PASI,screening,high,0.5,20,medium,moderate,2516,3531,919.0021007039879,0.36526315608266613,0.712546020957236,0.712546020957236,0,0,0,0.0,0,0,919.0021007039879,0,0,0,ok,completed,6.852552399999695,e60a9613cc052e89d5f54455389db3597a9004f2d0eaa3214d6c414d8926d44a,d66ab3746ae69bf57359cac1f8b1c6eb618a7244b4bd06dae91814cf786b2a77,684a99576a3f83b299c4686be90264c1d898662d591e44617ae65358f6db0994
E7C080,2,MOI,screening,high,0.5,20,medium,moderate,2511,3531,701.6603484264806,0.2794346270117406,0.7111299915038233,0.7111299915038233,0,0,0,0.0,0,0,701.6603484264806,0,0,0,ok,completed,6.884404299999915,ec6fb6e3e70e4e4cfaf432beb8c8e81197411dc276b4156fadadf46c4149536b,dae307466c0f2d7e7699b903b80d1e23544f00c41db5e1304b43ec51263cb44e,20aefe9e054c9fd4940c7aa385992ef9e4cd38ed5819cc30676bdc1e7cae21c8
E7C080,2,PASI,screening,high,0.5,20,medium,moderate,2511,3531,696.8641428598228,0.2775245491277669,0.7111299915038233,0.7111299915038233,0,0,0,0.0,0,0,696.8641428598228,0,0,0,ok,completed,6.9317058999995425,ec6fb6e3e70e4e4cfaf432beb8c8e81197411dc276b4156fadadf46c4149536b,dae307466c0f2d7e7699b903b80d1e23544f00c41db5e1304b43ec51263cb44e,20aefe9e054c9fd4940c7aa385992ef9e4cd38ed5819cc30676bdc1e7cae21c8
E7C080,3,MOI,screening,high,0.5,20,medium,moderate,2478,3531,910.770706751377,0.3675426580917583,0.7017841971112999,0.7017841971112999,0,0,0,0.0,0,0,910.770706751377,0,0,0,ok,completed,7.10303390000081,c44b94beec3a0f3f02bc5e6fa6cd1528e66f2f4dc81fc3d375d0a2fa4a82c358,e4cdbc8f20cac984f5e330304cac803c185b55cf405a0586e7fac72c62462b8d,76986643066fc2268d9d37a5292176c31e42bb1b29d37272953d3d2508fc39e8
E7C080,3,PASI,screening,high,0.5,20,medium,moderate,2478,3531,908.5196466057017,0.3666342399538748,0.7017841971112999,0.7017841971112999,0,0,0,0.0,0,0,908.5196466057017,0,0,0,ok,completed,7.121679199999562,c44b94beec3a0f3f02bc5e6fa6cd1528e66f2f4dc81fc3d375d0a2fa4a82c358,e4cdbc8f20cac984f5e330304cac803c185b55cf405a0586e7fac72c62462b8d,76986643066fc2268d9d37a5292176c31e42bb1b29d37272953d3d2508fc39e8
E7C080,4,MOI,screening,high,0.5,20,medium,moderate,2484,3531,844.4059622523274,0.3399379880242864,0.703483432455395,0.703483432455395,0,0,0,0.0,0,0,844.4059622523274,0,0,0,ok,completed,7.271331299999474,b3523e2089dbd7a32da94bd9af1457f53f613cc29afd93e90d9e37732b37fa40,b27c00ae6aa33cfc0565d19aa920482babeef332343d8559989dc93b8cc2acdb,574bbd1a71f21ca5b4ca78038fba5d4688bf357a4e7bc2f3e26412b3dd84ffde
E7C080,4,PASI,screening,high,0.5,20,medium,moderate,2484,3531,839.5657345845619,0.3379894261612568,0.703483432455395,0.703483432455395,0,0,0,0.0,0,0,839.5657345845619,0,0,0,ok,completed,7.2994448999997985,b3523e2089dbd7a32da94bd9af1457f53f613cc29afd93e90d9e37732b37fa40,b27c00ae6aa33cfc0565d19aa920482babeef332343d8559989dc93b8cc2acdb,574bbd1a71f21ca5b4ca78038fba5d4688bf357a4e7bc2f3e26412b3dd84ffde
E7C080,5,MOI,screening,high,0.5,20,medium,moderate,2502,3531,763.974061656002,0.30534534838369387,0.7085811384876806,0.7085811384876806,0,0,0,0.0,0,0,763.974061656002,0,0,0,ok,completed,7.230568199999652,9c91d040fe812b98e9b759b6161595b173d2d116b16ce3708a8597be62bb4e8a,31b612abdfd0c127827079ee50fea19181189832da19f892a32bd95109089da5,1e6d9020e7edb2fccd3543359fd752e2cf9ce890245e965faf503c50b98069a1
E7C080,5,PASI,screening,high,0.5,20,medium,moderate,2502,3531,759.3475679363056,0.3034962301903699,0.7085811384876806,0.7085811384876806,0,0,0,0.0,0,0,759.3475679363056,0,0,0,ok,completed,7.832206300000507,9c91d040fe812b98e9b759b6161595b173d2d116b16ce3708a8597be62bb4e8a,31b612abdfd0c127827079ee50fea19181189832da19f892a32bd95109089da5,1e6d9020e7edb2fccd3543359fd752e2cf9ce890245e965faf503c50b98069a1
E7C080,6,MOI,screening,high,0.5,20,medium,moderate,2523,3531,709.3091492318734,0.28113719747597044,0.7145284621920136,0.7145284621920136,0,0,0,0.0,0,0,709.3091492318734,0,0,0,ok,completed,7.551174799999899,2e819b4fd88809fe30a8e26b180554e99e1dc9845ddda4dd3314189e44d73369,11cb1d2cc52ef078d70aba72f90a0ee04eadee8f538c44070cab74678943ea17,e837bb78b1a368da152bdc42c1042c55d0688f8f5e4da1dc0ea348dbcb09ef73
E7C080,6,PASI,screening,high,0.5,20,medium,moderate,2523,3531,702.7193791652878,0.2785253187337645,0.7145284621920136,0.7145284621920136,0,0,0,0.0,0,0,702.7193791652878,0,0,0,ok,completed,7.39951579999979,2e819b4fd88809fe30a8e26b180554e99e1dc9845ddda4dd3314189e44d73369,11cb1d2cc52ef078d70aba72f90a0ee04eadee8f538c44070cab74678943ea17,e837bb78b1a368da152bdc42c1042c55d0688f8f5e4da1dc0ea348dbcb09ef73
E7C080,7,MOI,screening,high,0.5,20,medium,moderate,2484,3531,626.2738022967294,0.25212310881510847,0.703483432455395,0.703483432455395,0,0,0,0.0,0,0,626.2738022967294,0,0,0,ok,completed,7.606453200000033,a4a74c297dd7facbcadc3f2bfea242294af7bea2cb4a29c627d99e29a9dfb6e7,743a26a15c4e74c6298bfab744dedc3455ab63886040084903705f73a56f26e1,478aa2cccfa7b8ca94388b8f91f9e4400d289829457a9235073651a0dad5a8a4
E7C080,7,PASI,screening,high,0.5,20,medium,moderate,2484,3531,620.8030121372153,0.24992069731771954,0.703483432455395,0.703483432455395,0,0,0,0.0,0,0,620.8030121372153,0,0,0,ok,completed,6.572460100000171,a4a74c297dd7facbcadc3f2bfea242294af7bea2cb4a29c627d99e29a9dfb6e7,743a26a15c4e74c6298bfab744dedc3455ab63886040084903705f73a56f26e1,478aa2cccfa7b8ca94388b8f91f9e4400d289829457a9235073651a0dad5a8a4
E7C080,8,MOI,screening,high,0.5,20,medium,moderate,2541,3531,789.5089674720455,0.3107079761794748,0.719626168224299,0.719626168224299,0,0,0,0.0,0,0,789.5089674720455,0,0,0,ok,completed,6.260505799999919,2e4d842490f744be05f504ad4e589f453696f55663201363d55bb7b564314928,03477e9b5e7807e00eed284eb79c3662d8792fcbfa50a802900cdd4df9a90a23,088aec3bf7326de3c9e2a321ea07e6e329b0ca32f4a97e4e2c106b17b839123a
E7C080,8,PASI,screening,high,0.5,20,medium,moderate,2541,3531,783.3159966233575,0.3082707582146232,0.719626168224299,0.719626168224299,0,0,0,0.0,0,0,783.3159966233575,0,0,0,ok,completed,5.953070100000332,2e4d842490f744be05f504ad4e589f453696f55663201363d55bb7b564314928,03477e9b5e7807e00eed284eb79c3662d8792fcbfa50a802900cdd4df9a90a23,088aec3bf7326de3c9e2a321ea07e6e329b0ca32f4a97e4e2c106b17b839123a
E7C080,9,MOI,screening,high,0.5,20,medium,moderate,2494,3531,854.7103543427188,0.3427066376674895,0.7063154913622204,0.7063154913622204,0,0,0,0.0,0,0,854.7103543427188,0,0,0,ok,completed,5.204713500000253,05644c349dadd2679e3020242271f6c70707fe1f74822a0aab58fe3b5ac86b1b,ed621ecb1233543fcbc3c2f9d986dc598487aea5a586b8bb72eacf55cddb9601,0ffb8b08010e75484fb3807994cb853972b714585065e5529dd9236805716166
E7C080,9,PASI,screening,high,0.5,20,medium,moderate,2494,3531,850.6836227481417,0.3410920700674185,0.7063154913622204,0.7063154913622204,0,0,0,0.0,0,0,850.6836227481417,0,0,0,ok,completed,3.8301203000000896,05644c349dadd2679e3020242271f6c70707fe1f74822a0aab58fe3b5ac86b1b,ed621ecb1233543fcbc3c2f9d986dc598487aea5a586b8bb72eacf55cddb9601,0ffb8b08010e75484fb3807994cb853972b714585065e5529dd9236805716166
E7C080,10,MOI,screening,high,0.5,20,medium,moderate,2501,3531,697.8887505496432,0.2790438826667906,0.708297932596998,0.708297932596998,0,0,0,0.0,0,0,697.8887505496432,0,0,0,ok,completed,3.834946700000728,ae2f818058c1f2abf5435b1a214d3adaed90fbe8b8524612ee7f9075b830725b,9c60b9e25328b057cf6a4dd4974b802aa788ec4fc8637aaf005ce5cbe082d122,ae1416718afabd4b5500601c46a800bd6188f5fd488cf5a07fd02bd324999e29
E7C080,10,PASI,screening,high,0.5,20,medium,moderate,2501,3531,693.3613913936668,0.27723366309222985,0.708297932596998,0.708297932596998,0,0,0,0.0,0,0,693.3613913936668,0,0,0,ok,completed,3.681923000000097,ae2f818058c1f2abf5435b1a214d3adaed90fbe8b8524612ee7f9075b830725b,9c60b9e25328b057cf6a4dd4974b802aa788ec4fc8637aaf005ce5cbe082d122,ae1416718afabd4b5500601c46a800bd6188f5fd488cf5a07fd02bd324999e29
E7C083,1,MOI,screening,medium,0.5,20,medium,moderate,1894,2464,664.2940070967495,0.3507360121946935,0.7686688311688312,0.7686688311688312,0,0,0,0.0,0,0,664.2940070967495,0,0,0,ok,completed,6.180901400002767,85ffcbc7aa05dd74f46233993024f6329d830fa78acc4d396d9be8f6a04b357c,d66ab3746ae69bf57359cac1f8b1c6eb618a7244b4bd06dae91814cf786b2a77,d70d6338cc9aed351231c2a9968c435508246cc25f32f2742cbe9e2c8ad763d5
E7C083,1,PASI,screening,medium,0.5,20,medium,moderate,1894,2464,660.7758385591549,0.34887847864791705,0.7686688311688312,0.7686688311688312,0,0,0,0.0,0,0,660.7758385591549,0,0,0,ok,completed,6.106046799992328,85ffcbc7aa05dd74f46233993024f6329d830fa78acc4d396d9be8f6a04b357c,d66ab3746ae69bf57359cac1f8b1c6eb618a7244b4bd06dae91814cf786b2a77,d70d6338cc9aed351231c2a9968c435508246cc25f32f2742cbe9e2c8ad763d5
E7C083,2,MOI,screening,medium,0.5,20,medium,moderate,1933,2464,532.5032793142287,0.2754802272706822,0.7844967532467533,0.7844967532467533,0,0,0,0.0,0,0,532.5032793142287,0,0,0,ok,completed,3.5122911999997086,df0244e9ea919f41a24d33c303f0c9b691f81eb081b6c5c3c3bb0daef57ba065,dae307466c0f2d7e7699b903b80d1e23544f00c41db5e1304b43ec51263cb44e,46535e8bf4ef32547292b94c26092ee74b93143cfb4eed28ad07ed021e4b4b71
E7C083,2,PASI,screening,medium,0.5,20,medium,moderate,1933,2464,528.265997543449,0.273288151859001,0.7844967532467533,0.7844967532467533,0,0,0,0.0,0,0,528.265997543449,0,0,0,ok,completed,3.2806479000000763,df0244e9ea919f41a24d33c303f0c9b691f81eb081b6c5c3c3bb0daef57ba065,dae307466c0f2d7e7699b903b80d1e23544f00c41db5e1304b43ec51263cb44e,46535e8bf4ef32547292b94c26092ee74b93143cfb4eed28ad07ed021e4b4b71
E7C083,3,MOI,screening,medium,0.5,20,medium,moderate,1949,2464,698.0742294045702,0.3581704614697641,0.7909902597402597,0.7909902597402597,0,0,0,0.0,0,0,698.0742294045702,0,0,0,ok,completed,3.294611100000111,fdf083b32927818f7ba2c8aa53ababe13d99eb06cec7b3e807b114d639c8012c,e4cdbc8f20cac984f5e330304cac803c185b55cf405a0586e7fac72c62462b8d,1b3673c50a5dda57379099dbdf045415c72faa55b0e7f1d971db0795f0f8a88f
E7C083,3,PASI,screening,medium,0.5,20,medium,moderate,1949,2464,695.6301815765715,0.3569164605318479,0.7909902597402597,0.7909902597402597,0,0,0,0.0,0,0,695.6301815765715,0,0,0,ok,completed,3.1803225000003295,fdf083b32927818f7ba2c8aa53ababe13d99eb06cec7b3e807b114d639c8012c,e4cdbc8f20cac984f5e330304cac803c185b55cf405a0586e7fac72c62462b8d,1b3673c50a5dda57379099dbdf045415c72faa55b0e7f1d971db0795f0f8a88f
E7C083,4,MOI,screening,medium,0.5,20,medium,moderate,1945,2464,648.4964941315684,0.3334172206331971,0.7893668831168831,0.7893668831168831,0,0,0,0.0,0,0,648.4964941315684,0,0,0,ok,completed,3.285751000000346,a09c811a97a72168477996bea5cae221e3be21b35d8313e224ec6b2d2e563dd8,b27c00ae6aa33cfc0565d19aa920482babeef332343d8559989dc93b8cc2acdb,f31f97e8ae2c3b6a582fb4b41dcbb009fca815b25ba41bc2caf0bfa6c1b76966
E7C083,4,PASI,screening,medium,0.5,20,medium,moderate,1945,2464,644.2177219571693,0.33121733776718215,0.7893668831168831,0.7893668831168831,0,0,0,0.0,0,0,644.2177219571693,0,0,0,ok,completed,3.2788698000003933,a09c811a97a72168477996bea5cae221e3be21b35d8313e224ec6b2d2e563dd8,b27c00ae6aa33cfc0565d19aa920482babeef332343d8559989dc93b8cc2acdb,f31f97e8ae2c3b6a582fb4b41dcbb009fca815b25ba41bc2caf0bfa6c1b76966
E7C083,5,MOI,screening,medium,0.5,20,medium,moderate,1928,2464,566.8881887616471,0.2940291435485722,0.7824675324675324,0.7824675324675324,0,0,0,0.0,0,0,566.8881887616471,0,0,0,ok,completed,3.523630700000467,3f9d2d2d43882f17652140e431466432f24708128d4f6afea54f0dc89d31b4f9,31b612abdfd0c127827079ee50fea19181189832da19f892a32bd95109089da5,3e85d7bc2e5a7dd79d469458165d280eea5201061bcca725c83a35a9ce974b76
E7C083,5,PASI,screening,medium,0.5,20,medium,moderate,1928,2464,562.3113645897408,0.29165527209011455,0.7824675324675324,0.7824675324675324,0,0,0,0.0,0,0,562.3113645897408,0,0,0,ok,completed,3.5190419999998994,3f9d2d2d43882f17652140e431466432f24708128d4f6afea54f0dc89d31b4f9,31b612abdfd0c127827079ee50fea19181189832da19f892a32bd95109089da5,3e85d7bc2e5a7dd79d469458165d280eea5201061bcca725c83a35a9ce974b76
E7C083,6,MOI,screening,medium,0.5,20,medium,moderate,1894,2464,527.6702767535579,0.27860099089416995,0.7686688311688312,0.7686688311688312,0,0,0,0.0,0,0,527.6702767535579,0,0,0,ok,completed,3.4889172000002873,946035e9be2addf721a815cd2b9a051dff9265f5deb6140d693eee9a431839fc,11cb1d2cc52ef078d70aba72f90a0ee04eadee8f538c44070cab74678943ea17,3503327183d8e65b0044c8a600659351de4a7fbb91995111971b7a7bd1489b7f
E7C083,6,PASI,screening,medium,0.5,20,medium,moderate,1894,2464,522.8923433462772,0.2760783227805054,0.7686688311688312,0.7686688311688312,0,0,0,0.0,0,0,522.8923433462772,0,0,0,ok,completed,3.4448699000004126,946035e9be2addf721a815cd2b9a051dff9265f5deb6140d693eee9a431839fc,11cb1d2cc52ef078d70aba72f90a0ee04eadee8f538c44070cab74678943ea17,3503327183d8e65b0044c8a600659351de4a7fbb91995111971b7a7bd1489b7f
E7C083,7,MOI,screening,medium,0.5,20,medium,moderate,1940,2464,494.2132455037421,0.2547490956204856,0.7873376623376623,0.7873376623376623,0,0,0,0.0,0,0,494.2132455037421,0,0,0,ok,completed,3.247225199999775,66a1dabb1c578246ff41f5507e00f5385f498dfe0996ab8076b5045cf229b8a4,743a26a15c4e74c6298bfab744dedc3455ab63886040084903705f73a56f26e1,25a31c7d96f969473a7bd2231fce4ce5a92d38bede09c7423d761099ced1932b
E7C083,7,PASI,screening,medium,0.5,20,medium,moderate,1940,2464,490.23156996861087,0.25269668555083036,0.7873376623376623,0.7873376623376623,0,0,0,0.0,0,0,490.23156996861087,0,0,0,ok,completed,3.2793547000001126,66a1dabb1c578246ff41f5507e00f5385f498dfe0996ab8076b5045cf229b8a4,743a26a15c4e74c6298bfab744dedc3455ab63886040084903705f73a56f26e1,25a31c7d96f969473a7bd2231fce4ce5a92d38bede09c7423d761099ced1932b
E7C083,8,MOI,screening,medium,0.5,20,medium,moderate,1961,2464,596.993564536501,0.3044332302582871,0.7958603896103896,0.7958603896103896,0,0,0,0.0,0,0,596.993564536501,0,0,0,ok,completed,3.2750144000001455,3ef71d6b5b3de753cdb418012bc0d13fe5bea52bc8e2465fee6ca58713ce5b1a,03477e9b5e7807e00eed284eb79c3662d8792fcbfa50a802900cdd4df9a90a23,63e520ecd801734e00fb9758498aafce95a872e3b607012df55f2a425d8daa6b
E7C083,8,PASI,screening,medium,0.5,20,medium,moderate,1961,2464,591.6694975974476,0.30171825476667397,0.7958603896103896,0.7958603896103896,0,0,0,0.0,0,0,591.6694975974476,0,0,0,ok,completed,3.368678299999374,3ef71d6b5b3de753cdb418012bc0d13fe5bea52bc8e2465fee6ca58713ce5b1a,03477e9b5e7807e00eed284eb79c3662d8792fcbfa50a802900cdd4df9a90a23,63e520ecd801734e00fb9758498aafce95a872e3b607012df55f2a425d8daa6b
E7C083,9,MOI,screening,medium,0.5,20,medium,moderate,1943,2464,662.5674332118831,0.3410022816324669,0.7885551948051948,0.7885551948051948,0,0,0,0.0,0,0,662.5674332118831,0,0,0,ok,completed,3.4971772999997484,f4292d060ea4095cd4a251074581960f5216aa080dd253380130be1fa49e5845,ed621ecb1233543fcbc3c2f9d986dc598487aea5a586b8bb72eacf55cddb9601,080f815aa62b159ae0a166c3756966ee9f7557c61f9947d18a6383d1268a4c99
E7C083,9,PASI,screening,medium,0.5,20,medium,moderate,1943,2464,658.6922120435072,0.3390078291526028,0.7885551948051948,0.7885551948051948,0,0,0,0.0,0,0,658.6922120435072,0,0,0,ok,completed,3.408504200000607,f4292d060ea4095cd4a251074581960f5216aa080dd253380130be1fa49e5845,ed621ecb1233543fcbc3c2f9d986dc598487aea5a586b8bb72eacf55cddb9601,080f815aa62b159ae0a166c3756966ee9f7557c61f9947d18a6383d1268a4c99
E7C083,10,MOI,screening,medium,0.5,20,medium,moderate,1932,2464,523.892634573846,0.2711659599243509,0.7840909090909091,0.7840909090909091,0,0,0,0.0,0,0,523.892634573846,0,0,0,ok,completed,3.4442932000001747,39fb39cff2f581164b297c9583e6c363cfa52d5de3808a2d23774f98ce3ee5a8,9c60b9e25328b057cf6a4dd4974b802aa788ec4fc8637aaf005ce5cbe082d122,ed41ff4c41f78d76b2ce9c308e6dfa16716a9c7c7b637dc0630c8ce30d3c05ae
E7C083,10,PASI,screening,medium,0.5,20,medium,moderate,1932,2464,519.4401472378627,0.2688613598539662,0.7840909090909091,0.7840909090909091,0,0,0,0.0,0,0,519.4401472378627,0,0,0,ok,completed,3.440831199999593,39fb39cff2f581164b297c9583e6c363cfa52d5de3808a2d23774f98ce3ee5a8,9c60b9e25328b057cf6a4dd4974b802aa788ec4fc8637aaf005ce5cbe082d122,ed41ff4c41f78d76b2ce9c308e6dfa16716a9c7c7b637dc0630c8ce30d3c05ae
E7C085,1,MOI,screening,low,0.0,20,low,moderate,1030,1206,345.3970620050758,0.3353369534029862,0.8540630182421227,0.8540630182421227,0,0,0,0.0,0,0,345.3970620050758,0,0,0,ok,completed,5.950503500003833,a6853d1f6a46472be7c9ef37ac0c534128e38eeee9a4af6dc1215c753dd73e8b,d66ab3746ae69bf57359cac1f8b1c6eb618a7244b4bd06dae91814cf786b2a77,35b9b93f4c83f010f61e46e701a32e511cf62950f8516d219a1c9f146ffa909a
E7C085,1,PASI,screening,low,0.0,20,low,moderate,1030,1206,345.3970620050758,0.3353369534029862,0.8540630182421227,0.8540630182421227,0,0,0,0.0,0,0,345.3970620050758,0,0,0,ok,completed,6.010866600001464,a6853d1f6a46472be7c9ef37ac0c534128e38eeee9a4af6dc1215c753dd73e8b,d66ab3746ae69bf57359cac1f8b1c6eb618a7244b4bd06dae91814cf786b2a77,35b9b93f4c83f010f61e46e701a32e511cf62950f8516d219a1c9f146ffa909a
E7C085,2,MOI,screening,low,0.0,20,low,moderate,1048,1206,304.00519150456955,0.2900812896035969,0.8689883913764511,0.8689883913764511,0,0,0,0.0,0,0,304.00519150456955,0,0,0,ok,completed,3.193185099999937,e7afb3295713137c70e759ced4d1be1c529b43d61136a24b4a4f1ea81f67b788,dae307466c0f2d7e7699b903b80d1e23544f00c41db5e1304b43ec51263cb44e,c8cdc571a5ce4fe0f3a7e5b655a6be968af821e0c0835dcb30a10cc9b2c55462
E7C085,2,PASI,screening,low,0.0,20,low,moderate,1048,1206,304.00519150456955,0.2900812896035969,0.8689883913764511,0.8689883913764511,0,0,0,0.0,0,0,304.00519150456955,0,0,0,ok,completed,3.2308531999997285,e7afb3295713137c70e759ced4d1be1c529b43d61136a24b4a4f1ea81f67b788,dae307466c0f2d7e7699b903b80d1e23544f00c41db5e1304b43ec51263cb44e,c8cdc571a5ce4fe0f3a7e5b655a6be968af821e0c0835dcb30a10cc9b2c55462
E7C085,3,MOI,screening,low,0.0,20,low,moderate,1028,1206,355.8611954867414,0.346168478099943,0.8524046434494196,0.8524046434494196,0,0,0,0.0,0,0,355.8611954867414,0,0,0,ok,completed,3.2262424999998984,6e6ffca284f94f477304cb0337f85cbd41dc716c490254a0fa9f3b509c77d831,e4cdbc8f20cac984f5e330304cac803c185b55cf405a0586e7fac72c62462b8d,a5d968e0a44b9983eea5e6d309094cc218c878188c1516c64fa1ce4e4eae6efc
E7C085,3,PASI,screening,low,0.0,20,low,moderate,1028,1206,355.8611954867414,0.346168478099943,0.8524046434494196,0.8524046434494196,0,0,0,0.0,0,0,355.8611954867414,0,0,0,ok,completed,3.2569093000001885,6e6ffca284f94f477304cb0337f85cbd41dc716c490254a0fa9f3b509c77d831,e4cdbc8f20cac984f5e330304cac803c185b55cf405a0586e7fac72c62462b8d,a5d968e0a44b9983eea5e6d309094cc218c878188c1516c64fa1ce4e4eae6efc
E7C085,4,MOI,screening,low,0.0,20,low,moderate,1047,1206,330.7200070833356,0.31587393226679616,0.8681592039800995,0.8681592039800995,0,0,0,0.0,0,0,330.7200070833356,0,0,0,ok,completed,3.2191616000000067,b479d924483e1b20a309785a611e582afabec5a7decd37ecdaac82a22d643fb3,b27c00ae6aa33cfc0565d19aa920482babeef332343d8559989dc93b8cc2acdb,399a146ec5293070117808f34b2bc8d7f5d04454de27ed13393d2a170551fd78
E7C085,4,PASI,screening,low,0.0,20,low,moderate,1047,1206,330.7200070833356,0.31587393226679616,0.8681592039800995,0.8681592039800995,0,0,0,0.0,0,0,330.7200070833356,0,0,0,ok,completed,3.4202602000004845,b479d924483e1b20a309785a611e582afabec5a7decd37ecdaac82a22d643fb3,b27c00ae6aa33cfc0565d19aa920482babeef332343d8559989dc93b8cc2acdb,399a146ec5293070117808f34b2bc8d7f5d04454de27ed13393d2a170551fd78
E7C085,5,MOI,screening,low,0.0,20,low,moderate,1034,1206,307.28851194503545,0.2971842475290478,0.857379767827529,0.857379767827529,0,0,0,0.0,0,0,307.28851194503545,0,0,0,ok,completed,3.27226089999931,5835ae3525d94e6b2905e151656d3fc4f01a68a364a90e09c2d74fba6ffda3c0,31b612abdfd0c127827079ee50fea19181189832da19f892a32bd95109089da5,d05305668f497c798a952ad1662b35f57c92717c0e7d634cd9690163dcca60ea
E7C085,5,PASI,screening,low,0.0,20,low,moderate,1034,1206,307.28851194503545,0.2971842475290478,0.857379767827529,0.857379767827529,0,0,0,0.0,0,0,307.28851194503545,0,0,0,ok,completed,3.500421499999902,5835ae3525d94e6b2905e151656d3fc4f01a68a364a90e09c2d74fba6ffda3c0,31b612abdfd0c127827079ee50fea19181189832da19f892a32bd95109089da5,d05305668f497c798a952ad1662b35f57c92717c0e7d634cd9690163dcca60ea
E7C085,6,MOI,screening,low,0.0,20,low,moderate,1036,1206,286.36602480338115,0.2764150818565455,0.8590381426202321,0.8590381426202321,0,0,0,0.0,0,0,286.36602480338115,0,0,0,ok,completed,3.4989808000000266,f00beec923e5881e89555edc23bc5ed65e1ab571fcb71554186a85292825d71a,11cb1d2cc52ef078d70aba72f90a0ee04eadee8f538c44070cab74678943ea17,6e8ac8458472e42ff821420f221165c4af3cc588f11a9ce7588688ad921d4272
E7C085,6,PASI,screening,low,0.0,20,low,moderate,1036,1206,286.36602480338115,0.2764150818565455,0.8590381426202321,0.8590381426202321,0,0,0,0.0,0,0,286.36602480338115,0,0,0,ok,completed,3.209132199999658,f00beec923e5881e89555edc23bc5ed65e1ab571fcb71554186a85292825d71a,11cb1d2cc52ef078d70aba72f90a0ee04eadee8f538c44070cab74678943ea17,6e8ac8458472e42ff821420f221165c4af3cc588f11a9ce7588688ad921d4272
E7C085,7,MOI,screening,low,0.0,20,low,moderate,1015,1206,271.12429849877276,0.2671175354667712,0.8416252072968491,0.8416252072968491,0,0,0,0.0,0,0,271.12429849877276,0,0,0,ok,completed,3.47624900000028,699e16a61a72d6f6677c88dc92cd28e4eea46af6652088b2c45b39ce3fa488c6,743a26a15c4e74c6298bfab744dedc3455ab63886040084903705f73a56f26e1,237098b0b2eea18f12891bf2012833ce2b99a79d7a6b7a78a9f9b52351639793
E7C085,7,PASI,screening,low,0.0,20,low,moderate,1015,1206,271.12429849877276,0.2671175354667712,0.8416252072968491,0.8416252072968491,0,0,0,0.0,0,0,271.12429849877276,0,0,0,ok,completed,3.218614099999286,699e16a61a72d6f6677c88dc92cd28e4eea46af6652088b2c45b39ce3fa488c6,743a26a15c4e74c6298bfab744dedc3455ab63886040084903705f73a56f26e1,237098b0b2eea18f12891bf2012833ce2b99a79d7a6b7a78a9f9b52351639793
E7C085,8,MOI,screening,low,0.0,20,low,moderate,1026,1206,312.68283900585936,0.3047591023448922,0.8507462686567164,0.8507462686567164,0,0,0,0.0,0,0,312.68283900585936,0,0,0,ok,completed,3.2380253000001176,9339345ab1e47990db2ed9dddddcaaafac158be442d6520f9b1ea59107378204,03477e9b5e7807e00eed284eb79c3662d8792fcbfa50a802900cdd4df9a90a23,c59e7909bb6c5657013ca193f3765d91f79ebd02cf2c07c9b6d4c6ee6270c79e
E7C085,8,PASI,screening,low,0.0,20,low,moderate,1026,1206,312.68283900585936,0.3047591023448922,0.8507462686567164,0.8507462686567164,0,0,0,0.0,0,0,312.68283900585936,0,0,0,ok,completed,3.2882723000002443,9339345ab1e47990db2ed9dddddcaaafac158be442d6520f9b1ea59107378204,03477e9b5e7807e00eed284eb79c3662d8792fcbfa50a802900cdd4df9a90a23,c59e7909bb6c5657013ca193f3765d91f79ebd02cf2c07c9b6d4c6ee6270c79e
E7C085,9,MOI,screening,low,0.0,20,low,moderate,1031,1206,319.0441626488712,0.30945117618707196,0.8548922056384743,0.8548922056384743,0,0,0,0.0,0,0,319.0441626488712,0,0,0,ok,completed,3.2507943000000523,c36553b74fabe50e893eada5c8015d30900e08b71a488c7ec88c4eec579e7327,ed621ecb1233543fcbc3c2f9d986dc598487aea5a586b8bb72eacf55cddb9601,b25d8f085eca3fbf1066262c6386fe68ae180034c0ca86a8253c4d07c6b611f1
E7C085,9,PASI,screening,low,0.0,20,low,moderate,1031,1206,319.0441626488712,0.30945117618707196,0.8548922056384743,0.8548922056384743,0,0,0,0.0,0,0,319.0441626488712,0,0,0,ok,completed,3.3258100999992166,c36553b74fabe50e893eada5c8015d30900e08b71a488c7ec88c4eec579e7327,ed621ecb1233543fcbc3c2f9d986dc598487aea5a586b8bb72eacf55cddb9601,b25d8f085eca3fbf1066262c6386fe68ae180034c0ca86a8253c4d07c6b611f1
E7C085,10,MOI,screening,low,0.0,20,low,moderate,1044,1206,289.06448969701114,0.27688169511207966,0.8656716417910447,0.8656716417910447,0,0,0,0.0,0,0,289.06448969701114,0,0,0,ok,completed,3.5070176999997784,b1566d8773caa1272e7a3faaccae636bc93471ce160ad6a4772832b0f691333d,9c60b9e25328b057cf6a4dd4974b802aa788ec4fc8637aaf005ce5cbe082d122,ce01e61291815d67764545f1f2b32c9ee7d80fc47af221ce85b72c9a06c854d6
E7C085,10,PASI,screening,low,0.0,20,low,moderate,1044,1206,289.06448969701114,0.27688169511207966,0.8656716417910447,0.8656716417910447,0,0,0,0.0,0,0,289.06448969701114,0,0,0,ok,completed,3.5084075000004304,b1566d8773caa1272e7a3faaccae636bc93471ce160ad6a4772832b0f691333d,9c60b9e25328b057cf6a4dd4974b802aa788ec4fc8637aaf005ce5cbe082d122,ce01e61291815d67764545f1f2b32c9ee7d80fc47af221ce85b72c9a06c854d6
E7C085,11,MOI,confirmation,low,0.0,20,low,moderate,1064,1206,315.0521975772128,0.29610168945226767,0.8822553897180763,0.8822553897180763,0,0,0,0.0,0,0,315.0521975772128,0,0,0,ok,completed,3.3448057000005065,cc02af2e2bb6426cfeff528b491c45c127c32215f70a21d8da466768a8e46f2d,2b4d05eb6c31065d2ca4a31bd16523f701055f37ebc6eafda79d08842a18cd42,ca9e2f5557f94bcc48388136af23a91015834739c0d76f233fb122c846e4c071
E7C085,11,PASI,confirmation,low,0.0,20,low,moderate,1064,1206,315.0521975772128,0.29610168945226767,0.8822553897180763,0.8822553897180763,0,0,0,0.0,0,0,315.0521975772128,0,0,0,ok,completed,3.4360311000000365,cc02af2e2bb6426cfeff528b491c45c127c32215f70a21d8da466768a8e46f2d,2b4d05eb6c31065d2ca4a31bd16523f701055f37ebc6eafda79d08842a18cd42,ca9e2f5557f94bcc48388136af23a91015834739c0d76f233fb122c846e4c071
E7C085,12,MOI,confirmation,low,0.0,20,low,moderate,1031,1206,311.8811230734768,0.302503514135283,0.8548922056384743,0.8548922056384743,0,0,0,0.0,0,0,311.8811230734768,0,0,0,ok,completed,3.4282247000001007,b3e616973691a20ad50148e357c83c2c13ee42300521e13a8a5171ae61e733fb,34c909d48198fdc718eb98f4c253b653e658736f296fc45dd45a5bc947666059,3c90e189ca3a853ad9ab73573489b153d4362462ec24a6f52376fce6fdf886f7
E7C085,12,PASI,confirmation,low,0.0,20,low,moderate,1031,1206,311.8811230734768,0.302503514135283,0.8548922056384743,0.8548922056384743,0,0,0,0.0,0,0,311.8811230734768,0,0,0,ok,completed,3.2134330999997474,b3e616973691a20ad50148e357c83c2c13ee42300521e13a8a5171ae61e733fb,34c909d48198fdc718eb98f4c253b653e658736f296fc45dd45a5bc947666059,3c90e189ca3a853ad9ab73573489b153d4362462ec24a6f52376fce6fdf886f7
E7C085,13,MOI,confirmation,low,0.0,20,low,moderate,1034,1206,375.7908034067186,0.36343404584789035,0.857379767827529,0.857379767827529,0,0,0,0.0,0,0,375.7908034067186,0,0,0,ok,completed,3.495090600000367,47ec31a3baa6774d0a5cab780bfcfbcc238172c20d5a3d7ebae8cc3c2db228b3,4b02f8d6786c95772a800a9d2766ea771132035e7219af36fa5f93ed6e0a91ed,2941ac350bc997a0ea750322ae9c6324494d738f498045f502195d2851c842bf
E7C085,13,PASI,confirmation,low,0.0,20,low,moderate,1034,1206,375.7908034067186,0.36343404584789035,0.857379767827529,0.857379767827529,0,0,0,0.0,0,0,375.7908034067186,0,0,0,ok,completed,3.341555099999823,47ec31a3baa6774d0a5cab780bfcfbcc238172c20d5a3d7ebae8cc3c2db228b3,4b02f8d6786c95772a800a9d2766ea771132035e7219af36fa5f93ed6e0a91ed,2941ac350bc997a0ea750322ae9c6324494d738f498045f502195d2851c842bf
E7C085,14,MOI,confirmation,low,0.0,20,low,moderate,1046,1206,316.2379978399862,0.30233078187379175,0.867330016583748,0.867330016583748,0,0,0,0.0,0,0,316.2379978399862,0,0,0,ok,completed,3.535234200000559,273d06514a9b3f90b2aec29bb581b1e570ea0f213632d0a08780fd1cd8d47605,40e89fac8b1c577bffeb7fe00a68cf719871669a94193595e853ea43fa938784,1e765201ecf830915eeadc62908d8ae1711043e61ed8eeacd7605475721390f5
E7C085,14,PASI,confirmation,low,0.0,20,low,moderate,1046,1206,316.2379978399862,0.30233078187379175,0.867330016583748,0.867330016583748,0,0,0,0.0,0,0,316.2379978399862,0,0,0,ok,completed,3.336858700000448,273d06514a9b3f90b2aec29bb581b1e570ea0f213632d0a08780fd1cd8d47605,40e89fac8b1c577bffeb7fe00a68cf719871669a94193595e853ea43fa938784,1e765201ecf830915eeadc62908d8ae1711043e61ed8eeacd7605475721390f5
E7C085,15,MOI,confirmation,low,0.0,20,low,moderate,1024,1206,371.64034056989067,0.36293002008778386,0.8490878938640133,0.8490878938640133,0,0,0,0.0,0,0,371.64034056989067,0,0,0,ok,completed,3.322826100000384,7466ff4027628ca2ff41d77c939c50a439e7ad6afef83404232a1f1b6b83e714,3a86368cc1ab8f9f0a3a7bf8364efdbc3db3a614caa551f2bb994c3682455675,134bdc4d60614ff2e3cc74bab77f8e995576e886d035e133d2b5c128e7f3bfe6
E7C085,15,PASI,confirmation,low,0.0,20,low,moderate,1024,1206,371.64034056989067,0.36293002008778386,0.8490878938640133,0.8490878938640133,0,0,0,0.0,0,0,371.64034056989067,0,0,0,ok,completed,3.2308899999998175,7466ff4027628ca2ff41d77c939c50a439e7ad6afef83404232a1f1b6b83e714,3a86368cc1ab8f9f0a3a7bf8364efdbc3db3a614caa551f2bb994c3682455675,134bdc4d60614ff2e3cc74bab77f8e995576e886d035e133d2b5c128e7f3bfe6
E7C085,16,MOI,confirmation,low,0.0,20,low,moderate,1035,1206,328.36926875265,0.31726499396391306,0.8582089552238806,0.8582089552238806,0,0,0,0.0,0,0,328.36926875265,0,0,0,ok,completed,3.442175899999711,43304cc7e0d9abf60ba8f993787707fd658b8d9226a32f226ec85a0588c8c75a,5ed92cce0a079734db6c4d33611093eec2cd86500100dbc8ab6a00bc091d280c,bc859fff3593f191da6dbf30a08e88cc29ece5df6fcc049e934ea819df5317a0
E7C085,16,PASI,confirmation,low,0.0,20,low,moderate,1035,1206,328.36926875265,0.31726499396391306,0.8582089552238806,0.8582089552238806,0,0,0,0.0,0,0,328.36926875265,0,0,0,ok,completed,3.2707574999994904,43304cc7e0d9abf60ba8f993787707fd658b8d9226a32f226ec85a0588c8c75a,5ed92cce0a079734db6c4d33611093eec2cd86500100dbc8ab6a00bc091d280c,bc859fff3593f191da6dbf30a08e88cc29ece5df6fcc049e934ea819df5317a0
E7C085,17,MOI,confirmation,low,0.0,20,low,moderate,1028,1206,334.04588080857945,0.324947354872159,0.8524046434494196,0.8524046434494196,0,0,0,0.0,0,0,334.04588080857945,0,0,0,ok,completed,3.3924300999997286,cc950dae8832d24ee67e60ceec2eb914ea3056deec43041cd73b744f0e8fdee4,e413406d4d8a97d1511c69e6940800322f9d4ab49edd00bdbcb59e5542167c95,9ccf938ab84aa918dd510789da4368e98c9a2e43c6fc94d38f93ebf62bdefd52
E7C085,17,PASI,confirmation,low,0.0,20,low,moderate,1028,1206,334.04588080857945,0.324947354872159,0.8524046434494196,0.8524046434494196,0,0,0,0.0,0,0,334.04588080857945,0,0,0,ok,completed,3.5227217000001474,cc950dae8832d24ee67e60ceec2eb914ea3056deec43041cd73b744f0e8fdee4,e413406d4d8a97d1511c69e6940800322f9d4ab49edd00bdbcb59e5542167c95,9ccf938ab84aa918dd510789da4368e98c9a2e43c6fc94d38f93ebf62bdefd52
E7C085,18,MOI,confirmation,low,0.0,20,low,moderate,1025,1206,311.51495529328395,0.30391702955442335,0.8499170812603648,0.8499170812603648,0,0,0,0.0,0,0,311.51495529328395,0,0,0,ok,completed,3.4847607000001517,6e6a7ae8da19ba5adcd9ed136bb05212cb231f09145fa29737ebf024a541833e,2bd1bbc49b50a6b45c13a09cc1c035bbdca0c8fedae684966d3c7b24a36edb6d,cb153c8e5edb7bb5f691b38cc4ef3fcb5bb3d898f8accc866256b524970ad96c
E7C085,18,PASI,confirmation,low,0.0,20,low,moderate,1025,1206,311.51495529328395,0.30391702955442335,0.8499170812603648,0.8499170812603648,0,0,0,0.0,0,0,311.51495529328395,0,0,0,ok,completed,3.2707282000001214,6e6a7ae8da19ba5adcd9ed136bb05212cb231f09145fa29737ebf024a541833e,2bd1bbc49b50a6b45c13a09cc1c035bbdca0c8fedae684966d3c7b24a36edb6d,cb153c8e5edb7bb5f691b38cc4ef3fcb5bb3d898f8accc866256b524970ad96c
E7C085,19,MOI,confirmation,low,0.0,20,low,moderate,1046,1206,307.12933516529074,0.29362269136261065,0.867330016583748,0.867330016583748,0,0,0,0.0,0,0,307.12933516529074,0,0,0,ok,completed,3.3541267000000516,121d75564540df99b1bf1825eb3befb0d5e691e9e33e4439d72c386f38578d93,20c0c9a34f4452f17f918f97d5b4b0d0af1def6281986ff72c1735586f459d71,e446be467b30f2bc563b10f4e3c3f7e69558a93ef6670aa06880385fdbe9a058
E7C085,19,PASI,confirmation,low,0.0,20,low,moderate,1046,1206,307.12933516529074,0.29362269136261065,0.867330016583748,0.867330016583748,0,0,0,0.0,0,0,307.12933516529074,0,0,0,ok,completed,3.2664393000004566,121d75564540df99b1bf1825eb3befb0d5e691e9e33e4439d72c386f38578d93,20c0c9a34f4452f17f918f97d5b4b0d0af1def6281986ff72c1735586f459d71,e446be467b30f2bc563b10f4e3c3f7e69558a93ef6670aa06880385fdbe9a058
E7C085,20,MOI,confirmation,low,0.0,20,low,moderate,1015,1206,305.2727989892026,0.30076137831448535,0.8416252072968491,0.8416252072968491,0,0,0,0.0,0,0,305.2727989892026,0,0,0,ok,completed,3.502357500000471,44e9bf9715f8104601801893f9a1c597eda89e4b386ccf9d920150b3650134b0,cadced37aca230b612222cfcce6c691511f1a6a5836bf463e4ffe0f56557df08,98b228cd5b7649a29029bc3bb11e96004e83ab6adefac7325d37479cfa1df2f1
E7C085,20,PASI,confirmation,low,0.0,20,low,moderate,1015,1206,305.2727989892026,0.30076137831448535,0.8416252072968491,0.8416252072968491,0,0,0,0.0,0,0,305.2727989892026,0,0,0,ok,completed,3.2855357000007643,44e9bf9715f8104601801893f9a1c597eda89e4b386ccf9d920150b3650134b0,cadced37aca230b612222cfcce6c691511f1a6a5836bf463e4ffe0f56557df08,98b228cd5b7649a29029bc3bb11e96004e83ab6adefac7325d37479cfa1df2f1
E7C085,21,MOI,confirmation,low,0.0,20,low,moderate,1050,1206,308.5567104019541,0.29386353371614676,0.8706467661691543,0.8706467661691543,0,0,0,0.0,0,0,308.5567104019541,0,0,0,ok,completed,3.290520600000491,b60ab45c6d489e9943a89477663586fad66d821d4a07e19e86bda8d14c332498,a6776a97843269f55d68643939d3702f2f978539602eef39e3e0707b0305dd56,63d2386c62bb16fd290a5611e9d41b00af4ab81858dc73fd86557c7f2f47d216
E7C085,21,PASI,confirmation,low,0.0,20,low,moderate,1050,1206,308.5567104019541,0.29386353371614676,0.8706467661691543,0.8706467661691543,0,0,0,0.0,0,0,308.5567104019541,0,0,0,ok,completed,3.440142399999786,b60ab45c6d489e9943a89477663586fad66d821d4a07e19e86bda8d14c332498,a6776a97843269f55d68643939d3702f2f978539602eef39e3e0707b0305dd56,63d2386c62bb16fd290a5611e9d41b00af4ab81858dc73fd86557c7f2f47d216
E7C085,22,MOI,confirmation,low,0.0,20,low,moderate,1042,1206,351.7982266386829,0.33761825973002196,0.8640132669983416,0.8640132669983416,0,0,0,0.0,0,0,351.7982266386829,0,0,0,ok,completed,3.3420162000002165,c21d457bccf8ebbb1edf37c70cab0c141a32faa85dda2956b24a2e7fcdc95d5f,4eb741c6d08bcab2b115a036c6ead24c669ce862f433b99324fc25e92f13bb33,ee80722d6e77c7f9af3da8e9791e010bfca15a0dfe28f6bbaa8caf54385bc60a
E7C085,22,PASI,confirmation,low,0.0,20,low,moderate,1042,1206,351.7982266386829,0.33761825973002196,0.8640132669983416,0.8640132669983416,0,0,0,0.0,0,0,351.7982266386829,0,0,0,ok,completed,3.290999400000146,c21d457bccf8ebbb1edf37c70cab0c141a32faa85dda2956b24a2e7fcdc95d5f,4eb741c6d08bcab2b115a036c6ead24c669ce862f433b99324fc25e92f13bb33,ee80722d6e77c7f9af3da8e9791e010bfca15a0dfe28f6bbaa8caf54385bc60a
E7C085,23,MOI,confirmation,low,0.0,20,low,moderate,1037,1206,351.2257262821031,0.3386940465594051,0.8598673300165838,0.8598673300165838,0,0,0,0.0,0,0,351.2257262821031,0,0,0,ok,completed,3.3005107999997563,73f98dc9154235fb370c49350fe4b72011009a15991a5013e53c67609cb18dd8,ef589139a24248e260687363411c2312be729266cd7138253a0e4e09655dd283,21203c2a664eb422e7c0148247a18d5afee0efb91408230b240c09d012ca5883
E7C085,23,PASI,confirmation,low,0.0,20,low,moderate,1037,1206,351.2257262821031,0.3386940465594051,0.8598673300165838,0.8598673300165838,0,0,0,0.0,0,0,351.2257262821031,0,0,0,ok,completed,3.346571799999765,73f98dc9154235fb370c49350fe4b72011009a15991a5013e53c67609cb18dd8,ef589139a24248e260687363411c2312be729266cd7138253a0e4e09655dd283,21203c2a664eb422e7c0148247a18d5afee0efb91408230b240c09d012ca5883
E7C085,24,MOI,confirmation,low,0.0,20,low,moderate,1024,1206,306.79666440495043,0.2996061175829594,0.8490878938640133,0.8490878938640133,0,0,0,0.0,0,0,306.79666440495043,0,0,0,ok,completed,3.455761700000039,a90c8dcefc655057f71453148ecdcea8da3439a50fad9a60ef7c3ed8272e94e1,5ae7c573d583422b84501c9630d5f5827cee6b07439fb183ba5742addb1b6032,b7da581a3d7c2c68e846b6ea2d171e17bcb5f4293890f9c96d093526ed954090
E7C085,24,PASI,confirmation,low,0.0,20,low,moderate,1024,1206,306.79666440495043,0.2996061175829594,0.8490878938640133,0.8490878938640133,0,0,0,0.0,0,0,306.79666440495043,0,0,0,ok,completed,3.236858100000063,a90c8dcefc655057f71453148ecdcea8da3439a50fad9a60ef7c3ed8272e94e1,5ae7c573d583422b84501c9630d5f5827cee6b07439fb183ba5742addb1b6032,b7da581a3d7c2c68e846b6ea2d171e17bcb5f4293890f9c96d093526ed954090
E7C085,25,MOI,confirmation,low,0.0,20,low,moderate,1040,1206,316.0121554054981,0.30385784173605584,0.8623548922056384,0.8623548922056384,0,0,0,0.0,0,0,316.0121554054981,0,0,0,ok,completed,3.328635099999701,bf8b7daca21dafe1c497b72283ab950a482946d472b706716925602f66a05909,5b326e5ce07136aa30d876de062c31fac8c41cef77d59aa30811a04483cab1c0,4349711011f028361a165841f1196345d61a036af4951441af0b0d69c096a47f
E7C085,25,PASI,confirmation,low,0.0,20,low,moderate,1040,1206,316.0121554054981,0.30385784173605584,0.8623548922056384,0.8623548922056384,0,0,0,0.0,0,0,316.0121554054981,0,0,0,ok,completed,3.2930648000001383,bf8b7daca21dafe1c497b72283ab950a482946d472b706716925602f66a05909,5b326e5ce07136aa30d876de062c31fac8c41cef77d59aa30811a04483cab1c0,4349711011f028361a165841f1196345d61a036af4951441af0b0d69c096a47f
E7C085,26,MOI,confirmation,low,0.0,20,low,moderate,1040,1206,289.27976658003354,0.2781536217115707,0.8623548922056384,0.8623548922056384,0,0,0,0.0,0,0,289.27976658003354,0,0,0,ok,completed,3.3879314999994676,41b656922ce4add5d4e094be04f2f42e15d1e5ef64e885aeaab069297b3e910c,c52bd71f81080352ebf79d5c9f62f0f137e06d90fc3cefb8dc56ee52493f03ba,e2a02f358da1c7157767aea1f86897023609ac5d4db743df3e607cdb6ac51e06
E7C085,26,PASI,confirmation,low,0.0,20,low,moderate,1040,1206,289.27976658003354,0.2781536217115707,0.8623548922056384,0.8623548922056384,0,0,0,0.0,0,0,289.27976658003354,0,0,0,ok,completed,3.423320799999601,41b656922ce4add5d4e094be04f2f42e15d1e5ef64e885aeaab069297b3e910c,c52bd71f81080352ebf79d5c9f62f0f137e06d90fc3cefb8dc56ee52493f03ba,e2a02f358da1c7157767aea1f86897023609ac5d4db743df3e607cdb6ac51e06
E7C085,27,MOI,confirmation,low,0.0,20,low,moderate,1026,1206,309.58710718901193,0.30174181987233134,0.8507462686567164,0.8507462686567164,0,0,0,0.0,0,0,309.58710718901193,0,0,0,ok,completed,3.4017376000001605,e03e2525f95341679d2d3a9424c18d2f6d2ddacad5f973e79201cc90553f94ad,54607f953848fbc54798d49767c93a9a93ff47f04c39f5c84a4e95ddf6e04091,2857ebdb82a9bf6acab18834ca754c9090d196743aace9a8abf1fd441c72e063
E7C085,27,PASI,confirmation,low,0.0,20,low,moderate,1026,1206,309.58710718901193,0.30174181987233134,0.8507462686567164,0.8507462686567164,0,0,0,0.0,0,0,309.58710718901193,0,0,0,ok,completed,3.4065811000000394,e03e2525f95341679d2d3a9424c18d2f6d2ddacad5f973e79201cc90553f94ad,54607f953848fbc54798d49767c93a9a93ff47f04c39f5c84a4e95ddf6e04091,2857ebdb82a9bf6acab18834ca754c9090d196743aace9a8abf1fd441c72e063
E7C085,28,MOI,confirmation,low,0.0,20,low,moderate,1035,1206,344.26602868304303,0.33262418230245705,0.8582089552238806,0.8582089552238806,0,0,0,0.0,0,0,344.26602868304303,0,0,0,ok,completed,3.3114864999997735,abcdd30ec670d2dddcbebf9d99632739ef2ebc9746ee3cedc55df329fb6bf5ea,c890b20dd023652d423d655c022b80ff7f493870b2a3709f55db66f023b95417,f97735de76bdfc844bb07c8b2160d05f51d3c23c465abea3622793eae730c12c
E7C085,28,PASI,confirmation,low,0.0,20,low,moderate,1035,1206,344.26602868304303,0.33262418230245705,0.8582089552238806,0.8582089552238806,0,0,0,0.0,0,0,344.26602868304303,0,0,0,ok,completed,3.369437100000141,abcdd30ec670d2dddcbebf9d99632739ef2ebc9746ee3cedc55df329fb6bf5ea,c890b20dd023652d423d655c022b80ff7f493870b2a3709f55db66f023b95417,f97735de76bdfc844bb07c8b2160d05f51d3c23c465abea3622793eae730c12c
E7C085,29,MOI,confirmation,low,0.0,20,low,moderate,1044,1206,280.03301961885114,0.2682308617038804,0.8656716417910447,0.8656716417910447,0,0,0,0.0,0,0,280.03301961885114,0,0,0,ok,completed,3.362591500000235,d6297154d4f4dfc5a6e9c969d522b1b433224d0236a5cfca513c1ee1d6f42992,8f74ade18a1c5d608e2dcabf394716b9c268a16e2e918228d4f246e161eba520,e73ee8618c0c170c2054358b83b6ce2e86b6ea3320581d4e3af8ba26e2a04f93
E7C085,29,PASI,confirmation,low,0.0,20,low,moderate,1044,1206,280.03301961885114,0.2682308617038804,0.8656716417910447,0.8656716417910447,0,0,0,0.0,0,0,280.03301961885114,0,0,0,ok,completed,3.3991495000000214,d6297154d4f4dfc5a6e9c969d522b1b433224d0236a5cfca513c1ee1d6f42992,8f74ade18a1c5d608e2dcabf394716b9c268a16e2e918228d4f246e161eba520,e73ee8618c0c170c2054358b83b6ce2e86b6ea3320581d4e3af8ba26e2a04f93
E7C085,30,MOI,confirmation,low,0.0,20,low,moderate,1036,1206,301.67014994056785,0.2911874034175365,0.8590381426202321,0.8590381426202321,0,0,0,0.0,0,0,301.67014994056785,0,0,0,ok,completed,3.4876758999998856,6f667d22b6261f74d1218b0318e977015577d0977031c792b02dffefd87b0ec3,8dafcfe8fb902f040b5462995c13dea893bb9804a293dcc79745ae3776dcd2a1,4537a2b90b9c203b5eb42d9788eb0bb6055b6c026db2331d7b2e590a753e02c0
E7C085,30,PASI,confirmation,low,0.0,20,low,moderate,1036,1206,301.67014994056785,0.2911874034175365,0.8590381426202321,0.8590381426202321,0,0,0,0.0,0,0,301.67014994056785,0,0,0,ok,completed,3.5440828000000693,6f667d22b6261f74d1218b0318e977015577d0977031c792b02dffefd87b0ec3,8dafcfe8fb902f040b5462995c13dea893bb9804a293dcc79745ae3776dcd2a1,4537a2b90b9c203b5eb42d9788eb0bb6055b6c026db2331d7b2e590a753e02c0
E7C086,1,MOI,screening,low,0.75,5,medium,moderate,1030,1206,346.40371344753,0.33631428490051457,0.8540630182421227,0.8540630182421227,0,0,0,0.0,0,0,346.40371344753,0,0,0,ok,completed,5.970653900003526,a6853d1f6a46472be7c9ef37ac0c534128e38eeee9a4af6dc1215c753dd73e8b,ec22371983a259c14f4c8d91c29d100c194db3be0b439c722923a20d80c394ef,f431ddacea48ed83ebd4b001ec573bde7fc389403793f6bda461fcde9a517e93
E7C086,1,PASI,screening,low,0.75,5,medium,moderate,1030,1206,342.2508236691601,0.3322823530768545,0.8540630182421227,0.8540630182421227,0,0,0,0.0,0,0,342.2508236691601,0,0,0,ok,completed,6.042988100001821,a6853d1f6a46472be7c9ef37ac0c534128e38eeee9a4af6dc1215c753dd73e8b,ec22371983a259c14f4c8d91c29d100c194db3be0b439c722923a20d80c394ef,f431ddacea48ed83ebd4b001ec573bde7fc389403793f6bda461fcde9a517e93
E7C086,2,MOI,screening,low,0.75,5,medium,moderate,1048,1206,277.31602849642763,0.2646145310080416,0.8689883913764511,0.8689883913764511,0,0,0,0.0,0,0,277.31602849642763,0,0,0,ok,completed,3.5688341000004584,e7afb3295713137c70e759ced4d1be1c529b43d61136a24b4a4f1ea81f67b788,a39b0811c2f464ab764e8dbd8e8b9487ee6f06182940d447e7a4597636aac541,8831be6281b6e0bc0f5420356e8bff51c310ad5116ecdfe21bb0eac3150dab9f
E7C086,2,PASI,screening,low,0.75,5,medium,moderate,1048,1206,273.1358120243833,0.2606257748324268,0.8689883913764511,0.8689883913764511,0,0,0,0.0,0,0,273.1358120243833,0,0,0,ok,completed,3.471210899999278,e7afb3295713137c70e759ced4d1be1c529b43d61136a24b4a4f1ea81f67b788,a39b0811c2f464ab764e8dbd8e8b9487ee6f06182940d447e7a4597636aac541,8831be6281b6e0bc0f5420356e8bff51c310ad5116ecdfe21bb0eac3150dab9f
E7C086,3,MOI,screening,low,0.75,5,medium,moderate,1028,1206,346.64858620421313,0.3372067959184953,0.8524046434494196,0.8524046434494196,0,0,0,0.0,0,0,346.64858620421313,0,0,0,ok,completed,3.4192630999996254,6e6ffca284f94f477304cb0337f85cbd41dc716c490254a0fa9f3b509c77d831,196eb5c9c5c3188bcc0d9b17c0f052bcdd132d6719f36eda010856852aba6a7c,c4d69c72752c41f2da96991fe5c1599dae997ed0c85c0db27d7d415269c4377d
E7C086,3,PASI,screening,low,0.75,5,medium,moderate,1028,1206,343.0446713610784,0.3337010421800373,0.8524046434494196,0.8524046434494196,0,0,0,0.0,0,0,343.0446713610784,0,0,0,ok,completed,3.286239299999579,6e6ffca284f94f477304cb0337f85cbd41dc716c490254a0fa9f3b509c77d831,196eb5c9c5c3188bcc0d9b17c0f052bcdd132d6719f36eda010856852aba6a7c,c4d69c72752c41f2da96991fe5c1599dae997ed0c85c0db27d7d415269c4377d
E7C086,4,MOI,screening,low,0.75,5,medium,moderate,1047,1206,330.53212652571034,0.31569448569790864,0.8681592039800995,0.8681592039800995,0,0,0,0.0,0,0,330.53212652571034,0,0,0,ok,completed,3.3241743999997198,b479d924483e1b20a309785a611e582afabec5a7decd37ecdaac82a22d643fb3,09efb71e6d62b006f3ec3fe63739503350485a325c5979c3eb9dd05401ca11eb,69da715c1c9a8a084c82aeea29f884eb3823c84bc87d89c6f581b1ade390ae38
E7C086,4,PASI,screening,low,0.75,5,medium,moderate,1047,1206,326.56702876179,0.31190738181641836,0.8681592039800995,0.8681592039800995,0,0,0,0.0,0,0,326.56702876179,0,0,0,ok,completed,3.4253035000001546,b479d924483e1b20a309785a611e582afabec5a7decd37ecdaac82a22d643fb3,09efb71e6d62b006f3ec3fe63739503350485a325c5979c3eb9dd05401ca11eb,69da715c1c9a8a084c82aeea29f884eb3823c84bc87d89c6f581b1ade390ae38
E7C086,5,MOI,screening,low,0.75,5,medium,moderate,1034,1206,300.4045564211293,0.29052665031056996,0.857379767827529,0.857379767827529,0,0,0,0.0,0,0,300.4045564211293,0,0,0,ok,completed,3.630603699999483,5835ae3525d94e6b2905e151656d3fc4f01a68a364a90e09c2d74fba6ffda3c0,7fae0de04dd792aaec115bd87fa4900b11c746275332ce142fb1f1edf0b209e3,dab8716e8cfe167e32a04d7a6e2f062c548cdb2f5bb8ef59f2915ae6af075aba
E7C086,5,PASI,screening,low,0.75,5,medium,moderate,1034,1206,295.2879912422286,0.2855783280872617,0.857379767827529,0.857379767827529,0,0,0,0.0,0,0,295.2879912422286,0,0,0,ok,completed,3.389703899999404,5835ae3525d94e6b2905e151656d3fc4f01a68a364a90e09c2d74fba6ffda3c0,7fae0de04dd792aaec115bd87fa4900b11c746275332ce142fb1f1edf0b209e3,dab8716e8cfe167e32a04d7a6e2f062c548cdb2f5bb8ef59f2915ae6af075aba
E7C086,6,MOI,screening,low,0.75,5,medium,moderate,1036,1206,284.1665172822767,0.27429200509872265,0.8590381426202321,0.8590381426202321,0,0,0,0.0,0,0,284.16651728227663,0,0,0,ok,completed,3.3706730000003517,f00beec923e5881e89555edc23bc5ed65e1ab571fcb71554186a85292825d71a,b686317ba1a6e585f4fafcf8623be963a470380fad24127d76e6ba6a18026cd4,08626fa00590ecc3e2258e17fd00237ef08616f0e832a1e842649b554dd7716c
E7C086,6,PASI,screening,low,0.75,5,medium,moderate,1036,1206,279.843528093181,0.27011923561117857,0.8590381426202321,0.8590381426202321,0,0,0,0.0,0,0,279.843528093181,0,0,0,ok,completed,3.5270276000001104,f00beec923e5881e89555edc23bc5ed65e1ab571fcb71554186a85292825d71a,b686317ba1a6e585f4fafcf8623be963a470380fad24127d76e6ba6a18026cd4,08626fa00590ecc3e2258e17fd00237ef08616f0e832a1e842649b554dd7716c
E7C086,7,MOI,screening,low,0.75,5,medium,moderate,1015,1206,243.91074895621915,0.24030615660711246,0.8416252072968491,0.8416252072968491,0,0,0,0.0,0,0,243.91074895621915,0,0,0,ok,completed,3.2286154999992505,699e16a61a72d6f6677c88dc92cd28e4eea46af6652088b2c45b39ce3fa488c6,9ec08ecc0cb27e9bf90bde3fee64591dc1a2f37d471945ce53e7984e871d118d,303a252e39d4768db0bab30fd5a918dc51dfda2919038204e8d7f84c9e544e3d
E7C086,7,PASI,screening,low,0.75,5,medium,moderate,1015,1206,240.28973580336293,0.23673865596390437,0.8416252072968491,0.8416252072968491,0,0,0,0.0,0,0,240.28973580336293,0,0,0,ok,completed,3.4439031000001705,699e16a61a72d6f6677c88dc92cd28e4eea46af6652088b2c45b39ce3fa488c6,9ec08ecc0cb27e9bf90bde3fee64591dc1a2f37d471945ce53e7984e871d118d,303a252e39d4768db0bab30fd5a918dc51dfda2919038204e8d7f84c9e544e3d
E7C086,8,MOI,screening,low,0.75,5,medium,moderate,1026,1206,307.30840759659463,0.2995208651038934,0.8507462686567164,0.8507462686567164,0,0,0,0.0,0,0,307.30840759659463,0,0,0,ok,completed,3.4998415999998542,9339345ab1e47990db2ed9dddddcaaafac158be442d6520f9b1ea59107378204,a74c70608042d200f55c80a63d4533bc2b4006310e1bcb6e243189d27ced1990,48230ff155077862036763c10c43a4e9c672bf90105b4f0c0201ade8e4862fef
E7C086,8,PASI,screening,low,0.75,5,medium,moderate,1026,1206,303.2312802142199,0.2955470567390058,0.8507462686567164,0.8507462686567164,0,0,0,0.0,0,0,303.2312802142199,0,0,0,ok,completed,3.2587094000000434,9339345ab1e47990db2ed9dddddcaaafac158be442d6520f9b1ea59107378204,a74c70608042d200f55c80a63d4533bc2b4006310e1bcb6e243189d27ced1990,48230ff155077862036763c10c43a4e9c672bf90105b4f0c0201ade8e4862fef
E7C086,9,MOI,screening,low,0.75,5,medium,moderate,1031,1206,337.77057854390955,0.3276145281706203,0.8548922056384743,0.8548922056384743,0,0,0,0.0,0,0,337.77057854390955,0,0,0,ok,completed,3.2995265999998082,c36553b74fabe50e893eada5c8015d30900e08b71a488c7ec88c4eec579e7327,eef667784ad4220f13e2bea32305373753967c565a0d07c5df8ffd696fe9ad56,f297855c4445cfb8871853d6c658844c00880cfec9b75ec3ccad86d97cfcd917
E7C086,9,PASI,screening,low,0.75,5,medium,moderate,1031,1206,334.0532561194167,0.3240089778073877,0.8548922056384743,0.8548922056384743,0,0,0,0.0,0,0,334.0532561194167,0,0,0,ok,completed,3.305426599999919,c36553b74fabe50e893eada5c8015d30900e08b71a488c7ec88c4eec579e7327,eef667784ad4220f13e2bea32305373753967c565a0d07c5df8ffd696fe9ad56,f297855c4445cfb8871853d6c658844c00880cfec9b75ec3ccad86d97cfcd917
E7C086,10,MOI,screening,low,0.75,5,medium,moderate,1044,1206,276.25294321237266,0.2646100988624259,0.8656716417910447,0.8656716417910447,0,0,0,0.0,0,0,276.25294321237266,0,0,0,ok,completed,3.2745881000000736,b1566d8773caa1272e7a3faaccae636bc93471ce160ad6a4772832b0f691333d,a7bbcf26013098e02fff4a279a492c8db368cc93c6dd20a5b06fe9ddb0e31d7c,888f35f968700c1af5d05ec217b36d7697993ec4782eccfe40582b97083e51d8
E7C086,10,PASI,screening,low,0.75,5,medium,moderate,1044,1206,271.70267866258075,0.26025160791434937,0.8656716417910447,0.8656716417910447,0,0,0,0.0,0,0,271.70267866258075,0,0,0,ok,completed,3.3656132000005528,b1566d8773caa1272e7a3faaccae636bc93471ce160ad6a4772832b0f691333d,a7bbcf26013098e02fff4a279a492c8db368cc93c6dd20a5b06fe9ddb0e31d7c,888f35f968700c1af5d05ec217b36d7697993ec4782eccfe40582b97083e51d8
E7C086,11,MOI,confirmation,low,0.75,5,medium,moderate,1064,1206,316.7888499862844,0.29773388156605674,0.8822553897180763,0.8822553897180763,0,0,0,0.0,0,0,316.7888499862844,0,0,0,ok,completed,3.5607245999999577,cc02af2e2bb6426cfeff528b491c45c127c32215f70a21d8da466768a8e46f2d,70be73f529444ad3e9e969621d5b61947f2e1dcf4d389103ab5d578b4bfd63b6,869e5a97eabad310971849f7f68ee7e78d6c9e1493d1daa668a9a0e384c788bb
E7C086,11,PASI,confirmation,low,0.75,5,medium,moderate,1064,1206,311.8101717131985,0.2930546726627805,0.8822553897180763,0.8822553897180763,0,0,0,0.0,0,0,311.8101717131985,0,0,0,ok,completed,3.569940000000315,cc02af2e2bb6426cfeff528b491c45c127c32215f70a21d8da466768a8e46f2d,70be73f529444ad3e9e969621d5b61947f2e1dcf4d389103ab5d578b4bfd63b6,869e5a97eabad310971849f7f68ee7e78d6c9e1493d1daa668a9a0e384c788bb
E7C086,12,MOI,confirmation,low,0.75,5,medium,moderate,1031,1206,317.42535187665175,0.30788103964757685,0.8548922056384743,0.8548922056384743,0,0,0,0.0,0,0,317.42535187665175,0,0,0,ok,completed,3.338048499999786,b3e616973691a20ad50148e357c83c2c13ee42300521e13a8a5171ae61e733fb,4e57bc746498f13ad87f14a5ce4ebd6d2b03342b00c3b58632248cfd44002853,0dbc6036b46401fb32a6bee1a4749cd6985b49227e2341d8bb053353c771a442
E7C086,12,PASI,confirmation,low,0.75,5,medium,moderate,1031,1206,313.83966235854564,0.3044031642662906,0.8548922056384743,0.8548922056384743,0,0,0,0.0,0,0,313.83966235854564,0,0,0,ok,completed,3.6040648999996847,b3e616973691a20ad50148e357c83c2c13ee42300521e13a8a5171ae61e733fb,4e57bc746498f13ad87f14a5ce4ebd6d2b03342b00c3b58632248cfd44002853,0dbc6036b46401fb32a6bee1a4749cd6985b49227e2341d8bb053353c771a442
E7C086,13,MOI,confirmation,low,0.75,5,medium,moderate,1034,1206,382.35924404512633,0.36978650294499643,0.857379767827529,0.857379767827529,0,0,0,0.0,0,0,382.35924404512633,0,0,0,ok,completed,3.3367285000003903,47ec31a3baa6774d0a5cab780bfcfbcc238172c20d5a3d7ebae8cc3c2db228b3,1e40a3fa03e09d0aed8b25221b8df7dbf8a88b42851471d9d01bea263c44b49a,28757c67f00de0d0b4ed40110191bddc87ccb4487287e5c81b192df48cbaf69a
E7C086,13,PASI,confirmation,low,0.75,5,medium,moderate,1034,1206,379.5922780853631,0.36711052039203396,0.857379767827529,0.857379767827529,0,0,0,0.0,0,0,379.5922780853631,0,0,0,ok,completed,3.545554799999991,47ec31a3baa6774d0a5cab780bfcfbcc238172c20d5a3d7ebae8cc3c2db228b3,1e40a3fa03e09d0aed8b25221b8df7dbf8a88b42851471d9d01bea263c44b49a,28757c67f00de0d0b4ed40110191bddc87ccb4487287e5c81b192df48cbaf69a
E7C086,14,MOI,confirmation,low,0.75,5,medium,moderate,1046,1206,291.4038300989371,0.27858874770452874,0.867330016583748,0.867330016583748,0,0,0,0.0,0,0,291.4038300989371,0,0,0,ok,completed,3.7025354999996125,273d06514a9b3f90b2aec29bb581b1e570ea0f213632d0a08780fd1cd8d47605,57f806371e1490058b570a21e5a742da44ea86bc3da592e7d2be3855236577f5,4cf808e9e1193b5d33d1bb3502c85771e75673c15e3f018108a4fa28aacf75b0
E7C086,14,PASI,confirmation,low,0.75,5,medium,moderate,1046,1206,288.0140987825864,0.2753480867902356,0.867330016583748,0.867330016583748,0,0,0,0.0,0,0,288.0140987825864,0,0,0,ok,completed,3.361590800000158,273d06514a9b3f90b2aec29bb581b1e570ea0f213632d0a08780fd1cd8d47605,57f806371e1490058b570a21e5a742da44ea86bc3da592e7d2be3855236577f5,4cf808e9e1193b5d33d1bb3502c85771e75673c15e3f018108a4fa28aacf75b0
E7C086,15,MOI,confirmation,low,0.75,5,medium,moderate,1024,1206,369.4054708473127,0.3607475301243288,0.8490878938640133,0.8490878938640133,0,0,0,0.0,0,0,369.4054708473127,0,0,0,ok,completed,3.2835800000002564,7466ff4027628ca2ff41d77c939c50a439e7ad6afef83404232a1f1b6b83e714,60a32269e4f7e3ebd239cb7f55f8e232659b1694ecafa3aad37f2e8f562789a8,7b83646a89c4a8d195928d35c92c5bd3f5de9842845d5b3bdd595f86fd8014fb
E7C086,15,PASI,confirmation,low,0.75,5,medium,moderate,1024,1206,365.2962821686514,0.3567346505553236,0.8490878938640133,0.8490878938640133,0,0,0,0.0,0,0,365.2962821686514,0,0,0,ok,completed,3.2817090999997163,7466ff4027628ca2ff41d77c939c50a439e7ad6afef83404232a1f1b6b83e714,60a32269e4f7e3ebd239cb7f55f8e232659b1694ecafa3aad37f2e8f562789a8,7b83646a89c4a8d195928d35c92c5bd3f5de9842845d5b3bdd595f86fd8014fb
E7C086,16,MOI,confirmation,low,0.75,5,medium,moderate,1035,1206,327.6304516895999,0.31655116105275355,0.8582089552238806,0.8582089552238806,0,0,0,0.0,0,0,327.6304516895999,0,0,0,ok,completed,3.269536199999493,43304cc7e0d9abf60ba8f993787707fd658b8d9226a32f226ec85a0588c8c75a,ce09802aba2238161954886e23a4fe50fe394fa50fbc9648b04aa033e15fcc2a,1753ea22caf80137c1513fc3ccc6d338d17967f35822a43e15ef4f1aba9b1eaf
E7C086,16,PASI,confirmation,low,0.75,5,medium,moderate,1035,1206,322.8019720925512,0.3118859633744456,0.8582089552238806,0.8582089552238806,0,0,0,0.0,0,0,322.8019720925512,0,0,0,ok,completed,3.3168894000000364,43304cc7e0d9abf60ba8f993787707fd658b8d9226a32f226ec85a0588c8c75a,ce09802aba2238161954886e23a4fe50fe394fa50fbc9648b04aa033e15fcc2a,1753ea22caf80137c1513fc3ccc6d338d17967f35822a43e15ef4f1aba9b1eaf
E7C086,17,MOI,confirmation,low,0.75,5,medium,moderate,1028,1206,321.9561731690126,0.3131869388803624,0.8524046434494196,0.8524046434494196,0,0,0,0.0,0,0,321.9561731690126,0,0,0,ok,completed,3.5713709000001472,cc950dae8832d24ee67e60ceec2eb914ea3056deec43041cd73b744f0e8fdee4,ec498ecb2a5429ffdd440bb0d9999fd0326d68555ef39de51d6d989553226f69,05a6875e933895bc516d5d55161030cd00a4a74a561d5ed05921a25123602bfe
E7C086,17,PASI,confirmation,low,0.75,5,medium,moderate,1028,1206,318.4841190182669,0.309809454297925,0.8524046434494196,0.8524046434494196,0,0,0,0.0,0,0,318.4841190182669,0,0,0,ok,completed,3.560029399999621,cc950dae8832d24ee67e60ceec2eb914ea3056deec43041cd73b744f0e8fdee4,ec498ecb2a5429ffdd440bb0d9999fd0326d68555ef39de51d6d989553226f69,05a6875e933895bc516d5d55161030cd00a4a74a561d5ed05921a25123602bfe
E7C086,18,MOI,confirmation,low,0.75,5,medium,moderate,1025,1206,307.9708054399921,0.30045932238048007,0.8499170812603648,0.8499170812603648,0,0,0,0.0,0,0,307.9708054399921,0,0,0,ok,completed,3.573313199999575,6e6a7ae8da19ba5adcd9ed136bb05212cb231f09145fa29737ebf024a541833e,4c58ab3b5af823de03638f71fc0a724a8610a5bcbeba34bb0fcbce3c2ab4fb77,4bcf0df6044bee9763f58df520fc6920fa881803cb246146ee06dd14d868be05
E7C086,18,PASI,confirmation,low,0.75,5,medium,moderate,1025,1206,304.6800009468509,0.29724878141156186,0.8499170812603648,0.8499170812603648,0,0,0,0.0,0,0,304.6800009468509,0,0,0,ok,completed,3.7469411000001855,6e6a7ae8da19ba5adcd9ed136bb05212cb231f09145fa29737ebf024a541833e,4c58ab3b5af823de03638f71fc0a724a8610a5bcbeba34bb0fcbce3c2ab4fb77,4bcf0df6044bee9763f58df520fc6920fa881803cb246146ee06dd14d868be05
E7C086,19,MOI,confirmation,low,0.75,5,medium,moderate,1046,1206,290.27044353583176,0.27750520414515467,0.867330016583748,0.867330016583748,0,0,0,0.0,0,0,290.27044353583176,0,0,0,ok,completed,3.548365399999966,121d75564540df99b1bf1825eb3befb0d5e691e9e33e4439d72c386f38578d93,3e85140d4ce6f3d602362ee07a1f1beb809dd4e57bab8b4b65a234fb40bb2ac1,9eecfa8f27bc67c106d0927f2faf5de81d8e865f602ef12d2599237675147236
E7C086,19,PASI,confirmation,low,0.75,5,medium,moderate,1046,1206,285.9307798974387,0.2733563861352186,0.867330016583748,0.867330016583748,0,0,0,0.0,0,0,285.9307798974387,0,0,0,ok,completed,3.7353603999999905,121d75564540df99b1bf1825eb3befb0d5e691e9e33e4439d72c386f38578d93,3e85140d4ce6f3d602362ee07a1f1beb809dd4e57bab8b4b65a234fb40bb2ac1,9eecfa8f27bc67c106d0927f2faf5de81d8e865f602ef12d2599237675147236
E7C086,20,MOI,confirmation,low,0.75,5,medium,moderate,1015,1206,297.10651360924487,0.29271577695492107,0.8416252072968491,0.8416252072968491,0,0,0,0.0,0,0,297.10651360924487,0,0,0,ok,completed,3.6939574999996694,44e9bf9715f8104601801893f9a1c597eda89e4b386ccf9d920150b3650134b0,7062d6a35a3383657d255f4b898e242fbc55eee0332168500d99975d970c2b4b,112631de860fa7036d6daaa7526d31836f61c65c61666d7d9ae63941c5d38f29
E7C086,20,PASI,confirmation,low,0.75,5,medium,moderate,1015,1206,293.22931051494646,0.28889587242851866,0.8416252072968491,0.8416252072968491,0,0,0,0.0,0,0,293.22931051494646,0,0,0,ok,completed,3.621277399999599,44e9bf9715f8104601801893f9a1c597eda89e4b386ccf9d920150b3650134b0,7062d6a35a3383657d255f4b898e242fbc55eee0332168500d99975d970c2b4b,112631de860fa7036d6daaa7526d31836f61c65c61666d7d9ae63941c5d38f29
E7C086,21,MOI,confirmation,low,0.75,5,medium,moderate,1050,1206,296.6994509521189,0.2825709056686847,0.8706467661691543,0.8706467661691543,0,0,0,0.0,0,0,296.6994509521189,0,0,0,ok,completed,3.690801000000647,b60ab45c6d489e9943a89477663586fad66d821d4a07e19e86bda8d14c332498,32649645198c8d441f244a846c5260180d25aa7b24b0fdc1b20fc0ab35368a77,8764ab7d67824999c6600368def0fc12a82e30480aa1495fd0bbbd90e0d3eb6a
E7C086,21,PASI,confirmation,low,0.75,5,medium,moderate,1050,1206,291.2477135316743,0.2773787747920708,0.8706467661691543,0.8706467661691543,0,0,0,0.0,0,0,291.2477135316743,0,0,0,ok,completed,3.487145899999632,b60ab45c6d489e9943a89477663586fad66d821d4a07e19e86bda8d14c332498,32649645198c8d441f244a846c5260180d25aa7b24b0fdc1b20fc0ab35368a77,8764ab7d67824999c6600368def0fc12a82e30480aa1495fd0bbbd90e0d3eb6a
E7C086,22,MOI,confirmation,low,0.75,5,medium,moderate,1042,1206,336.46693099537845,0.32290492417982575,0.8640132669983416,0.8640132669983416,0,0,0,0.0,0,0,336.46693099537845,0,0,0,ok,completed,3.4888815999993312,c21d457bccf8ebbb1edf37c70cab0c141a32faa85dda2956b24a2e7fcdc95d5f,19adc7e830432f319590b751e0c5cf30c9005d5d37b143ff487ecb4d37891c1c,11e35cb1200c08645e76b796748879097192cde52cb469d51d83875b76db2a1e
E7C086,22,PASI,confirmation,low,0.75,5,medium,moderate,1042,1206,333.420884768309,0.31998165524789735,0.8640132669983416,0.8640132669983416,0,0,0,0.0,0,0,333.420884768309,0,0,0,ok,completed,3.670299100000193,c21d457bccf8ebbb1edf37c70cab0c141a32faa85dda2956b24a2e7fcdc95d5f,19adc7e830432f319590b751e0c5cf30c9005d5d37b143ff487ecb4d37891c1c,11e35cb1200c08645e76b796748879097192cde52cb469d51d83875b76db2a1e
E7C086,23,MOI,confirmation,low,0.75,5,medium,moderate,1037,1206,353.12237602912523,0.3405230241360899,0.8598673300165838,0.8598673300165838,0,0,0,0.0,0,0,353.12237602912523,0,0,0,ok,completed,3.520628599999327,73f98dc9154235fb370c49350fe4b72011009a15991a5013e53c67609cb18dd8,2c1198b9e27797ebe2abb511a92adc5b3b8d93dbfcb88225d5a6cdd0a0da7f57,02d81742c2f90194acd35c10c889aefb64024afacc6d4e499f55a44819d69166
E7C086,23,PASI,confirmation,low,0.75,5,medium,moderate,1037,1206,348.9059132849545,0.336457004132068,0.8598673300165838,0.8598673300165838,0,0,0,0.0,0,0,348.9059132849545,0,0,0,ok,completed,3.5987355000006573,73f98dc9154235fb370c49350fe4b72011009a15991a5013e53c67609cb18dd8,2c1198b9e27797ebe2abb511a92adc5b3b8d93dbfcb88225d5a6cdd0a0da7f57,02d81742c2f90194acd35c10c889aefb64024afacc6d4e499f55a44819d69166
E7C086,24,MOI,confirmation,low,0.75,5,medium,moderate,1024,1206,305.7551454386945,0.2985890092174751,0.8490878938640133,0.8490878938640133,0,0,0,0.0,0,0,305.7551454386945,0,0,0,ok,completed,3.645563199999742,a90c8dcefc655057f71453148ecdcea8da3439a50fad9a60ef7c3ed8272e94e1,606319b584fd4a542d2fd2e93d1619b7f982aa2071df2e6c720838ea9c677fd9,26d66cab5c8c2a6ed23cd9cb6f8506997a42bad118aa138fea0c361f7d96cbae
E7C086,24,PASI,confirmation,low,0.75,5,medium,moderate,1024,1206,301.1370079016768,0.29407910927898123,0.8490878938640133,0.8490878938640133,0,0,0,0.0,0,0,301.1370079016768,0,0,0,ok,completed,3.5567423000002236,a90c8dcefc655057f71453148ecdcea8da3439a50fad9a60ef7c3ed8272e94e1,606319b584fd4a542d2fd2e93d1619b7f982aa2071df2e6c720838ea9c677fd9,26d66cab5c8c2a6ed23cd9cb6f8506997a42bad118aa138fea0c361f7d96cbae
E7C086,25,MOI,confirmation,low,0.75,5,medium,moderate,1040,1206,309.96599430947606,0.29804422529757313,0.8623548922056384,0.8623548922056384,0,0,0,0.0,0,0,309.96599430947606,0,0,0,ok,completed,3.554177300000447,bf8b7daca21dafe1c497b72283ab950a482946d472b706716925602f66a05909,577987112a23a473befeeefa6c892419e08477534e5590d21c4fcdebbe9015ee,297a63c3df1c4654eb81df64908d4fdae74cc3a2ace34db5f1c3665b45b02d4f
E7C086,25,PASI,confirmation,low,0.75,5,medium,moderate,1040,1206,306.16035969260236,0.2943849612428869,0.8623548922056384,0.8623548922056384,0,0,0,0.0,0,0,306.16035969260236,0,0,0,ok,completed,3.768756000000394,bf8b7daca21dafe1c497b72283ab950a482946d472b706716925602f66a05909,577987112a23a473befeeefa6c892419e08477534e5590d21c4fcdebbe9015ee,297a63c3df1c4654eb81df64908d4fdae74cc3a2ace34db5f1c3665b45b02d4f
E7C086,26,MOI,confirmation,low,0.75,5,medium,moderate,1040,1206,296.40360261848116,0.2850034640562319,0.8623548922056384,0.8623548922056384,0,0,0,0.0,0,0,296.40360261848116,0,0,0,ok,completed,3.599786800000402,41b656922ce4add5d4e094be04f2f42e15d1e5ef64e885aeaab069297b3e910c,bc9cd2c1cf670dae78429c4534047ac65abbe5e34a77f319938e49af47c83860,0ace35696f4d9fba778e3533851bb8188822269771238c9119a8edeaa365785a
E7C086,26,PASI,confirmation,low,0.75,5,medium,moderate,1040,1206,289.87283923505584,0.27872388387986136,0.8623548922056384,0.8623548922056384,0,0,0,0.0,0,0,289.87283923505584,0,0,0,ok,completed,3.5403745000003255,41b656922ce4add5d4e094be04f2f42e15d1e5ef64e885aeaab069297b3e910c,bc9cd2c1cf670dae78429c4534047ac65abbe5e34a77f319938e49af47c83860,0ace35696f4d9fba778e3533851bb8188822269771238c9119a8edeaa365785a
E7C086,27,MOI,confirmation,low,0.75,5,medium,moderate,1026,1206,283.5593426469318,0.2763736283108497,0.8507462686567164,0.8507462686567164,0,0,0,0.0,0,0,283.5593426469318,0,0,0,ok,completed,3.732654499999626,e03e2525f95341679d2d3a9424c18d2f6d2ddacad5f973e79201cc90553f94ad,24fedab87bcf7d215ad3c4e7a912c7a83279a529763879038903bfbf9da80086,cfd1814ec4eaf30f25630e52357fcc38ff32c4ffbab18592e7d1c0115503f72c
E7C086,27,PASI,confirmation,low,0.75,5,medium,moderate,1026,1206,280.0494090990464,0.27295264044741363,0.8507462686567164,0.8507462686567164,0,0,0,0.0,0,0,280.0494090990464,0,0,0,ok,completed,3.6333056000003126,e03e2525f95341679d2d3a9424c18d2f6d2ddacad5f973e79201cc90553f94ad,24fedab87bcf7d215ad3c4e7a912c7a83279a529763879038903bfbf9da80086,cfd1814ec4eaf30f25630e52357fcc38ff32c4ffbab18592e7d1c0115503f72c
E7C086,28,MOI,confirmation,low,0.75,5,medium,moderate,1035,1206,342.1295972812813,0.3305599973732186,0.8582089552238806,0.8582089552238806,0,0,0,0.0,0,0,342.1295972812813,0,0,0,ok,completed,3.640856299999541,abcdd30ec670d2dddcbebf9d99632739ef2ebc9746ee3cedc55df329fb6bf5ea,12656551af33da12c4adc025a548e50aded7efe438a3a9ab748def50aa6c99f6,b7ce1bdbe5b2971bb00cf3e008172ce55b0dc773ff31896d8f4b778ed7eb6d59
E7C086,28,PASI,confirmation,low,0.75,5,medium,moderate,1035,1206,337.87478910354076,0.32644907159762393,0.8582089552238806,0.8582089552238806,0,0,0,0.0,0,0,337.87478910354076,0,0,0,ok,completed,3.585251000000426,abcdd30ec670d2dddcbebf9d99632739ef2ebc9746ee3cedc55df329fb6bf5ea,12656551af33da12c4adc025a548e50aded7efe438a3a9ab748def50aa6c99f6,b7ce1bdbe5b2971bb00cf3e008172ce55b0dc773ff31896d8f4b778ed7eb6d59
E7C086,29,MOI,confirmation,low,0.75,5,medium,moderate,1044,1206,266.4982779226491,0.2552665497343382,0.8656716417910447,0.8656716417910447,0,0,0,0.0,0,0,266.4982779226491,0,0,0,ok,completed,3.4999657000007574,d6297154d4f4dfc5a6e9c969d522b1b433224d0236a5cfca513c1ee1d6f42992,587d3052e7b74b0a7817b25ae1b72ce70e39f7fb5d4b3c662063982b68337abf,35de6989346f753a3ff03404d408f714532cb0acfaf2cca4d32ad74765ec6dc4
E7C086,29,PASI,confirmation,low,0.75,5,medium,moderate,1044,1206,263.0478163926068,0.25196150995460426,0.8656716417910447,0.8656716417910447,0,0,0,0.0,0,0,263.0478163926068,0,0,0,ok,completed,3.4655965000001743,d6297154d4f4dfc5a6e9c969d522b1b433224d0236a5cfca513c1ee1d6f42992,587d3052e7b74b0a7817b25ae1b72ce70e39f7fb5d4b3c662063982b68337abf,35de6989346f753a3ff03404d408f714532cb0acfaf2cca4d32ad74765ec6dc4
E7C086,30,MOI,confirmation,low,0.75,5,medium,moderate,1036,1206,290.94955145995436,0.2808393353860563,0.8590381426202321,0.8590381426202321,0,0,0,0.0,0,0,290.94955145995436,0,0,0,ok,completed,3.543219500000305,6f667d22b6261f74d1218b0318e977015577d0977031c792b02dffefd87b0ec3,719e6355dcdd7be9da14680ff1a91a17a8389d40ce82f185d4b23fa2e146a85a,f6ea577f8e4d4a4980e4cbfd3828d44c4739b518563d87db3c8d309ef03be2f1
E7C086,30,PASI,confirmation,low,0.75,5,medium,moderate,1036,1206,287.15160833185064,0.27717336711568596,0.8590381426202321,0.8590381426202321,0,0,0,0.0,0,0,287.15160833185064,0,0,0,ok,completed,3.423482299999705,6f667d22b6261f74d1218b0318e977015577d0977031c792b02dffefd87b0ec3,719e6355dcdd7be9da14680ff1a91a17a8389d40ce82f185d4b23fa2e146a85a,f6ea577f8e4d4a4980e4cbfd3828d44c4739b518563d87db3c8d309ef03be2f1
E7C089,1,MOI,screening,medium,0.1,5,medium,strict,1623,2464,556.6325968749422,0.3429652476124105,0.658685064935065,0.658685064935065,0,0,0,0.0,0,0,556.6325968749422,0,0,0,ok,completed,5.909761499991873,85ffcbc7aa05dd74f46233993024f6329d830fa78acc4d396d9be8f6a04b357c,ec22371983a259c14f4c8d91c29d100c194db3be0b439c722923a20d80c394ef,cddd5ea4c542ee6a8fbbb322c640f171a897c2654992d39fa9189de70fef32b1
E7C089,1,PASI,screening,medium,0.1,5,medium,strict,1623,2464,555.1372870887874,0.34204392303683756,0.658685064935065,0.658685064935065,0,0,0,0.0,0,0,555.1372870887874,0,0,0,ok,completed,6.004128000000492,85ffcbc7aa05dd74f46233993024f6329d830fa78acc4d396d9be8f6a04b357c,ec22371983a259c14f4c8d91c29d100c194db3be0b439c722923a20d80c394ef,cddd5ea4c542ee6a8fbbb322c640f171a897c2654992d39fa9189de70fef32b1
E7C089,2,MOI,screening,medium,0.1,5,medium,strict,1672,2464,453.4773028030454,0.2712184825377066,0.6785714285714286,0.6785714285714286,0,0,0,0.0,0,0,453.4773028030454,0,0,0,ok,completed,3.6034645999998247,df0244e9ea919f41a24d33c303f0c9b691f81eb081b6c5c3c3bb0daef57ba065,a39b0811c2f464ab764e8dbd8e8b9487ee6f06182940d447e7a4597636aac541,a6798d710665a9628ab3c7df568f19c16490d2068f00d81798b08c342c73da16
E7C089,2,PASI,screening,medium,0.1,5,medium,strict,1672,2464,452.01267833956354,0.2703425109686385,0.6785714285714286,0.6785714285714286,0,0,0,0.0,0,0,452.01267833956354,0,0,0,ok,completed,3.574142800000118,df0244e9ea919f41a24d33c303f0c9b691f81eb081b6c5c3c3bb0daef57ba065,a39b0811c2f464ab764e8dbd8e8b9487ee6f06182940d447e7a4597636aac541,a6798d710665a9628ab3c7df568f19c16490d2068f00d81798b08c342c73da16
E7C089,3,MOI,screening,medium,0.1,5,medium,strict,1643,2464,577.4060229728584,0.35143397624641415,0.666801948051948,0.666801948051948,0,0,0,0.0,0,0,577.4060229728584,0,0,0,ok,completed,3.533692400000291,fdf083b32927818f7ba2c8aa53ababe13d99eb06cec7b3e807b114d639c8012c,196eb5c9c5c3188bcc0d9b17c0f052bcdd132d6719f36eda010856852aba6a7c,45e1bea761ef863c5b57def6acf6c0dfac1cf3139e045028abfe694ba88feef0
E7C089,3,PASI,screening,medium,0.1,5,medium,strict,1643,2464,576.4729279159006,0.35086605472665894,0.666801948051948,0.666801948051948,0,0,0,0.0,0,0,576.4729279159006,0,0,0,ok,completed,3.5504893999996057,fdf083b32927818f7ba2c8aa53ababe13d99eb06cec7b3e807b114d639c8012c,196eb5c9c5c3188bcc0d9b17c0f052bcdd132d6719f36eda010856852aba6a7c,45e1bea761ef863c5b57def6acf6c0dfac1cf3139e045028abfe694ba88feef0
E7C089,4,MOI,screening,medium,0.1,5,medium,strict,1691,2464,554.1818670692559,0.32772434480736595,0.6862824675324676,0.6862824675324676,0,0,0,0.0,0,0,554.1818670692559,0,0,0,ok,completed,3.4665764999999737,a09c811a97a72168477996bea5cae221e3be21b35d8313e224ec6b2d2e563dd8,09efb71e6d62b006f3ec3fe63739503350485a325c5979c3eb9dd05401ca11eb,aee37d1389c124da1ceab3553f304eaffac0bf0e79ba1fb66962ab12b6ec4bbf
E7C089,4,PASI,screening,medium,0.1,5,medium,strict,1691,2464,552.8343126431287,0.32692744686169645,0.6862824675324676,0.6862824675324676,0,0,0,0.0,0,0,552.8343126431287,0,0,0,ok,completed,3.4258630000003905,a09c811a97a72168477996bea5cae221e3be21b35d8313e224ec6b2d2e563dd8,09efb71e6d62b006f3ec3fe63739503350485a325c5979c3eb9dd05401ca11eb,aee37d1389c124da1ceab3553f304eaffac0bf0e79ba1fb66962ab12b6ec4bbf
E7C089,5,MOI,screening,medium,0.1,5,medium,strict,1642,2464,476.5852711736393,0.29024681557468895,0.6663961038961039,0.6663961038961039,0,0,0,0.0,0,0,476.5852711736393,0,0,0,ok,completed,3.40096369999992,3f9d2d2d43882f17652140e431466432f24708128d4f6afea54f0dc89d31b4f9,7fae0de04dd792aaec115bd87fa4900b11c746275332ce142fb1f1edf0b209e3,78afd6c6017c904daea9c933a2db89d8f9781d19796e08e21f5eec8727ffb5a2
E7C089,5,PASI,screening,medium,0.1,5,medium,strict,1642,2464,474.6098087401099,0.2890437324848416,0.6663961038961039,0.6663961038961039,0,0,0,0.0,0,0,474.6098087401099,0,0,0,ok,completed,3.5190561999997954,3f9d2d2d43882f17652140e431466432f24708128d4f6afea54f0dc89d31b4f9,7fae0de04dd792aaec115bd87fa4900b11c746275332ce142fb1f1edf0b209e3,78afd6c6017c904daea9c933a2db89d8f9781d19796e08e21f5eec8727ffb5a2
E7C089,6,MOI,screening,medium,0.1,5,medium,strict,1621,2464,443.43522678980025,0.27355658654521914,0.6578733766233766,0.6578733766233766,0,0,0,0.0,0,0,443.43522678980025,0,0,0,ok,completed,3.658633000000009,946035e9be2addf721a815cd2b9a051dff9265f5deb6140d693eee9a431839fc,b686317ba1a6e585f4fafcf8623be963a470380fad24127d76e6ba6a18026cd4,7ae1e510029facf8742ff4f7c43c23e8d54f1d021ed630d1bab1e55a64c542bf
E7C089,6,PASI,screening,medium,0.1,5,medium,strict,1621,2464,441.7397774264258,0.2725106584987204,0.6578733766233766,0.6578733766233766,0,0,0,0.0,0,0,441.7397774264258,0,0,0,ok,completed,3.451975599999969,946035e9be2addf721a815cd2b9a051dff9265f5deb6140d693eee9a431839fc,b686317ba1a6e585f4fafcf8623be963a470380fad24127d76e6ba6a18026cd4,7ae1e510029facf8742ff4f7c43c23e8d54f1d021ed630d1bab1e55a64c542bf
E7C089,7,MOI,screening,medium,0.1,5,medium,strict,1630,2464,409.18045508057673,0.25103095403716363,0.661525974025974,0.661525974025974,0,0,0,0.0,0,0,409.18045508057673,0,0,0,ok,completed,3.45948159999989,66a1dabb1c578246ff41f5507e00f5385f498dfe0996ab8076b5045cf229b8a4,9ec08ecc0cb27e9bf90bde3fee64591dc1a2f37d471945ce53e7984e871d118d,e570b1ad9ae6981da67e12e530463e678e93154e056c2b200501a558f98cf7c0
E7C089,7,PASI,screening,medium,0.1,5,medium,strict,1630,2464,407.7747727033716,0.2501685722106574,0.661525974025974,0.661525974025974,0,0,0,0.0,0,0,407.7747727033716,0,0,0,ok,completed,3.5411794999999984,66a1dabb1c578246ff41f5507e00f5385f498dfe0996ab8076b5045cf229b8a4,9ec08ecc0cb27e9bf90bde3fee64591dc1a2f37d471945ce53e7984e871d118d,e570b1ad9ae6981da67e12e530463e678e93154e056c2b200501a558f98cf7c0
E7C089,8,MOI,screening,medium,0.1,5,medium,strict,1703,2464,512.6006554457133,0.3009986232799256,0.6911525974025974,0.6911525974025974,0,0,0,0.0,0,0,512.6006554457133,0,0,0,ok,completed,3.3218782000003557,3ef71d6b5b3de753cdb418012bc0d13fe5bea52bc8e2465fee6ca58713ce5b1a,a74c70608042d200f55c80a63d4533bc2b4006310e1bcb6e243189d27ced1990,64533ddb5768018c7a47875213038032989822bad90e6f2dad2e1be6c7edb175
E7C089,8,PASI,screening,medium,0.1,5,medium,strict,1703,2464,510.989300823069,0.30005243735940634,0.6911525974025974,0.6911525974025974,0,0,0,0.0,0,0,510.989300823069,0,0,0,ok,completed,3.5959616000000096,3ef71d6b5b3de753cdb418012bc0d13fe5bea52bc8e2465fee6ca58713ce5b1a,a74c70608042d200f55c80a63d4533bc2b4006310e1bcb6e243189d27ced1990,64533ddb5768018c7a47875213038032989822bad90e6f2dad2e1be6c7edb175
E7C089,9,MOI,screening,medium,0.1,5,medium,strict,1654,2464,552.253823507336,0.33388985701773644,0.6712662337662337,0.6712662337662337,0,0,0,0.0,0,0,552.253823507336,0,0,0,ok,completed,3.5558468999997785,f4292d060ea4095cd4a251074581960f5216aa080dd253380130be1fa49e5845,eef667784ad4220f13e2bea32305373753967c565a0d07c5df8ffd696fe9ad56,bc7e67851dbd625a9278bee3e930ea7a03e20041e14dc5cf6efeb1c30a0d2fa1
E7C089,9,PASI,screening,medium,0.1,5,medium,strict,1654,2464,550.7302162858639,0.33296869182942196,0.6712662337662337,0.6712662337662337,0,0,0,0.0,0,0,550.7302162858639,0,0,0,ok,completed,3.4371509000002334,f4292d060ea4095cd4a251074581960f5216aa080dd253380130be1fa49e5845,eef667784ad4220f13e2bea32305373753967c565a0d07c5df8ffd696fe9ad56,bc7e67851dbd625a9278bee3e930ea7a03e20041e14dc5cf6efeb1c30a0d2fa1
E7C089,10,MOI,screening,medium,0.1,5,medium,strict,1647,2464,443.0030776363783,0.2689757605563924,0.6684253246753247,0.6684253246753247,0,0,0,0.0,0,0,443.0030776363783,0,0,0,ok,completed,3.411007200000313,39fb39cff2f581164b297c9583e6c363cfa52d5de3808a2d23774f98ce3ee5a8,a7bbcf26013098e02fff4a279a492c8db368cc93c6dd20a5b06fe9ddb0e31d7c,7fb2816a552b44acb2a2901d19038a39347f1325c6068e3c914c59b9d3aa23ee
E7C089,10,PASI,screening,medium,0.1,5,medium,strict,1647,2464,441.3573424851262,0.2679765285277026,0.6684253246753247,0.6684253246753247,0,0,0,0.0,0,0,441.3573424851262,0,0,0,ok,completed,3.4267971999997826,39fb39cff2f581164b297c9583e6c363cfa52d5de3808a2d23774f98ce3ee5a8,a7bbcf26013098e02fff4a279a492c8db368cc93c6dd20a5b06fe9ddb0e31d7c,7fb2816a552b44acb2a2901d19038a39347f1325c6068e3c914c59b9d3aa23ee
E7C090,1,MOI,screening,low,0.0,5,medium,loose,1123,1206,379.21867101347414,0.33768358950442934,0.9311774461028193,0.9311774461028193,0,0,0,0.0,0,0,379.21867101347414,0,0,0,ok,completed,5.845256199987489,a6853d1f6a46472be7c9ef37ac0c534128e38eeee9a4af6dc1215c753dd73e8b,ec22371983a259c14f4c8d91c29d100c194db3be0b439c722923a20d80c394ef,e03555286c10fc3c4861b74496e15a51f71f0a834de45202ef5b0070351b0cd8
E7C090,1,PASI,screening,low,0.0,5,medium,loose,1123,1206,379.21867101347414,0.33768358950442934,0.9311774461028193,0.9311774461028193,0,0,0,0.0,0,0,379.21867101347414,0,0,0,ok,completed,5.833272699994268,a6853d1f6a46472be7c9ef37ac0c534128e38eeee9a4af6dc1215c753dd73e8b,ec22371983a259c14f4c8d91c29d100c194db3be0b439c722923a20d80c394ef,e03555286c10fc3c4861b74496e15a51f71f0a834de45202ef5b0070351b0cd8
E7C090,2,MOI,screening,low,0.0,5,medium,loose,1136,1206,300.76887284072507,0.26476133172599037,0.9419568822553898,0.9419568822553898,0,0,0,0.0,0,0,300.76887284072507,0,0,0,ok,completed,3.3025941999994757,e7afb3295713137c70e759ced4d1be1c529b43d61136a24b4a4f1ea81f67b788,a39b0811c2f464ab764e8dbd8e8b9487ee6f06182940d447e7a4597636aac541,e58cf2abe52b39669735e466dfa9ee15e476142e472abc8e451a087690373fae
E7C090,2,PASI,screening,low,0.0,5,medium,loose,1136,1206,300.76887284072507,0.26476133172599037,0.9419568822553898,0.9419568822553898,0,0,0,0.0,0,0,300.76887284072507,0,0,0,ok,completed,3.4350218999998106,e7afb3295713137c70e759ced4d1be1c529b43d61136a24b4a4f1ea81f67b788,a39b0811c2f464ab764e8dbd8e8b9487ee6f06182940d447e7a4597636aac541,e58cf2abe52b39669735e466dfa9ee15e476142e472abc8e451a087690373fae
E7C090,3,MOI,screening,low,0.0,5,medium,loose,1120,1206,379.99727253544904,0.33928327904950806,0.9286898839137645,0.9286898839137645,0,0,0,0.0,0,0,379.99727253544904,0,0,0,ok,completed,3.6088016000003336,6e6ffca284f94f477304cb0337f85cbd41dc716c490254a0fa9f3b509c77d831,196eb5c9c5c3188bcc0d9b17c0f052bcdd132d6719f36eda010856852aba6a7c,69c233605b0a8005dfcc475c2893ae8ba8c225fa492e42bbe2df385d54f45a46
E7C090,3,PASI,screening,low,0.0,5,medium,loose,1120,1206,379.99727253544904,0.33928327904950806,0.9286898839137645,0.9286898839137645,0,0,0,0.0,0,0,379.99727253544904,0,0,0,ok,completed,3.5192524000003687,6e6ffca284f94f477304cb0337f85cbd41dc716c490254a0fa9f3b509c77d831,196eb5c9c5c3188bcc0d9b17c0f052bcdd132d6719f36eda010856852aba6a7c,69c233605b0a8005dfcc475c2893ae8ba8c225fa492e42bbe2df385d54f45a46
E7C090,4,MOI,screening,low,0.0,5,medium,loose,1123,1206,352.4234336354599,0.31382318222213706,0.9311774461028193,0.9311774461028193,0,0,0,0.0,0,0,352.4234336354599,0,0,0,ok,completed,3.3816571999996086,b479d924483e1b20a309785a611e582afabec5a7decd37ecdaac82a22d643fb3,09efb71e6d62b006f3ec3fe63739503350485a325c5979c3eb9dd05401ca11eb,1e0fb6992cabe1575b1db745b5a82201cd919cd39899a8359986143546d85f5b
E7C090,4,PASI,screening,low,0.0,5,medium,loose,1123,1206,352.4234336354599,0.31382318222213706,0.9311774461028193,0.9311774461028193,0,0,0,0.0,0,0,352.4234336354599,0,0,0,ok,completed,3.5386765000002924,b479d924483e1b20a309785a611e582afabec5a7decd37ecdaac82a22d643fb3,09efb71e6d62b006f3ec3fe63739503350485a325c5979c3eb9dd05401ca11eb,1e0fb6992cabe1575b1db745b5a82201cd919cd39899a8359986143546d85f5b
E7C090,5,MOI,screening,low,0.0,5,medium,loose,1128,1206,323.916167073133,0.2871597225825647,0.9353233830845771,0.9353233830845771,0,0,0,0.0,0,0,323.916167073133,0,0,0,ok,completed,3.3115647000004174,5835ae3525d94e6b2905e151656d3fc4f01a68a364a90e09c2d74fba6ffda3c0,7fae0de04dd792aaec115bd87fa4900b11c746275332ce142fb1f1edf0b209e3,78a0333ced41286407cd0c6609dd234ee3dd7a7d27c1b1fd92f9601792e72315
E7C090,5,PASI,screening,low,0.0,5,medium,loose,1128,1206,323.916167073133,0.2871597225825647,0.9353233830845771,0.9353233830845771,0,0,0,0.0,0,0,323.916167073133,0,0,0,ok,completed,3.402828199999931,5835ae3525d94e6b2905e151656d3fc4f01a68a364a90e09c2d74fba6ffda3c0,7fae0de04dd792aaec115bd87fa4900b11c746275332ce142fb1f1edf0b209e3,78a0333ced41286407cd0c6609dd234ee3dd7a7d27c1b1fd92f9601792e72315
E7C090,6,MOI,screening,low,0.0,5,medium,loose,1131,1206,310.40572705577404,0.2744524553985624,0.9378109452736318,0.9378109452736318,0,0,0,0.0,0,0,310.40572705577404,0,0,0,ok,completed,3.550790799999959,f00beec923e5881e89555edc23bc5ed65e1ab571fcb71554186a85292825d71a,b686317ba1a6e585f4fafcf8623be963a470380fad24127d76e6ba6a18026cd4,5f6ddda39bf1657f47c5ed7ec922f9445306672e61a4412818a5862c8698e1d0
E7C090,6,PASI,screening,low,0.0,5,medium,loose,1131,1206,310.40572705577404,0.2744524553985624,0.9378109452736318,0.9378109452736318,0,0,0,0.0,0,0,310.40572705577404,0,0,0,ok,completed,3.288129900000058,f00beec923e5881e89555edc23bc5ed65e1ab571fcb71554186a85292825d71a,b686317ba1a6e585f4fafcf8623be963a470380fad24127d76e6ba6a18026cd4,5f6ddda39bf1657f47c5ed7ec922f9445306672e61a4412818a5862c8698e1d0
E7C090,7,MOI,screening,low,0.0,5,medium,loose,1109,1206,267.5584752062967,0.2412610236305651,0.9195688225538972,0.9195688225538972,0,0,0,0.0,0,0,267.5584752062967,0,0,0,ok,completed,3.285273899999993,699e16a61a72d6f6677c88dc92cd28e4eea46af6652088b2c45b39ce3fa488c6,9ec08ecc0cb27e9bf90bde3fee64591dc1a2f37d471945ce53e7984e871d118d,ebacbec7e77151973bf4d9dabc6e4876386e253840d0361825b6945a4db06576
E7C090,7,PASI,screening,low,0.0,5,medium,loose,1109,1206,267.5584752062967,0.2412610236305651,0.9195688225538972,0.9195688225538972,0,0,0,0.0,0,0,267.5584752062967,0,0,0,ok,completed,3.3535013000000617,699e16a61a72d6f6677c88dc92cd28e4eea46af6652088b2c45b39ce3fa488c6,9ec08ecc0cb27e9bf90bde3fee64591dc1a2f37d471945ce53e7984e871d118d,ebacbec7e77151973bf4d9dabc6e4876386e253840d0361825b6945a4db06576
E7C090,8,MOI,screening,low,0.0,5,medium,loose,1112,1206,334.45736303744286,0.30077100992575795,0.9220563847429519,0.9220563847429519,0,0,0,0.0,0,0,334.45736303744286,0,0,0,ok,completed,3.377323100000467,9339345ab1e47990db2ed9dddddcaaafac158be442d6520f9b1ea59107378204,a74c70608042d200f55c80a63d4533bc2b4006310e1bcb6e243189d27ced1990,c2ed698c38a98dfaf21c2ab2fedd92b0361dd3013b6b40f0962e7faf4e28f33a
E7C090,8,PASI,screening,low,0.0,5,medium,loose,1112,1206,334.45736303744286,0.30077100992575795,0.9220563847429519,0.9220563847429519,0,0,0,0.0,0,0,334.45736303744286,0,0,0,ok,completed,3.3072941999998875,9339345ab1e47990db2ed9dddddcaaafac158be442d6520f9b1ea59107378204,a74c70608042d200f55c80a63d4533bc2b4006310e1bcb6e243189d27ced1990,c2ed698c38a98dfaf21c2ab2fedd92b0361dd3013b6b40f0962e7faf4e28f33a
E7C090,9,MOI,screening,low,0.0,5,medium,loose,1131,1206,371.0315136735137,0.32805615709417657,0.9378109452736318,0.9378109452736318,0,0,0,0.0,0,0,371.0315136735137,0,0,0,ok,completed,3.5589376999996603,c36553b74fabe50e893eada5c8015d30900e08b71a488c7ec88c4eec579e7327,eef667784ad4220f13e2bea32305373753967c565a0d07c5df8ffd696fe9ad56,40a889f2b9b523fbd81a98b731faefba65020042fbc4580db4ced35f15cfd00d
E7C090,9,PASI,screening,low,0.0,5,medium,loose,1131,1206,371.0315136735137,0.32805615709417657,0.9378109452736318,0.9378109452736318,0,0,0,0.0,0,0,371.0315136735137,0,0,0,ok,completed,3.361808999999994,c36553b74fabe50e893eada5c8015d30900e08b71a488c7ec88c4eec579e7327,eef667784ad4220f13e2bea32305373753967c565a0d07c5df8ffd696fe9ad56,40a889f2b9b523fbd81a98b731faefba65020042fbc4580db4ced35f15cfd00d
E7C090,10,MOI,screening,low,0.0,5,medium,loose,1128,1206,300.5943757820246,0.2664843756932842,0.9353233830845771,0.9353233830845771,0,0,0,0.0,0,0,300.5943757820246,0,0,0,ok,completed,3.527177899999515,b1566d8773caa1272e7a3faaccae636bc93471ce160ad6a4772832b0f691333d,a7bbcf26013098e02fff4a279a492c8db368cc93c6dd20a5b06fe9ddb0e31d7c,40306d15a14ac9a907a76707e0be45c2d6f98040c1154cd0614e5a62025a3360
E7C090,10,PASI,screening,low,0.0,5,medium,loose,1128,1206,300.5943757820246,0.2664843756932842,0.9353233830845771,0.9353233830845771,0,0,0,0.0,0,0,300.5943757820246,0,0,0,ok,completed,3.8635269999995216,b1566d8773caa1272e7a3faaccae636bc93471ce160ad6a4772832b0f691333d,a7bbcf26013098e02fff4a279a492c8db368cc93c6dd20a5b06fe9ddb0e31d7c,40306d15a14ac9a907a76707e0be45c2d6f98040c1154cd0614e5a62025a3360
E7C091,1,MOI,screening,medium,0.0,1,low,strict,1623,2464,554.1645574696395,0.3414445825444482,0.658685064935065,0.658685064935065,0,0,0,0.0,0,0,554.1645574696395,0,0,0,ok,completed,5.948673899998539,85ffcbc7aa05dd74f46233993024f6329d830fa78acc4d396d9be8f6a04b357c,11cef9cb8cbbe9fbae7880ebb50922c001b7b73d11314e6bdd4a7fc541a92f20,854320fac1d2e9041ffbe475dd9c2a40d15c6c7043f9e54bcbbbbf1b7d7fabd1
E7C091,1,PASI,screening,medium,0.0,1,low,strict,1623,2464,554.1645574696395,0.3414445825444482,0.658685064935065,0.658685064935065,0,0,0,0.0,0,0,554.1645574696395,0,0,0,ok,completed,5.987640899998951,85ffcbc7aa05dd74f46233993024f6329d830fa78acc4d396d9be8f6a04b357c,11cef9cb8cbbe9fbae7880ebb50922c001b7b73d11314e6bdd4a7fc541a92f20,854320fac1d2e9041ffbe475dd9c2a40d15c6c7043f9e54bcbbbbf1b7d7fabd1
E7C091,2,MOI,screening,medium,0.0,1,low,strict,1672,2464,489.90208721773195,0.2930036406804617,0.6785714285714286,0.6785714285714286,0,0,0,0.0,0,0,489.90208721773195,0,0,0,ok,completed,3.6726025999996637,df0244e9ea919f41a24d33c303f0c9b691f81eb081b6c5c3c3bb0daef57ba065,492d4cad035985c18923cfde4bc4232fa03b6a93196cdf24efda7f57b3d85ad6,bef6b8fd6c8755fa60a8a9f7c19dd22b4e6e84015465e05a1444a97522835d86
E7C091,2,PASI,screening,medium,0.0,1,low,strict,1672,2464,489.90208721773195,0.2930036406804617,0.6785714285714286,0.6785714285714286,0,0,0,0.0,0,0,489.90208721773195,0,0,0,ok,completed,3.9890393000005133,df0244e9ea919f41a24d33c303f0c9b691f81eb081b6c5c3c3bb0daef57ba065,492d4cad035985c18923cfde4bc4232fa03b6a93196cdf24efda7f57b3d85ad6,bef6b8fd6c8755fa60a8a9f7c19dd22b4e6e84015465e05a1444a97522835d86
E7C091,3,MOI,screening,medium,0.0,1,low,strict,1643,2464,594.0227525163189,0.36154762782490496,0.666801948051948,0.666801948051948,0,0,0,0.0,0,0,594.0227525163189,0,0,0,ok,completed,3.7435715000001437,fdf083b32927818f7ba2c8aa53ababe13d99eb06cec7b3e807b114d639c8012c,e1e48c4a0d095eaddd1c487f357c5a5231c41cf97c05d582ee656f2824b389b9,cc2e8036c555affa17de365bb993129058c787bc22b9611eaedf5301499a940d
E7C091,3,PASI,screening,medium,0.0,1,low,strict,1643,2464,594.0227525163189,0.36154762782490496,0.666801948051948,0.666801948051948,0,0,0,0.0,0,0,594.0227525163189,0,0,0,ok,completed,3.657131899999513,fdf083b32927818f7ba2c8aa53ababe13d99eb06cec7b3e807b114d639c8012c,e1e48c4a0d095eaddd1c487f357c5a5231c41cf97c05d582ee656f2824b389b9,cc2e8036c555affa17de365bb993129058c787bc22b9611eaedf5301499a940d
E7C091,4,MOI,screening,medium,0.0,1,low,strict,1691,2464,550.7128262407166,0.3256728718159176,0.6862824675324676,0.6862824675324676,0,0,0,0.0,0,0,550.7128262407166,0,0,0,ok,completed,3.7685452999994595,a09c811a97a72168477996bea5cae221e3be21b35d8313e224ec6b2d2e563dd8,2e4fa65a58cb09ed60334251d14263a9ac2f7df6c2af4ea3d214ae55c8fa675d,3fcac38cc476baccc2e34396b95766baa35c65640a24bf19b29f3d787dc3c07a
E7C091,4,PASI,screening,medium,0.0,1,low,strict,1691,2464,550.7128262407166,0.3256728718159176,0.6862824675324676,0.6862824675324676,0,0,0,0.0,0,0,550.7128262407166,0,0,0,ok,completed,3.572477999999137,a09c811a97a72168477996bea5cae221e3be21b35d8313e224ec6b2d2e563dd8,2e4fa65a58cb09ed60334251d14263a9ac2f7df6c2af4ea3d214ae55c8fa675d,3fcac38cc476baccc2e34396b95766baa35c65640a24bf19b29f3d787dc3c07a
E7C091,5,MOI,screening,medium,0.0,1,low,strict,1642,2464,487.06926430145825,0.2966317078571609,0.6663961038961039,0.6663961038961039,0,0,0,0.0,0,0,487.06926430145825,0,0,0,ok,completed,3.563094099999944,3f9d2d2d43882f17652140e431466432f24708128d4f6afea54f0dc89d31b4f9,a0144a97460eb561ed5ae3c768bb8599f8b0b02944531430c25196e23bb7af33,3d3551ea4e100582ef1cb1fa4448cffae4f78aa788b93f6f6c1d0cde0347c5de
E7C091,5,PASI,screening,medium,0.0,1,low,strict,1642,2464,487.06926430145825,0.2966317078571609,0.6663961038961039,0.6663961038961039,0,0,0,0.0,0,0,487.06926430145825,0,0,0,ok,completed,3.7303693000003477,3f9d2d2d43882f17652140e431466432f24708128d4f6afea54f0dc89d31b4f9,a0144a97460eb561ed5ae3c768bb8599f8b0b02944531430c25196e23bb7af33,3d3551ea4e100582ef1cb1fa4448cffae4f78aa788b93f6f6c1d0cde0347c5de
E7C091,6,MOI,screening,medium,0.0,1,low,strict,1621,2464,444.8681215490858,0.27444054383040456,0.6578733766233766,0.6578733766233766,0,0,0,0.0,0,0,444.8681215490858,0,0,0,ok,completed,3.5896335999996154,946035e9be2addf721a815cd2b9a051dff9265f5deb6140d693eee9a431839fc,52fe198786d2ed48372d917ed90519c979331f4eb0cf355898006eb579419719,b5c25ac88716e0a76b80f9474aa3faaa6e6675257c88232398283c8f0e3e6e36
E7C091,6,PASI,screening,medium,0.0,1,low,strict,1621,2464,444.8681215490858,0.27444054383040456,0.6578733766233766,0.6578733766233766,0,0,0,0.0,0,0,444.8681215490858,0,0,0,ok,completed,3.685070900000028,946035e9be2addf721a815cd2b9a051dff9265f5deb6140d693eee9a431839fc,52fe198786d2ed48372d917ed90519c979331f4eb0cf355898006eb579419719,b5c25ac88716e0a76b80f9474aa3faaa6e6675257c88232398283c8f0e3e6e36
E7C091,7,MOI,screening,medium,0.0,1,low,strict,1630,2464,446.9264334312643,0.2741879959701008,0.661525974025974,0.661525974025974,0,0,0,0.0,0,0,446.9264334312643,0,0,0,ok,completed,3.69439279999915,66a1dabb1c578246ff41f5507e00f5385f498dfe0996ab8076b5045cf229b8a4,60406b0b46e23fe9e145188679264675393880ba816980a155d4f156aa3b9e2a,ce6296f383a494e606a6af9c640cfd816582a265cfc2f13114124b139ad767cc
E7C091,7,PASI,screening,medium,0.0,1,low,strict,1630,2464,446.9264334312643,0.2741879959701008,0.661525974025974,0.661525974025974,0,0,0,0.0,0,0,446.9264334312643,0,0,0,ok,completed,3.57351430000017,66a1dabb1c578246ff41f5507e00f5385f498dfe0996ab8076b5045cf229b8a4,60406b0b46e23fe9e145188679264675393880ba816980a155d4f156aa3b9e2a,ce6296f383a494e606a6af9c640cfd816582a265cfc2f13114124b139ad767cc
E7C091,8,MOI,screening,medium,0.0,1,low,strict,1703,2464,510.5768151802731,0.2998102261774945,0.6911525974025974,0.6911525974025974,0,0,0,0.0,0,0,510.5768151802731,0,0,0,ok,completed,3.457395300000826,3ef71d6b5b3de753cdb418012bc0d13fe5bea52bc8e2465fee6ca58713ce5b1a,bad71a5bf90b2748d558e7bd9e582545259049198d51b02a0d523354be940943,c00686a3a53d21df65e42ec2d5163db6e152a70bcd1f95613c7c7ae0e2e45dc9
E7C091,8,PASI,screening,medium,0.0,1,low,strict,1703,2464,510.5768151802731,0.2998102261774945,0.6911525974025974,0.6911525974025974,0,0,0,0.0,0,0,510.5768151802731,0,0,0,ok,completed,4.051007500000196,3ef71d6b5b3de753cdb418012bc0d13fe5bea52bc8e2465fee6ca58713ce5b1a,bad71a5bf90b2748d558e7bd9e582545259049198d51b02a0d523354be940943,c00686a3a53d21df65e42ec2d5163db6e152a70bcd1f95613c7c7ae0e2e45dc9
E7C091,9,MOI,screening,medium,0.0,1,low,strict,1654,2464,517.1104911308539,0.31264237674174966,0.6712662337662337,0.6712662337662337,0,0,0,0.0,0,0,517.1104911308539,0,0,0,ok,completed,3.980585800000881,f4292d060ea4095cd4a251074581960f5216aa080dd253380130be1fa49e5845,d8ff27230a7567657dd1511a6d99211671c9c617f42bc0f652467f3d8d947740,5f11f1bcfeea8ec408d9e3b6e73b7cb2f52a812b0a84fd813d6fd68787d7a2c6
E7C091,9,PASI,screening,medium,0.0,1,low,strict,1654,2464,517.1104911308539,0.31264237674174966,0.6712662337662337,0.6712662337662337,0,0,0,0.0,0,0,517.1104911308539,0,0,0,ok,completed,6.0597633999996106,f4292d060ea4095cd4a251074581960f5216aa080dd253380130be1fa49e5845,d8ff27230a7567657dd1511a6d99211671c9c617f42bc0f652467f3d8d947740,5f11f1bcfeea8ec408d9e3b6e73b7cb2f52a812b0a84fd813d6fd68787d7a2c6
E7C091,10,MOI,screening,medium,0.0,1,low,strict,1647,2464,460.26217772044373,0.2794548741472032,0.6684253246753247,0.6684253246753247,0,0,0,0.0,0,0,460.26217772044373,0,0,0,ok,completed,6.403585099999873,39fb39cff2f581164b297c9583e6c363cfa52d5de3808a2d23774f98ce3ee5a8,13ce05c5db181772b0626fbe4f1d194081005c45564ad37624e44c30677e0c49,8c94f2b6936411fd7e8f926115ba2ce5674c871a75517a049652144db36f1097
E7C091,10,PASI,screening,medium,0.0,1,low,strict,1647,2464,460.26217772044373,0.2794548741472032,0.6684253246753247,0.6684253246753247,0,0,0,0.0,0,0,460.26217772044373,0,0,0,ok,completed,6.369281999999657,39fb39cff2f581164b297c9583e6c363cfa52d5de3808a2d23774f98ce3ee5a8,13ce05c5db181772b0626fbe4f1d194081005c45564ad37624e44c30677e0c49,8c94f2b6936411fd7e8f926115ba2ce5674c871a75517a049652144db36f1097
E7C093,1,MOI,screening,high,0.25,5,high,loose,2651,3531,993.92814035681,0.3749257413643191,0.7507788161993769,0.7507788161993769,0,0,0,0.0,0,0,993.92814035681,0,0,0,ok,completed,6.5792941999970935,e60a9613cc052e89d5f54455389db3597a9004f2d0eaa3214d6c414d8926d44a,ec22371983a259c14f4c8d91c29d100c194db3be0b439c722923a20d80c394ef,135635b0c0c8ed48a5c9f4f51220766c93ee1bd29b93f1dc759850e9f54abcfb
E7C093,1,PASI,screening,high,0.25,5,high,loose,2651,3531,990.2372926103486,0.373533494006167,0.7507788161993769,0.7507788161993769,0,0,0,0.0,0,0,990.2372926103486,0,0,0,ok,completed,6.568652500005555,e60a9613cc052e89d5f54455389db3597a9004f2d0eaa3214d6c414d8926d44a,ec22371983a259c14f4c8d91c29d100c194db3be0b439c722923a20d80c394ef,135635b0c0c8ed48a5c9f4f51220766c93ee1bd29b93f1dc759850e9f54abcfb
E7C093,2,MOI,screening,high,0.25,5,high,loose,2664,3531,696.9036806982741,0.2616004807425954,0.7544604927782498,0.7544604927782498,0,0,0,0.0,0,0,696.9036806982741,0,0,0,ok,completed,6.765650199999982,ec6fb6e3e70e4e4cfaf432beb8c8e81197411dc276b4156fadadf46c4149536b,a39b0811c2f464ab764e8dbd8e8b9487ee6f06182940d447e7a4597636aac541,fbb10e38316cb0b2d88e1103398285334fc56aa96b11f6fae3b7bbff2963ee39
E7C093,2,PASI,screening,high,0.25,5,high,loose,2664,3531,693.6097377244105,0.26036401566231626,0.7544604927782498,0.7544604927782498,0,0,0,0.0,0,0,693.6097377244105,0,0,0,ok,completed,6.973983199999566,ec6fb6e3e70e4e4cfaf432beb8c8e81197411dc276b4156fadadf46c4149536b,a39b0811c2f464ab764e8dbd8e8b9487ee6f06182940d447e7a4597636aac541,fbb10e38316cb0b2d88e1103398285334fc56aa96b11f6fae3b7bbff2963ee39
E7C093,3,MOI,screening,high,0.25,5,high,loose,2626,3531,953.4872312746352,0.3630949090916356,0.7436986689323138,0.7436986689323138,0,0,0,0.0,0,0,953.4872312746352,0,0,0,ok,completed,6.859576200000447,c44b94beec3a0f3f02bc5e6fa6cd1528e66f2f4dc81fc3d375d0a2fa4a82c358,196eb5c9c5c3188bcc0d9b17c0f052bcdd132d6719f36eda010856852aba6a7c,7165b7e44e6cbf6a8407310a396db694b7d1264944c1ee05d603391747f9c52a
E7C093,3,PASI,screening,high,0.25,5,high,loose,2626,3531,951.0315002489199,0.36215974876196494,0.7436986689323138,0.7436986689323138,0,0,0,0.0,0,0,951.0315002489199,0,0,0,ok,completed,6.927075100000366,c44b94beec3a0f3f02bc5e6fa6cd1528e66f2f4dc81fc3d375d0a2fa4a82c358,196eb5c9c5c3188bcc0d9b17c0f052bcdd132d6719f36eda010856852aba6a7c,7165b7e44e6cbf6a8407310a396db694b7d1264944c1ee05d603391747f9c52a
E7C093,4,MOI,screening,high,0.25,5,high,loose,2611,3531,905.7326270241449,0.34689108656612216,0.7394505805720759,0.7394505805720759,0,0,0,0.0,0,0,905.7326270241449,0,0,0,ok,completed,7.044719499999701,b3523e2089dbd7a32da94bd9af1457f53f613cc29afd93e90d9e37732b37fa40,09efb71e6d62b006f3ec3fe63739503350485a325c5979c3eb9dd05401ca11eb,9dab4a1afa63e67cc5b8f26f8f0b4b9e76b03e2e9b4fec9b9a885f678c1c3ac7
E7C093,4,PASI,screening,high,0.25,5,high,loose,2611,3531,902.6036143852909,0.3456926903045925,0.7394505805720759,0.7394505805720759,0,0,0,0.0,0,0,902.6036143852909,0,0,0,ok,completed,7.127258000000438,b3523e2089dbd7a32da94bd9af1457f53f613cc29afd93e90d9e37732b37fa40,09efb71e6d62b006f3ec3fe63739503350485a325c5979c3eb9dd05401ca11eb,9dab4a1afa63e67cc5b8f26f8f0b4b9e76b03e2e9b4fec9b9a885f678c1c3ac7
E7C093,5,MOI,screening,high,0.25,5,high,loose,2639,3531,795.8934680215932,0.3015890367645295,0.7473803455111866,0.7473803455111866,0,0,0,0.0,0,0,795.8934680215932,0,0,0,ok,completed,7.21555459999945,9c91d040fe812b98e9b759b6161595b173d2d116b16ce3708a8597be62bb4e8a,7fae0de04dd792aaec115bd87fa4900b11c746275332ce142fb1f1edf0b209e3,2dede601d07685dd875d3064c9ead76330a43fc37cee55afc7c350668ceef872
E7C093,5,PASI,screening,high,0.25,5,high,loose,2639,3531,791.7613982772464,0.30002326573597815,0.7473803455111866,0.7473803455111866,0,0,0,0.0,0,0,791.7613982772464,0,0,0,ok,completed,7.37274460000026,9c91d040fe812b98e9b759b6161595b173d2d116b16ce3708a8597be62bb4e8a,7fae0de04dd792aaec115bd87fa4900b11c746275332ce142fb1f1edf0b209e3,2dede601d07685dd875d3064c9ead76330a43fc37cee55afc7c350668ceef872
E7C093,6,MOI,screening,high,0.25,5,high,loose,2653,3531,744.5831279915392,0.2806570403285108,0.751345227980742,0.751345227980742,0,0,0,0.0,0,0,744.5831279915392,0,0,0,ok,completed,7.033362699999998,2e819b4fd88809fe30a8e26b180554e99e1dc9845ddda4dd3314189e44d73369,b686317ba1a6e585f4fafcf8623be963a470380fad24127d76e6ba6a18026cd4,930ed143d4fb0883caf76ba1cb85f25e432f3e588d1e145b25c74a4af6fb05dd
E7C093,6,PASI,screening,high,0.25,5,high,loose,2653,3531,740.2723110624472,0.2790321564502251,0.751345227980742,0.751345227980742,0,0,0,0.0,0,0,740.2723110624472,0,0,0,ok,completed,7.229249699999855,2e819b4fd88809fe30a8e26b180554e99e1dc9845ddda4dd3314189e44d73369,b686317ba1a6e585f4fafcf8623be963a470380fad24127d76e6ba6a18026cd4,930ed143d4fb0883caf76ba1cb85f25e432f3e588d1e145b25c74a4af6fb05dd
E7C093,7,MOI,screening,high,0.25,5,high,loose,2636,3531,613.3466017371554,0.23268080490787382,0.7465307278391391,0.7465307278391391,0,0,0,0.0,0,0,613.3466017371554,0,0,0,ok,completed,7.058617199999389,a4a74c297dd7facbcadc3f2bfea242294af7bea2cb4a29c627d99e29a9dfb6e7,9ec08ecc0cb27e9bf90bde3fee64591dc1a2f37d471945ce53e7984e871d118d,0e41b6fa75c3d5a054afcb57e11fa244fe0e7296647c08e3debe7ff9b71c398d
E7C093,7,PASI,screening,high,0.25,5,high,loose,2636,3531,610.1721054491944,0.2314765195179038,0.7465307278391391,0.7465307278391391,0,0,0,0.0,0,0,610.1721054491944,0,0,0,ok,completed,6.984048199999961,a4a74c297dd7facbcadc3f2bfea242294af7bea2cb4a29c627d99e29a9dfb6e7,9ec08ecc0cb27e9bf90bde3fee64591dc1a2f37d471945ce53e7984e871d118d,0e41b6fa75c3d5a054afcb57e11fa244fe0e7296647c08e3debe7ff9b71c398d
E7C093,8,MOI,screening,high,0.25,5,high,loose,2696,3531,858.7240625755676,0.31851782736482476,0.7635230812800906,0.7635230812800906,0,0,0,0.0,0,0,858.7240625755676,0,0,0,ok,completed,7.163419900000008,2e4d842490f744be05f504ad4e589f453696f55663201363d55bb7b564314928,a74c70608042d200f55c80a63d4533bc2b4006310e1bcb6e243189d27ced1990,d52699c965c19bf35ea02d8258e7a07d2119b09689db188a2e130bacfc149941
E7C093,8,PASI,screening,high,0.25,5,high,loose,2696,3531,854.9352683075181,0.31711248824462834,0.7635230812800906,0.7635230812800906,0,0,0,0.0,0,0,854.9352683075181,0,0,0,ok,completed,6.998521800000162,2e4d842490f744be05f504ad4e589f453696f55663201363d55bb7b564314928,a74c70608042d200f55c80a63d4533bc2b4006310e1bcb6e243189d27ced1990,d52699c965c19bf35ea02d8258e7a07d2119b09689db188a2e130bacfc149941
E7C093,9,MOI,screening,high,0.25,5,high,loose,2663,3531,967.9504108109746,0.36348119069131607,0.7541772868875672,0.7541772868875672,0,0,0,0.0,0,0,967.9504108109746,0,0,0,ok,completed,7.294909100000041,05644c349dadd2679e3020242271f6c70707fe1f74822a0aab58fe3b5ac86b1b,eef667784ad4220f13e2bea32305373753967c565a0d07c5df8ffd696fe9ad56,e258c8869c8b8cf2e47be25bddd1cd9ca8ee8ed2445f55c5a468c5dcdd8012d6
E7C093,9,PASI,screening,high,0.25,5,high,loose,2663,3531,964.7889448130661,0.362294008566679,0.7541772868875672,0.7541772868875672,0,0,0,0.0,0,0,964.7889448130661,0,0,0,ok,completed,6.984327899999698,05644c349dadd2679e3020242271f6c70707fe1f74822a0aab58fe3b5ac86b1b,eef667784ad4220f13e2bea32305373753967c565a0d07c5df8ffd696fe9ad56,e258c8869c8b8cf2e47be25bddd1cd9ca8ee8ed2445f55c5a468c5dcdd8012d6
E7C093,10,MOI,screening,high,0.25,5,high,loose,2629,3531,701.0919767982357,0.2666762939514019,0.7445482866043613,0.7445482866043613,0,0,0,0.0,0,0,701.0919767982357,0,0,0,ok,completed,7.036460299999817,ae2f818058c1f2abf5435b1a214d3adaed90fbe8b8524612ee7f9075b830725b,a7bbcf26013098e02fff4a279a492c8db368cc93c6dd20a5b06fe9ddb0e31d7c,2048c8b0067022dd3f9f0f5ca78b681a4c8733cafa7d8215609d9a049c41f6ce
E7C093,10,PASI,screening,high,0.25,5,high,loose,2629,3531,697.9001834682203,0.265462222696166,0.7445482866043613,0.7445482866043613,0,0,0,0.0,0,0,697.9001834682203,0,0,0,ok,completed,7.138452799999868,ae2f818058c1f2abf5435b1a214d3adaed90fbe8b8524612ee7f9075b830725b,a7bbcf26013098e02fff4a279a492c8db368cc93c6dd20a5b06fe9ddb0e31d7c,2048c8b0067022dd3f9f0f5ca78b681a4c8733cafa7d8215609d9a049c41f6ce
E7C093,11,MOI,confirmation,high,0.25,5,high,loose,2617,3531,773.3105601611569,0.29549505546853533,0.741149815916171,0.741149815916171,0,0,0,0.0,0,0,773.3105601611569,0,0,0,ok,completed,6.681809100000464,1dc5d8d83c4ff7f26667a371d655b4dba6d74adf688f0f6888c0ba104d87df45,70be73f529444ad3e9e969621d5b61947f2e1dcf4d389103ab5d578b4bfd63b6,4d974b3308ef4fdb3ad3221fc8c2ac79d20958c563f532a51108e85e4cdc5680
E7C093,11,PASI,confirmation,high,0.25,5,high,loose,2617,3531,768.4953378979505,0.2936550775307415,0.741149815916171,0.741149815916171,0,0,0,0.0,0,0,768.4953378979505,0,0,0,ok,completed,7.093776499999876,1dc5d8d83c4ff7f26667a371d655b4dba6d74adf688f0f6888c0ba104d87df45,70be73f529444ad3e9e969621d5b61947f2e1dcf4d389103ab5d578b4bfd63b6,4d974b3308ef4fdb3ad3221fc8c2ac79d20958c563f532a51108e85e4cdc5680
E7C093,12,MOI,confirmation,high,0.25,5,high,loose,2641,3531,873.5898844214087,0.3307799638096966,0.7479467572925517,0.7479467572925517,0,0,0,0.0,0,0,873.5898844214087,0,0,0,ok,completed,6.97423979999985,141971c4c9f87dcd134fd815fdf20a03c64a66303785cd229689f296e00e5f36,4e57bc746498f13ad87f14a5ce4ebd6d2b03342b00c3b58632248cfd44002853,f15fb4d6d63d0d9ffd5027195a3a3503bcefc5ef32a16de64cb90b946b36fd5d
E7C093,12,PASI,confirmation,high,0.25,5,high,loose,2641,3531,870.81461379929,0.3297291229834494,0.7479467572925517,0.7479467572925517,0,0,0,0.0,0,0,870.81461379929,0,0,0,ok,completed,6.783347400000821,141971c4c9f87dcd134fd815fdf20a03c64a66303785cd229689f296e00e5f36,4e57bc746498f13ad87f14a5ce4ebd6d2b03342b00c3b58632248cfd44002853,f15fb4d6d63d0d9ffd5027195a3a3503bcefc5ef32a16de64cb90b946b36fd5d
E7C093,13,MOI,confirmation,high,0.25,5,high,loose,2644,3531,1071.2552491141182,0.40516461766797207,0.7487963749645993,0.7487963749645993,0,0,0,0.0,0,0,1071.2552491141182,0,0,0,ok,completed,6.804381599999942,9074fe90fcb9cc353470b45d003d201b6fcb043506454aab79686b78c76659f3,1e40a3fa03e09d0aed8b25221b8df7dbf8a88b42851471d9d01bea263c44b49a,432c93af25143a715032f9b2f01bce01b4b0a3897d653af7b60ee102609d66d0
E7C093,13,PASI,confirmation,high,0.25,5,high,loose,2644,3531,1069.079390457157,0.4043416756645828,0.7487963749645993,0.7487963749645993,0,0,0,0.0,0,0,1069.079390457157,0,0,0,ok,completed,6.731333600000653,9074fe90fcb9cc353470b45d003d201b6fcb043506454aab79686b78c76659f3,1e40a3fa03e09d0aed8b25221b8df7dbf8a88b42851471d9d01bea263c44b49a,432c93af25143a715032f9b2f01bce01b4b0a3897d653af7b60ee102609d66d0
E7C093,14,MOI,confirmation,high,0.25,5,high,loose,2671,3531,726.5480470821832,0.2720134957252651,0.7564429340130274,0.7564429340130274,0,0,0,0.0,0,0,726.5480470821832,0,0,0,ok,completed,6.784757800000079,27e53d29734b221c9bac3a41c68ba0d735e45a596930c2c9ca7853d54b2b9f75,57f806371e1490058b570a21e5a742da44ea86bc3da592e7d2be3855236577f5,71279fac38fbeaf4d2638c1f06f35e440360cf22bd0231f3e82dbeedf2219ac8
E7C093,14,PASI,confirmation,high,0.25,5,high,loose,2671,3531,723.1368797812945,0.27073638329513083,0.7564429340130274,0.7564429340130274,0,0,0,0.0,0,0,723.1368797812945,0,0,0,ok,completed,6.6910281999998915,27e53d29734b221c9bac3a41c68ba0d735e45a596930c2c9ca7853d54b2b9f75,57f806371e1490058b570a21e5a742da44ea86bc3da592e7d2be3855236577f5,71279fac38fbeaf4d2638c1f06f35e440360cf22bd0231f3e82dbeedf2219ac8
E7C093,15,MOI,confirmation,high,0.25,5,high,loose,2627,3531,1002.5486257703451,0.38163251837470313,0.7439818748229963,0.7439818748229963,0,0,0,0.0,0,0,1002.5486257703451,0,0,0,ok,completed,6.882348099999945,ab50d6d16b442b10180b2ee2f4953e9e66ff1d97c5c57a09b308c23e6d74368e,60a32269e4f7e3ebd239cb7f55f8e232659b1694ecafa3aad37f2e8f562789a8,ad5a7d64b442ec30230ca409a7933633fe0dbd7c26ff5631ca4a12b876e92315
E7C093,15,PASI,confirmation,high,0.25,5,high,loose,2627,3531,999.812177780195,0.38059085564529693,0.7439818748229963,0.7439818748229963,0,0,0,0.0,0,0,999.812177780195,0,0,0,ok,completed,6.661458800000219,ab50d6d16b442b10180b2ee2f4953e9e66ff1d97c5c57a09b308c23e6d74368e,60a32269e4f7e3ebd239cb7f55f8e232659b1694ecafa3aad37f2e8f562789a8,ad5a7d64b442ec30230ca409a7933633fe0dbd7c26ff5631ca4a12b876e92315
E7C093,16,MOI,confirmation,high,0.25,5,high,loose,2661,3531,916.151237297833,0.3442883266808842,0.7536108751062022,0.7536108751062022,0,0,0,0.0,0,0,916.151237297833,0,0,0,ok,completed,6.684413300000415,2751157e1905b0b1f79d85004bf8e9c476772c898e43bfe8d4a914d9e24c5d53,ce09802aba2238161954886e23a4fe50fe394fa50fbc9648b04aa033e15fcc2a,73aa092460472a15aff48bf8604e44b983eeba0e9fd8d70f5152150e9d642d1e
E7C093,16,PASI,confirmation,high,0.25,5,high,loose,2661,3531,912.6246228916781,0.3429630300231785,0.7536108751062022,0.7536108751062022,0,0,0,0.0,0,0,912.6246228916781,0,0,0,ok,completed,6.991447200000039,2751157e1905b0b1f79d85004bf8e9c476772c898e43bfe8d4a914d9e24c5d53,ce09802aba2238161954886e23a4fe50fe394fa50fbc9648b04aa033e15fcc2a,73aa092460472a15aff48bf8604e44b983eeba0e9fd8d70f5152150e9d642d1e
E7C093,17,MOI,confirmation,high,0.25,5,high,loose,2656,3531,885.0844034063772,0.3332396097162565,0.7521948456527896,0.7521948456527896,0,0,0,0.0,0,0,885.0844034063772,0,0,0,ok,completed,6.585420700000213,e09c0cb7bf613f4d92e9b094dd3061dc9256083af3c6f7d97022567875ec36c2,ec498ecb2a5429ffdd440bb0d9999fd0326d68555ef39de51d6d989553226f69,60db56257141531645d6644dcaac6bb59facb2c1022133da0427df2f741657eb
E7C093,17,PASI,confirmation,high,0.25,5,high,loose,2656,3531,882.2432134448648,0.33216988458014485,0.7521948456527896,0.7521948456527896,0,0,0,0.0,0,0,882.2432134448648,0,0,0,ok,completed,7.010978199999954,e09c0cb7bf613f4d92e9b094dd3061dc9256083af3c6f7d97022567875ec36c2,ec498ecb2a5429ffdd440bb0d9999fd0326d68555ef39de51d6d989553226f69,60db56257141531645d6644dcaac6bb59facb2c1022133da0427df2f741657eb
E7C093,18,MOI,confirmation,high,0.25,5,high,loose,2682,3531,807.3189469446629,0.3010137758928646,0.7595581988105352,0.7595581988105352,0,0,0,0.0,0,0,807.3189469446629,0,0,0,ok,completed,7.072016399999484,b2164bc34f219a41bd28af541ef2b26af2810025778734f06f0cca51e19828e2,4c58ab3b5af823de03638f71fc0a724a8610a5bcbeba34bb0fcbce3c2ab4fb77,250b27821bd718030795af96a61291b0effcd51f18ef5cb9e080ae7bbde960a2
E7C093,18,PASI,confirmation,high,0.25,5,high,loose,2682,3531,804.6715958925299,0.3000266949636577,0.7595581988105352,0.7595581988105352,0,0,0,0.0,0,0,804.6715958925299,0,0,0,ok,completed,6.7545006999998805,b2164bc34f219a41bd28af541ef2b26af2810025778734f06f0cca51e19828e2,4c58ab3b5af823de03638f71fc0a724a8610a5bcbeba34bb0fcbce3c2ab4fb77,250b27821bd718030795af96a61291b0effcd51f18ef5cb9e080ae7bbde960a2
E7C093,19,MOI,confirmation,high,0.25,5,high,loose,2644,3531,724.3625204093137,0.27396464463287207,0.7487963749645993,0.7487963749645993,0,0,0,0.0,0,0,724.3625204093137,0,0,0,ok,completed,6.729554699999426,dbef863e669ee7f9568b8e04bc9cf6844fa03402e63e0d184a565bf06683fcc6,3e85140d4ce6f3d602362ee07a1f1beb809dd4e57bab8b4b65a234fb40bb2ac1,424d280c5f2c1ed185b7a0ed204e06c46409c4c66cfaedcf30f16a758daa177b
E7C093,19,PASI,confirmation,high,0.25,5,high,loose,2644,3531,720.8761229112811,0.27264603740971294,0.7487963749645993,0.7487963749645993,0,0,0,0.0,0,0,720.8761229112811,0,0,0,ok,completed,6.692146100000173,dbef863e669ee7f9568b8e04bc9cf6844fa03402e63e0d184a565bf06683fcc6,3e85140d4ce6f3d602362ee07a1f1beb809dd4e57bab8b4b65a234fb40bb2ac1,424d280c5f2c1ed185b7a0ed204e06c46409c4c66cfaedcf30f16a758daa177b
E7C093,20,MOI,confirmation,high,0.25,5,high,loose,2631,3531,845.7972046578234,0.3214736619756075,0.7451146983857264,0.7451146983857264,0,0,0,0.0,0,0,845.7972046578234,0,0,0,ok,completed,6.584696599999916,34b6a1b2e592587dddba2e448ad5dfa4bb26d4bec6d4e018a4813244b3498783,7062d6a35a3383657d255f4b898e242fbc55eee0332168500d99975d970c2b4b,b3d149259a72de4aba1486fd659f80b4b5b45c0791d0a3d11919027ea0a303b2
E7C093,20,PASI,confirmation,high,0.25,5,high,loose,2631,3531,842.3105120915802,0.3201484272487952,0.7451146983857264,0.7451146983857264,0,0,0,0.0,0,0,842.3105120915802,0,0,0,ok,completed,6.652689800000189,34b6a1b2e592587dddba2e448ad5dfa4bb26d4bec6d4e018a4813244b3498783,7062d6a35a3383657d255f4b898e242fbc55eee0332168500d99975d970c2b4b,b3d149259a72de4aba1486fd659f80b4b5b45c0791d0a3d11919027ea0a303b2
E7C093,21,MOI,confirmation,high,0.25,5,high,loose,2641,3531,752.0123717873344,0.28474531305843787,0.7479467572925517,0.7479467572925517,0,0,0,0.0,0,0,752.0123717873344,0,0,0,ok,completed,6.973437499999818,940b178c7b38e471cbb656ebd731152dde5e08e998c076ff334e990775a3472b,32649645198c8d441f244a846c5260180d25aa7b24b0fdc1b20fc0ab35368a77,fdbc8f632619c03557d86f038b1d0676dfd072726d28488485cc6d179e22205a
E7C093,21,PASI,confirmation,high,0.25,5,high,loose,2641,3531,747.684949248831,0.28310675851905753,0.7479467572925517,0.7479467572925517,0,0,0,0.0,0,0,747.684949248831,0,0,0,ok,completed,6.891469199999847,940b178c7b38e471cbb656ebd731152dde5e08e998c076ff334e990775a3472b,32649645198c8d441f244a846c5260180d25aa7b24b0fdc1b20fc0ab35368a77,fdbc8f632619c03557d86f038b1d0676dfd072726d28488485cc6d179e22205a
E7C093,22,MOI,confirmation,high,0.25,5,high,loose,2629,3531,865.9244620466593,0.32937408217826525,0.7445482866043613,0.7445482866043613,0,0,0,0.0,0,0,865.9244620466593,0,0,0,ok,completed,6.591812499999833,ebc049bc3ed5762b2c1a5be3458dec329584f31240d81ca06af4d790e3beaaab,19adc7e830432f319590b751e0c5cf30c9005d5d37b143ff487ecb4d37891c1c,9f53f799b12524b3edc9c789ae39ab3999c8adf5e28d3714b87214bd93c1bfaa
E7C093,22,PASI,confirmation,high,0.25,5,high,loose,2629,3531,863.6198740295084,0.32849747966128123,0.7445482866043613,0.7445482866043613,0,0,0,0.0,0,0,863.6198740295084,0,0,0,ok,completed,6.912023599999884,ebc049bc3ed5762b2c1a5be3458dec329584f31240d81ca06af4d790e3beaaab,19adc7e830432f319590b751e0c5cf30c9005d5d37b143ff487ecb4d37891c1c,9f53f799b12524b3edc9c789ae39ab3999c8adf5e28d3714b87214bd93c1bfaa
E7C093,23,MOI,confirmation,high,0.25,5,high,loose,2625,3531,928.7196988627762,0.35379798051915284,0.7434154630416313,0.7434154630416313,0,0,0,0.0,0,0,928.7196988627762,0,0,0,ok,completed,6.620125400000688,d28ab22677248eb1ad0ab57f4e02a0ff68213b82a56fc9b0b34f2e9e57ed45a9,2c1198b9e27797ebe2abb511a92adc5b3b8d93dbfcb88225d5a6cdd0a0da7f57,e74599acca51c3dcadef149444de4bc01b40a6cbbc756bb1f37c88fa1c633a79
E7C093,23,PASI,confirmation,high,0.25,5,high,loose,2625,3531,924.9337169780372,0.3523557017059189,0.7434154630416313,0.7434154630416313,0,0,0,0.0,0,0,924.9337169780372,0,0,0,ok,completed,6.789870699999483,d28ab22677248eb1ad0ab57f4e02a0ff68213b82a56fc9b0b34f2e9e57ed45a9,2c1198b9e27797ebe2abb511a92adc5b3b8d93dbfcb88225d5a6cdd0a0da7f57,e74599acca51c3dcadef149444de4bc01b40a6cbbc756bb1f37c88fa1c633a79
E7C093,24,MOI,confirmation,high,0.25,5,high,loose,2642,3531,813.2816738707708,0.30782803704419787,0.7482299631832342,0.7482299631832342,0,0,0,0.0,0,0,813.2816738707708,0,0,0,ok,completed,7.021431299999676,7094662f329ba50eb687cdc22e50f25624d0f8e44dd6857a7288afdcf6187ab0,606319b584fd4a542d2fd2e93d1619b7f982aa2071df2e6c720838ea9c677fd9,1da28da46320752b172ea890e2477125582bcb0cbf48a3c3c20c4e9ce84f1498
E7C093,24,PASI,confirmation,high,0.25,5,high,loose,2642,3531,809.8947928036148,0.30654609871446437,0.7482299631832342,0.7482299631832342,0,0,0,0.0,0,0,809.8947928036148,0,0,0,ok,completed,6.6895604999999705,7094662f329ba50eb687cdc22e50f25624d0f8e44dd6857a7288afdcf6187ab0,606319b584fd4a542d2fd2e93d1619b7f982aa2071df2e6c720838ea9c677fd9,1da28da46320752b172ea890e2477125582bcb0cbf48a3c3c20c4e9ce84f1498
E7C093,25,MOI,confirmation,high,0.25,5,high,loose,2661,3531,860.0937177647841,0.32322199089244047,0.7536108751062022,0.7536108751062022,0,0,0,0.0,0,0,860.0937177647841,0,0,0,ok,completed,6.8277843000005305,d34d66fcf1043b074a249930f85f8c49f6195cfedfa3cb58caab3d3f1b8cc21b,577987112a23a473befeeefa6c892419e08477534e5590d21c4fcdebbe9015ee,44a447af2ce83748fe0589862745335ccf21d9205f4ea691f1965f83309c6372
E7C093,25,PASI,confirmation,high,0.25,5,high,loose,2661,3531,857.0002203275063,0.32205945897313276,0.7536108751062022,0.7536108751062022,0,0,0,0.0,0,0,857.0002203275063,0,0,0,ok,completed,6.612568200000169,d34d66fcf1043b074a249930f85f8c49f6195cfedfa3cb58caab3d3f1b8cc21b,577987112a23a473befeeefa6c892419e08477534e5590d21c4fcdebbe9015ee,44a447af2ce83748fe0589862745335ccf21d9205f4ea691f1965f83309c6372
E7C093,26,MOI,confirmation,high,0.25,5,high,loose,2623,3531,762.7562658723788,0.29079537395058286,0.7428490512602662,0.7428490512602662,0,0,0,0.0,0,0,762.7562658723788,0,0,0,ok,completed,6.6269686000005095,4b076f89f78f349a7487f49ad4adc27f30202e18a5712cf89245e2a81d6d62b7,bc9cd2c1cf670dae78429c4534047ac65abbe5e34a77f319938e49af47c83860,36cafd2863972dee7bddc8bf7e1ab02ecbea09c504dc1dbc27c8897e5c572013
E7C093,26,PASI,confirmation,high,0.25,5,high,loose,2623,3531,758.0869776106244,0.2890152411782785,0.7428490512602662,0.7428490512602662,0,0,0,0.0,0,0,758.0869776106244,0,0,0,ok,completed,7.068639999999505,4b076f89f78f349a7487f49ad4adc27f30202e18a5712cf89245e2a81d6d62b7,bc9cd2c1cf670dae78429c4534047ac65abbe5e34a77f319938e49af47c83860,36cafd2863972dee7bddc8bf7e1ab02ecbea09c504dc1dbc27c8897e5c572013
E7C093,27,MOI,confirmation,high,0.25,5,high,loose,2616,3531,737.8779640852679,0.2820634419286192,0.7408666100254885,0.7408666100254885,0,0,0,0.0,0,0,737.8779640852679,0,0,0,ok,completed,6.959978599999886,33eade8924cda5088e54eed14fc5e717890938024067ba9019b96972f7b11018,24fedab87bcf7d215ad3c4e7a912c7a83279a529763879038903bfbf9da80086,85c89f7fe8a5b397c9e44b535c52a37363db54ee78f4b9ddf5935e20ee007134
E7C093,27,PASI,confirmation,high,0.25,5,high,loose,2616,3531,735.4906959351483,0.28115087765105057,0.7408666100254885,0.7408666100254885,0,0,0,0.0,0,0,735.4906959351483,0,0,0,ok,completed,7.1106165999999575,33eade8924cda5088e54eed14fc5e717890938024067ba9019b96972f7b11018,24fedab87bcf7d215ad3c4e7a912c7a83279a529763879038903bfbf9da80086,85c89f7fe8a5b397c9e44b535c52a37363db54ee78f4b9ddf5935e20ee007134
E7C093,28,MOI,confirmation,high,0.25,5,high,loose,2653,3531,882.7136719036099,0.3327228314751639,0.751345227980742,0.751345227980742,0,0,0,0.0,0,0,882.7136719036099,0,0,0,ok,completed,7.079355300000316,4ce9c508500db373a8390008137723292c93f69afe73fedbff88baaa2479b6fe,12656551af33da12c4adc025a548e50aded7efe438a3a9ab748def50aa6c99f6,313634e40e60c483be34cb6ee21d9380000cd2a698cae3101d80d2258b769f16
E7C093,28,PASI,confirmation,high,0.25,5,high,loose,2653,3531,879.3496222216547,0.33145481425618345,0.751345227980742,0.751345227980742,0,0,0,0.0,0,0,879.3496222216547,0,0,0,ok,completed,6.918303200000082,4ce9c508500db373a8390008137723292c93f69afe73fedbff88baaa2479b6fe,12656551af33da12c4adc025a548e50aded7efe438a3a9ab748def50aa6c99f6,313634e40e60c483be34cb6ee21d9380000cd2a698cae3101d80d2258b769f16
E7C093,29,MOI,confirmation,high,0.25,5,high,loose,2623,3531,699.5218498115562,0.2666877048461899,0.7428490512602662,0.7428490512602662,0,0,0,0.0,0,0,699.5218498115562,0,0,0,ok,completed,6.787608499999806,22ceac79aa23bc6c907e481f1c6edb7e29874091faf53714d72926e26ca216b6,587d3052e7b74b0a7817b25ae1b72ce70e39f7fb5d4b3c662063982b68337abf,1cb06de2537c3cfc1e934e169fc1c8633cb4ebd9b85be05b104473eccd32cd95
E7C093,29,PASI,confirmation,high,0.25,5,high,loose,2623,3531,696.9258007966635,0.26569797971660825,0.7428490512602662,0.7428490512602662,0,0,0,0.0,0,0,696.9258007966635,0,0,0,ok,completed,6.946398600000066,22ceac79aa23bc6c907e481f1c6edb7e29874091faf53714d72926e26ca216b6,587d3052e7b74b0a7817b25ae1b72ce70e39f7fb5d4b3c662063982b68337abf,1cb06de2537c3cfc1e934e169fc1c8633cb4ebd9b85be05b104473eccd32cd95
E7C093,30,MOI,confirmation,high,0.25,5,high,loose,2631,3531,752.3709312688313,0.2859638659326611,0.7451146983857264,0.7451146983857264,0,0,0,0.0,0,0,752.3709312688313,0,0,0,ok,completed,6.962194599999748,9f56fc1393a128afb02e083d417b3b79faae9b7e739de07c1bdc7da4740e30e1,719e6355dcdd7be9da14680ff1a91a17a8389d40ce82f185d4b23fa2e146a85a,d87c622cf14a1de4fb1530de3862dd11d102c243175f993c41647c3b69dd3c06
E7C093,30,PASI,confirmation,high,0.25,5,high,loose,2631,3531,748.643506353974,0.2845471327837225,0.7451146983857264,0.7451146983857264,0,0,0,0.0,0,0,748.643506353974,0,0,0,ok,completed,6.789244200000212,9f56fc1393a128afb02e083d417b3b79faae9b7e739de07c1bdc7da4740e30e1,719e6355dcdd7be9da14680ff1a91a17a8389d40ce82f185d4b23fa2e146a85a,d87c622cf14a1de4fb1530de3862dd11d102c243175f993c41647c3b69dd3c06
E7C094,1,MOI,screening,low,0.1,1,medium,strict,855,1206,282.8476502340103,0.33081596518597695,0.7089552238805971,0.7089552238805971,0,0,0,0.0,0,0,282.8476502340103,0,0,0,ok,completed,5.761420499999076,a6853d1f6a46472be7c9ef37ac0c534128e38eeee9a4af6dc1215c753dd73e8b,11cef9cb8cbbe9fbae7880ebb50922c001b7b73d11314e6bdd4a7fc541a92f20,233fa4217ea0b0eb000514c01e8050c9aa3c62890b8c4b6872d2adf27d419e9f
E7C094,1,PASI,screening,low,0.1,1,medium,strict,855,1206,281.9169773642279,0.3297274589055297,0.7089552238805971,0.7089552238805971,0,0,0,0.0,0,0,281.9169773642279,0,0,0,ok,completed,5.987573299993528,a6853d1f6a46472be7c9ef37ac0c534128e38eeee9a4af6dc1215c753dd73e8b,11cef9cb8cbbe9fbae7880ebb50922c001b7b73d11314e6bdd4a7fc541a92f20,233fa4217ea0b0eb000514c01e8050c9aa3c62890b8c4b6872d2adf27d419e9f
E7C094,2,MOI,screening,low,0.1,1,medium,strict,886,1206,234.40076616571326,0.26456068415994727,0.7346600331674958,0.7346600331674958,0,0,0,0.0,0,0,234.40076616571326,0,0,0,ok,completed,6.1392620999995415,e7afb3295713137c70e759ced4d1be1c529b43d61136a24b4a4f1ea81f67b788,492d4cad035985c18923cfde4bc4232fa03b6a93196cdf24efda7f57b3d85ad6,795c7dc96fb395852d0b5ee3484d0c5eda7f727fa19fb2857b8997eef43ff8a5
E7C094,2,PASI,screening,low,0.1,1,medium,strict,886,1206,233.450742980103,0.2634884232281072,0.7346600331674958,0.7346600331674958,0,0,0,0.0,0,0,233.450742980103,0,0,0,ok,completed,6.164547399999719,e7afb3295713137c70e759ced4d1be1c529b43d61136a24b4a4f1ea81f67b788,492d4cad035985c18923cfde4bc4232fa03b6a93196cdf24efda7f57b3d85ad6,795c7dc96fb395852d0b5ee3484d0c5eda7f727fa19fb2857b8997eef43ff8a5
E7C094,3,MOI,screening,low,0.1,1,medium,strict,882,1206,294.31766936283714,0.33369350267895365,0.7313432835820896,0.7313432835820896,0,0,0,0.0,0,0,294.31766936283714,0,0,0,ok,completed,5.875014499999452,6e6ffca284f94f477304cb0337f85cbd41dc716c490254a0fa9f3b509c77d831,e1e48c4a0d095eaddd1c487f357c5a5231c41cf97c05d582ee656f2824b389b9,be94911bb79fd7f0b3e73de263497313201466feab657ee23a37f750cec6407e
E7C094,3,PASI,screening,low,0.1,1,medium,strict,882,1206,293.67518189815905,0.33296505884145017,0.7313432835820896,0.7313432835820896,0,0,0,0.0,0,0,293.67518189815905,0,0,0,ok,completed,5.98644879999938,6e6ffca284f94f477304cb0337f85cbd41dc716c490254a0fa9f3b509c77d831,e1e48c4a0d095eaddd1c487f357c5a5231c41cf97c05d582ee656f2824b389b9,be94911bb79fd7f0b3e73de263497313201466feab657ee23a37f750cec6407e
E7C094,4,MOI,screening,low,0.1,1,medium,strict,863,1206,270.06864504423083,0.3129416512679384,0.7155887230514096,0.7155887230514096,0,0,0,0.0,0,0,270.06864504423083,0,0,0,ok,completed,6.206029099999796,b479d924483e1b20a309785a611e582afabec5a7decd37ecdaac82a22d643fb3,2e4fa65a58cb09ed60334251d14263a9ac2f7df6c2af4ea3d214ae55c8fa675d,a2f0b2fdb17f8984ecae4ded483dce1c39841cf1f2fe693a49ddd95df001ae7d
E7C094,4,PASI,screening,low,0.1,1,medium,strict,863,1206,269.0099006836722,0.3117148327736642,0.7155887230514096,0.7155887230514096,0,0,0,0.0,0,0,269.0099006836722,0,0,0,ok,completed,5.9948373999995965,b479d924483e1b20a309785a611e582afabec5a7decd37ecdaac82a22d643fb3,2e4fa65a58cb09ed60334251d14263a9ac2f7df6c2af4ea3d214ae55c8fa675d,a2f0b2fdb17f8984ecae4ded483dce1c39841cf1f2fe693a49ddd95df001ae7d
E7C094,5,MOI,screening,low,0.1,1,medium,strict,859,1206,248.13228312467766,0.28886179641988086,0.7122719734660033,0.7122719734660033,0,0,0,0.0,0,0,248.13228312467766,0,0,0,ok,completed,6.1497288999999,5835ae3525d94e6b2905e151656d3fc4f01a68a364a90e09c2d74fba6ffda3c0,a0144a97460eb561ed5ae3c768bb8599f8b0b02944531430c25196e23bb7af33,a7dd01074f7ff6a736f11f9cfe4b810d8316aa97ff0f36bfce997e3bab192add
E7C094,5,PASI,screening,low,0.1,1,medium,strict,859,1206,246.9877559277385,0.2875294015456793,0.7122719734660033,0.7122719734660033,0,0,0,0.0,0,0,246.9877559277385,0,0,0,ok,completed,6.031376699999782,5835ae3525d94e6b2905e151656d3fc4f01a68a364a90e09c2d74fba6ffda3c0,a0144a97460eb561ed5ae3c768bb8599f8b0b02944531430c25196e23bb7af33,a7dd01074f7ff6a736f11f9cfe4b810d8316aa97ff0f36bfce997e3bab192add
E7C094,6,MOI,screening,low,0.1,1,medium,strict,856,1206,236.3251414156746,0.2760807726818629,0.7097844112769486,0.7097844112769486,0,0,0,0.0,0,0,236.3251414156746,0,0,0,ok,completed,5.856408900000133,f00beec923e5881e89555edc23bc5ed65e1ab571fcb71554186a85292825d71a,52fe198786d2ed48372d917ed90519c979331f4eb0cf355898006eb579419719,d1e97fdd31e75a229b4c5b6ef6a6f228c90aa9abb2941051c577817bf1c3a8fe
E7C094,6,PASI,screening,low,0.1,1,medium,strict,856,1206,235.38617952662352,0.274983854587177,0.7097844112769486,0.7097844112769486,0,0,0,0.0,0,0,235.38617952662352,0,0,0,ok,completed,6.0947072999997545,f00beec923e5881e89555edc23bc5ed65e1ab571fcb71554186a85292825d71a,52fe198786d2ed48372d917ed90519c979331f4eb0cf355898006eb579419719,d1e97fdd31e75a229b4c5b6ef6a6f228c90aa9abb2941051c577817bf1c3a8fe
E7C094,7,MOI,screening,low,0.1,1,medium,strict,882,1206,213.8696435212965,0.24248258902641326,0.7313432835820896,0.7313432835820896,0,0,0,0.0,0,0,213.8696435212965,0,0,0,ok,completed,5.875062400000388,699e16a61a72d6f6677c88dc92cd28e4eea46af6652088b2c45b39ce3fa488c6,60406b0b46e23fe9e145188679264675393880ba816980a155d4f156aa3b9e2a,1d9a643109ab81290a51775ac193af0650b11e25bf881444f3c5ed4db14523e9
E7C094,7,PASI,screening,low,0.1,1,medium,strict,882,1206,212.81355020934967,0.24128520431899056,0.7313432835820896,0.7313432835820896,0,0,0,0.0,0,0,212.81355020934967,0,0,0,ok,completed,5.849182699999801,699e16a61a72d6f6677c88dc92cd28e4eea46af6652088b2c45b39ce3fa488c6,60406b0b46e23fe9e145188679264675393880ba816980a155d4f156aa3b9e2a,1d9a643109ab81290a51775ac193af0650b11e25bf881444f3c5ed4db14523e9
E7C094,8,MOI,screening,low,0.1,1,medium,strict,843,1206,252.18117124004974,0.2991472968446616,0.6990049751243781,0.6990049751243781,0,0,0,0.0,0,0,252.18117124004974,0,0,0,ok,completed,6.03152130000035,9339345ab1e47990db2ed9dddddcaaafac158be442d6520f9b1ea59107378204,bad71a5bf90b2748d558e7bd9e582545259049198d51b02a0d523354be940943,711003c2f474c68a94ba2129ff3a32b42e366b3968abe68073f8ad6527e2988f
E7C094,8,PASI,screening,low,0.1,1,medium,strict,843,1206,251.18644611940593,0.29796731449514346,0.6990049751243781,0.6990049751243781,0,0,0,0.0,0,0,251.18644611940593,0,0,0,ok,completed,5.830745100000058,9339345ab1e47990db2ed9dddddcaaafac158be442d6520f9b1ea59107378204,bad71a5bf90b2748d558e7bd9e582545259049198d51b02a0d523354be940943,711003c2f474c68a94ba2129ff3a32b42e366b3968abe68073f8ad6527e2988f
E7C094,9,MOI,screening,low,0.1,1,medium,strict,867,1206,288.0556773152745,0.3322441491525658,0.7189054726368159,0.7189054726368159,0,0,0,0.0,0,0,288.0556773152745,0,0,0,ok,completed,6.035054799999671,c36553b74fabe50e893eada5c8015d30900e08b71a488c7ec88c4eec579e7327,d8ff27230a7567657dd1511a6d99211671c9c617f42bc0f652467f3d8d947740,b6787b10d9869693759664607f781ff9140aa99a2e6d7b6726841ab7d7aa9936
E7C094,9,PASI,screening,low,0.1,1,medium,strict,867,1206,286.9598607309897,0.3309802315236329,0.7189054726368159,0.7189054726368159,0,0,0,0.0,0,0,286.9598607309897,0,0,0,ok,completed,6.187710400000469,c36553b74fabe50e893eada5c8015d30900e08b71a488c7ec88c4eec579e7327,d8ff27230a7567657dd1511a6d99211671c9c617f42bc0f652467f3d8d947740,b6787b10d9869693759664607f781ff9140aa99a2e6d7b6726841ab7d7aa9936
E7C094,10,MOI,screening,low,0.1,1,medium,strict,873,1206,230.47667735798774,0.2640053577983823,0.7238805970149254,0.7238805970149254,0,0,0,0.0,0,0,230.47667735798774,0,0,0,ok,completed,5.957971399999224,b1566d8773caa1272e7a3faaccae636bc93471ce160ad6a4772832b0f691333d,13ce05c5db181772b0626fbe4f1d194081005c45564ad37624e44c30677e0c49,7a1aff9480af412a18d3939a0bc0ce54ab77288df5673f26056ef497fffa03b7
E7C094,10,PASI,screening,low,0.1,1,medium,strict,873,1206,229.42089650017812,0.26279598682723726,0.7238805970149254,0.7238805970149254,0,0,0,0.0,0,0,229.42089650017812,0,0,0,ok,completed,5.911821799999416,b1566d8773caa1272e7a3faaccae636bc93471ce160ad6a4772832b0f691333d,13ce05c5db181772b0626fbe4f1d194081005c45564ad37624e44c30677e0c49,7a1aff9480af412a18d3939a0bc0ce54ab77288df5673f26056ef497fffa03b7
E7C095,1,MOI,screening,low,0.5,20,high,strict,855,1206,279.2658999816049,0.32662678360421626,0.7089552238805971,0.7089552238805971,0,0,0,0.0,0,0,279.2658999816049,0,0,0,ok,completed,5.770272699999623,a6853d1f6a46472be7c9ef37ac0c534128e38eeee9a4af6dc1215c753dd73e8b,d66ab3746ae69bf57359cac1f8b1c6eb618a7244b4bd06dae91814cf786b2a77,06603ae9a9e9dd4b5e1bf33f1c7e7ea6d34a9bed23e6ed7a1845a17821485039
E7C095,1,PASI,screening,low,0.5,20,high,strict,855,1206,276.36360750017633,0.32323228947389043,0.7089552238805971,0.7089552238805971,0,0,0,0.0,0,0,276.36360750017633,0,0,0,ok,completed,5.893514700001106,a6853d1f6a46472be7c9ef37ac0c534128e38eeee9a4af6dc1215c753dd73e8b,d66ab3746ae69bf57359cac1f8b1c6eb618a7244b4bd06dae91814cf786b2a77,06603ae9a9e9dd4b5e1bf33f1c7e7ea6d34a9bed23e6ed7a1845a17821485039
E7C095,2,MOI,screening,low,0.5,20,high,strict,886,1206,206.23952123164648,0.23277598333142943,0.7346600331674958,0.7346600331674958,0,0,0,0.0,0,0,206.23952123164648,0,0,0,ok,completed,5.949865200000204,e7afb3295713137c70e759ced4d1be1c529b43d61136a24b4a4f1ea81f67b788,dae307466c0f2d7e7699b903b80d1e23544f00c41db5e1304b43ec51263cb44e,ba988c0a0803d37371f363aa7a4793f8481b34589c09ea6318a80ecff673d306
E7C095,2,PASI,screening,low,0.5,20,high,strict,886,1206,203.41568298096024,0.22958880697625308,0.7346600331674958,0.7346600331674958,0,0,0,0.0,0,0,203.41568298096024,0,0,0,ok,completed,5.818137000000206,e7afb3295713137c70e759ced4d1be1c529b43d61136a24b4a4f1ea81f67b788,dae307466c0f2d7e7699b903b80d1e23544f00c41db5e1304b43ec51263cb44e,ba988c0a0803d37371f363aa7a4793f8481b34589c09ea6318a80ecff673d306
E7C095,3,MOI,screening,low,0.5,20,high,strict,882,1206,277.2061215876493,0.3142926548612804,0.7313432835820896,0.7313432835820896,0,0,0,0.0,0,0,277.2061215876493,0,0,0,ok,completed,6.132910000000265,6e6ffca284f94f477304cb0337f85cbd41dc716c490254a0fa9f3b509c77d831,e4cdbc8f20cac984f5e330304cac803c185b55cf405a0586e7fac72c62462b8d,da2bfc28f8e74a9d61ee75a096c0ce369747ab1ada403bc99b8a8ba0d06c60b8
E7C095,3,PASI,screening,low,0.5,20,high,strict,882,1206,275.7137445159011,0.31260061736496725,0.7313432835820896,0.7313432835820896,0,0,0,0.0,0,0,275.7137445159011,0,0,0,ok,completed,6.1821178000000145,6e6ffca284f94f477304cb0337f85cbd41dc716c490254a0fa9f3b509c77d831,e4cdbc8f20cac984f5e330304cac803c185b55cf405a0586e7fac72c62462b8d,da2bfc28f8e74a9d61ee75a096c0ce369747ab1ada403bc99b8a8ba0d06c60b8
E7C095,4,MOI,screening,low,0.5,20,high,strict,863,1206,266.9102486117343,0.30928186397651714,0.7155887230514096,0.7155887230514096,0,0,0,0.0,0,0,266.9102486117343,0,0,0,ok,completed,6.153895299999931,b479d924483e1b20a309785a611e582afabec5a7decd37ecdaac82a22d643fb3,b27c00ae6aa33cfc0565d19aa920482babeef332343d8559989dc93b8cc2acdb,e637d82bee5f6356dffa92fbba416a33c9c092a202fdd9fcdbaaa4d2758cacaa
E7C095,4,PASI,screening,low,0.5,20,high,strict,863,1206,263.39606432806534,0.30520980802788567,0.7155887230514096,0.7155887230514096,0,0,0,0.0,0,0,263.39606432806534,0,0,0,ok,completed,5.848517899999933,b479d924483e1b20a309785a611e582afabec5a7decd37ecdaac82a22d643fb3,b27c00ae6aa33cfc0565d19aa920482babeef332343d8559989dc93b8cc2acdb,e637d82bee5f6356dffa92fbba416a33c9c092a202fdd9fcdbaaa4d2758cacaa
E7C095,5,MOI,screening,low,0.5,20,high,strict,859,1206,240.336293221628,0.27978613879118513,0.7122719734660033,0.7122719734660033,0,0,0,0.0,0,0,240.336293221628,0,0,0,ok,completed,5.780430799999522,5835ae3525d94e6b2905e151656d3fc4f01a68a364a90e09c2d74fba6ffda3c0,31b612abdfd0c127827079ee50fea19181189832da19f892a32bd95109089da5,6a71d288dcb197d223c71a9bf3b034dbe9e515e94ccef33f9176e87582080db6
E7C095,5,PASI,screening,low,0.5,20,high,strict,859,1206,236.0700084753595,0.2748195674916874,0.7122719734660033,0.7122719734660033,0,0,0,0.0,0,0,236.0700084753595,0,0,0,ok,completed,5.783530800000335,5835ae3525d94e6b2905e151656d3fc4f01a68a364a90e09c2d74fba6ffda3c0,31b612abdfd0c127827079ee50fea19181189832da19f892a32bd95109089da5,6a71d288dcb197d223c71a9bf3b034dbe9e515e94ccef33f9176e87582080db6
E7C095,6,MOI,screening,low,0.5,20,high,strict,856,1206,228.40672885867218,0.2668302907227479,0.7097844112769486,0.7097844112769486,0,0,0,0.0,0,0,228.40672885867218,0,0,0,ok,completed,5.779967500000566,f00beec923e5881e89555edc23bc5ed65e1ab571fcb71554186a85292825d71a,11cb1d2cc52ef078d70aba72f90a0ee04eadee8f538c44070cab74678943ea17,fe43a08304f68f1558559875451320e3e30c8f962300782a1def22565842d7f1
E7C095,6,PASI,screening,low,0.5,20,high,strict,856,1206,225.5757748903807,0.2635231015074541,0.7097844112769486,0.7097844112769486,0,0,0,0.0,0,0,225.5757748903807,0,0,0,ok,completed,6.111445900000035,f00beec923e5881e89555edc23bc5ed65e1ab571fcb71554186a85292825d71a,11cb1d2cc52ef078d70aba72f90a0ee04eadee8f538c44070cab74678943ea17,fe43a08304f68f1558559875451320e3e30c8f962300782a1def22565842d7f1
E7C095,7,MOI,screening,low,0.5,20,high,strict,882,1206,187.65572424695125,0.21276159211672477,0.7313432835820896,0.7313432835820896,0,0,0,0.0,0,0,187.65572424695125,0,0,0,ok,completed,5.819963299999472,699e16a61a72d6f6677c88dc92cd28e4eea46af6652088b2c45b39ce3fa488c6,743a26a15c4e74c6298bfab744dedc3455ab63886040084903705f73a56f26e1,3c2e48443c937fa027aa93e93659edbd4046a3136164f179f280f5935e4cccb9
E7C095,7,PASI,screening,low,0.5,20,high,strict,882,1206,184.68439893280294,0.20939274255419835,0.7313432835820896,0.7313432835820896,0,0,0,0.0,0,0,184.68439893280294,0,0,0,ok,completed,5.85497419999956,699e16a61a72d6f6677c88dc92cd28e4eea46af6652088b2c45b39ce3fa488c6,743a26a15c4e74c6298bfab744dedc3455ab63886040084903705f73a56f26e1,3c2e48443c937fa027aa93e93659edbd4046a3136164f179f280f5935e4cccb9
E7C095,8,MOI,screening,low,0.5,20,high,strict,843,1206,243.4734374254875,0.2888178379899021,0.6990049751243781,0.6990049751243781,0,0,0,0.0,0,0,243.4734374254875,0,0,0,ok,completed,5.871388599999591,9339345ab1e47990db2ed9dddddcaaafac158be442d6520f9b1ea59107378204,03477e9b5e7807e00eed284eb79c3662d8792fcbfa50a802900cdd4df9a90a23,f27d002226ce0a326774fb1dd954ab5bbba8d5d91162fbb93908a56918d3f2ed
E7C095,8,PASI,screening,low,0.5,20,high,strict,843,1206,239.78976556018856,0.2844481204747195,0.6990049751243781,0.6990049751243781,0,0,0,0.0,0,0,239.78976556018856,0,0,0,ok,completed,5.825766899999508,9339345ab1e47990db2ed9dddddcaaafac158be442d6520f9b1ea59107378204,03477e9b5e7807e00eed284eb79c3662d8792fcbfa50a802900cdd4df9a90a23,f27d002226ce0a326774fb1dd954ab5bbba8d5d91162fbb93908a56918d3f2ed
E7C095,9,MOI,screening,low,0.5,20,high,strict,867,1206,298.3713788053536,0.34414230542716673,0.7189054726368159,0.7189054726368159,0,0,0,0.0,0,0,298.3713788053536,0,0,0,ok,completed,6.1107605000006515,c36553b74fabe50e893eada5c8015d30900e08b71a488c7ec88c4eec579e7327,ed621ecb1233543fcbc3c2f9d986dc598487aea5a586b8bb72eacf55cddb9601,c2ad1e07d5f8d1463df59f0cc05a707041b155d7b3ea2f46081995c97de944c7
E7C095,9,PASI,screening,low,0.5,20,high,strict,867,1206,295.48315051277746,0.3408110155856718,0.7189054726368159,0.7189054726368159,0,0,0,0.0,0,0,295.48315051277746,0,0,0,ok,completed,6.169087999999647,c36553b74fabe50e893eada5c8015d30900e08b71a488c7ec88c4eec579e7327,ed621ecb1233543fcbc3c2f9d986dc598487aea5a586b8bb72eacf55cddb9601,c2ad1e07d5f8d1463df59f0cc05a707041b155d7b3ea2f46081995c97de944c7
E7C095,10,MOI,screening,low,0.5,20,high,strict,873,1206,213.34535574037812,0.24438185079081115,0.7238805970149254,0.7238805970149254,0,0,0,0.0,0,0,213.34535574037812,0,0,0,ok,completed,6.130290099999911,b1566d8773caa1272e7a3faaccae636bc93471ce160ad6a4772832b0f691333d,9c60b9e25328b057cf6a4dd4974b802aa788ec4fc8637aaf005ce5cbe082d122,bcf50bdf5af77bbae5c35af4cf628936a2e5a4f0bebe9795ecdd8f698e701ad4
E7C095,10,PASI,screening,low,0.5,20,high,strict,873,1206,209.14884785012472,0.23957485435294928,0.7238805970149254,0.7238805970149254,0,0,0,0.0,0,0,209.14884785012472,0,0,0,ok,completed,5.856562299999496,b1566d8773caa1272e7a3faaccae636bc93471ce160ad6a4772832b0f691333d,9c60b9e25328b057cf6a4dd4974b802aa788ec4fc8637aaf005ce5cbe082d122,bcf50bdf5af77bbae5c35af4cf628936a2e5a4f0bebe9795ecdd8f698e701ad4
E7C096,1,MOI,screening,high,0.0,1,low,moderate,2516,3531,910.2724667127061,0.3617935082323951,0.712546020957236,0.712546020957236,0,0,0,0.0,0,0,910.2724667127061,0,0,0,ok,completed,6.716356100005214,e60a9613cc052e89d5f54455389db3597a9004f2d0eaa3214d6c414d8926d44a,11cef9cb8cbbe9fbae7880ebb50922c001b7b73d11314e6bdd4a7fc541a92f20,3e024de0fc0591f045855e7867fa9670b5d2e1fd8d79c6b592dad44f282eb61d
E7C096,1,PASI,screening,high,0.0,1,low,moderate,2516,3531,910.2724667127061,0.3617935082323951,0.712546020957236,0.712546020957236,0,0,0,0.0,0,0,910.2724667127061,0,0,0,ok,completed,6.686574000006658,e60a9613cc052e89d5f54455389db3597a9004f2d0eaa3214d6c414d8926d44a,11cef9cb8cbbe9fbae7880ebb50922c001b7b73d11314e6bdd4a7fc541a92f20,3e024de0fc0591f045855e7867fa9670b5d2e1fd8d79c6b592dad44f282eb61d
E7C096,2,MOI,screening,high,0.0,1,low,moderate,2511,3531,746.7022163101442,0.29737244775394034,0.7111299915038233,0.7111299915038233,0,0,0,0.0,0,0,746.7022163101442,0,0,0,ok,completed,6.805817000000388,ec6fb6e3e70e4e4cfaf432beb8c8e81197411dc276b4156fadadf46c4149536b,492d4cad035985c18923cfde4bc4232fa03b6a93196cdf24efda7f57b3d85ad6,9f6841c25894caffc9932cd29ec32e4249fcb3ff07ee99ee06ee1e922ba20f55
E7C096,2,PASI,screening,high,0.0,1,low,moderate,2511,3531,746.7022163101442,0.29737244775394034,0.7111299915038233,0.7111299915038233,0,0,0,0.0,0,0,746.7022163101442,0,0,0,ok,completed,6.783461699999862,ec6fb6e3e70e4e4cfaf432beb8c8e81197411dc276b4156fadadf46c4149536b,492d4cad035985c18923cfde4bc4232fa03b6a93196cdf24efda7f57b3d85ad6,9f6841c25894caffc9932cd29ec32e4249fcb3ff07ee99ee06ee1e922ba20f55
E7C096,3,MOI,screening,high,0.0,1,low,moderate,2478,3531,919.2364683492042,0.37095902677530435,0.7017841971112999,0.7017841971112999,0,0,0,0.0,0,0,919.2364683492042,0,0,0,ok,completed,6.879508299999543,c44b94beec3a0f3f02bc5e6fa6cd1528e66f2f4dc81fc3d375d0a2fa4a82c358,e1e48c4a0d095eaddd1c487f357c5a5231c41cf97c05d582ee656f2824b389b9,9ad02bf933a30ef1074f605abae72e3c03fdf7fa8b52a0378d91cad36f536f93
E7C096,3,PASI,screening,high,0.0,1,low,moderate,2478,3531,919.2364683492042,0.37095902677530435,0.7017841971112999,0.7017841971112999,0,0,0,0.0,0,0,919.2364683492042,0,0,0,ok,completed,7.264437099999668,c44b94beec3a0f3f02bc5e6fa6cd1528e66f2f4dc81fc3d375d0a2fa4a82c358,e1e48c4a0d095eaddd1c487f357c5a5231c41cf97c05d582ee656f2824b389b9,9ad02bf933a30ef1074f605abae72e3c03fdf7fa8b52a0378d91cad36f536f93
E7C096,4,MOI,screening,high,0.0,1,low,moderate,2484,3531,826.1678883424686,0.3325957682538118,0.703483432455395,0.703483432455395,0,0,0,0.0,0,0,826.1678883424686,0,0,0,ok,completed,6.828570000000582,b3523e2089dbd7a32da94bd9af1457f53f613cc29afd93e90d9e37732b37fa40,2e4fa65a58cb09ed60334251d14263a9ac2f7df6c2af4ea3d214ae55c8fa675d,b1faaa75f5a8fbf2d8dbdc3ff2c39a05ab0d5e579dd6ef883f79e69f01056f54
E7C096,4,PASI,screening,high,0.0,1,low,moderate,2484,3531,826.1678883424686,0.3325957682538118,0.703483432455395,0.703483432455395,0,0,0,0.0,0,0,826.1678883424686,0,0,0,ok,completed,7.102312899999561,b3523e2089dbd7a32da94bd9af1457f53f613cc29afd93e90d9e37732b37fa40,2e4fa65a58cb09ed60334251d14263a9ac2f7df6c2af4ea3d214ae55c8fa675d,b1faaa75f5a8fbf2d8dbdc3ff2c39a05ab0d5e579dd6ef883f79e69f01056f54
E7C096,5,MOI,screening,high,0.0,1,low,moderate,2502,3531,771.8693241406545,0.3085009289131313,0.7085811384876806,0.7085811384876806,0,0,0,0.0,0,0,771.8693241406545,0,0,0,ok,completed,6.849477900000238,9c91d040fe812b98e9b759b6161595b173d2d116b16ce3708a8597be62bb4e8a,a0144a97460eb561ed5ae3c768bb8599f8b0b02944531430c25196e23bb7af33,23f31fb44c2151ecec140f469e7a5aa27a98b97346f785d32d2b78f1e40eaaa2
E7C096,5,PASI,screening,high,0.0,1,low,moderate,2502,3531,771.8693241406545,0.3085009289131313,0.7085811384876806,0.7085811384876806,0,0,0,0.0,0,0,771.8693241406545,0,0,0,ok,completed,7.066410100000212,9c91d040fe812b98e9b759b6161595b173d2d116b16ce3708a8597be62bb4e8a,a0144a97460eb561ed5ae3c768bb8599f8b0b02944531430c25196e23bb7af33,23f31fb44c2151ecec140f469e7a5aa27a98b97346f785d32d2b78f1e40eaaa2
E7C096,6,MOI,screening,high,0.0,1,low,moderate,2523,3531,704.20006703739,0.2791121946244114,0.7145284621920136,0.7145284621920136,0,0,0,0.0,0,0,704.20006703739,0,0,0,ok,completed,7.393041899999844,2e819b4fd88809fe30a8e26b180554e99e1dc9845ddda4dd3314189e44d73369,52fe198786d2ed48372d917ed90519c979331f4eb0cf355898006eb579419719,a01024b46c5cd6db540437a8353ce50a9c2e98496a6a25611e381448e6e7f7d8
E7C096,6,PASI,screening,high,0.0,1,low,moderate,2523,3531,704.20006703739,0.2791121946244114,0.7145284621920136,0.7145284621920136,0,0,0,0.0,0,0,704.20006703739,0,0,0,ok,completed,7.16751209999984,2e819b4fd88809fe30a8e26b180554e99e1dc9845ddda4dd3314189e44d73369,52fe198786d2ed48372d917ed90519c979331f4eb0cf355898006eb579419719,a01024b46c5cd6db540437a8353ce50a9c2e98496a6a25611e381448e6e7f7d8
E7C096,7,MOI,screening,high,0.0,1,low,moderate,2484,3531,671.0356064581647,0.2701431587995832,0.703483432455395,0.703483432455395,0,0,0,0.0,0,0,671.0356064581647,0,0,0,ok,completed,7.4508546999995815,a4a74c297dd7facbcadc3f2bfea242294af7bea2cb4a29c627d99e29a9dfb6e7,60406b0b46e23fe9e145188679264675393880ba816980a155d4f156aa3b9e2a,56872071734b74b9d14baccddbbd70d4b24ce6d0d2850c57595ff71bf82ac83a
E7C096,7,PASI,screening,high,0.0,1,low,moderate,2484,3531,671.0356064581647,0.2701431587995832,0.703483432455395,0.703483432455395,0,0,0,0.0,0,0,671.0356064581647,0,0,0,ok,completed,7.295529199999692,a4a74c297dd7facbcadc3f2bfea242294af7bea2cb4a29c627d99e29a9dfb6e7,60406b0b46e23fe9e145188679264675393880ba816980a155d4f156aa3b9e2a,56872071734b74b9d14baccddbbd70d4b24ce6d0d2850c57595ff71bf82ac83a
E7C096,8,MOI,screening,high,0.0,1,low,moderate,2541,3531,777.2097579034889,0.30586767331896453,0.719626168224299,0.719626168224299,0,0,0,0.0,0,0,777.2097579034889,0,0,0,ok,completed,7.14746920000016,2e4d842490f744be05f504ad4e589f453696f55663201363d55bb7b564314928,bad71a5bf90b2748d558e7bd9e582545259049198d51b02a0d523354be940943,5879fbbfa08babc52c6885b7024ad860f6467002789de247004a6b90061c0145
E7C096,8,PASI,screening,high,0.0,1,low,moderate,2541,3531,777.2097579034889,0.30586767331896453,0.719626168224299,0.719626168224299,0,0,0,0.0,0,0,777.2097579034889,0,0,0,ok,completed,7.127282600000399,2e4d842490f744be05f504ad4e589f453696f55663201363d55bb7b564314928,bad71a5bf90b2748d558e7bd9e582545259049198d51b02a0d523354be940943,5879fbbfa08babc52c6885b7024ad860f6467002789de247004a6b90061c0145
E7C096,9,MOI,screening,high,0.0,1,low,moderate,2494,3531,796.2193750911035,0.31925395953933583,0.7063154913622204,0.7063154913622204,0,0,0,0.0,0,0,796.2193750911035,0,0,0,ok,completed,7.128973700000643,05644c349dadd2679e3020242271f6c70707fe1f74822a0aab58fe3b5ac86b1b,d8ff27230a7567657dd1511a6d99211671c9c617f42bc0f652467f3d8d947740,3e567578a77668cfeaee69578eb5540dfd302d67c71982b86dde54b1f13d0da9
E7C096,9,PASI,screening,high,0.0,1,low,moderate,2494,3531,796.2193750911035,0.31925395953933583,0.7063154913622204,0.7063154913622204,0,0,0,0.0,0,0,796.2193750911035,0,0,0,ok,completed,7.1217398999997386,05644c349dadd2679e3020242271f6c70707fe1f74822a0aab58fe3b5ac86b1b,d8ff27230a7567657dd1511a6d99211671c9c617f42bc0f652467f3d8d947740,3e567578a77668cfeaee69578eb5540dfd302d67c71982b86dde54b1f13d0da9
E7C096,10,MOI,screening,high,0.0,1,low,moderate,2501,3531,718.398297918171,0.2872444213987089,0.708297932596998,0.708297932596998,0,0,0,0.0,0,0,718.398297918171,0,0,0,ok,completed,7.131898100000399,ae2f818058c1f2abf5435b1a214d3adaed90fbe8b8524612ee7f9075b830725b,13ce05c5db181772b0626fbe4f1d194081005c45564ad37624e44c30677e0c49,c6434b99eb44e7b7df1aab0af95f4523fcd5ff3db742a2ef229ba0fb76b9e926
E7C096,10,PASI,screening,high,0.0,1,low,moderate,2501,3531,718.398297918171,0.2872444213987089,0.708297932596998,0.708297932596998,0,0,0,0.0,0,0,718.398297918171,0,0,0,ok,completed,7.115588800000296,ae2f818058c1f2abf5435b1a214d3adaed90fbe8b8524612ee7f9075b830725b,13ce05c5db181772b0626fbe4f1d194081005c45564ad37624e44c30677e0c49,c6434b99eb44e7b7df1aab0af95f4523fcd5ff3db742a2ef229ba0fb76b9e926
E7C096,11,MOI,confirmation,high,0.0,1,low,moderate,2474,3531,720.063289388537,0.29105225925163175,0.7006513735485698,0.7006513735485698,0,0,0,0.0,0,0,720.063289388537,0,0,0,ok,completed,7.139847600000394,1dc5d8d83c4ff7f26667a371d655b4dba6d74adf688f0f6888c0ba104d87df45,f7706cdce9024d7bd9d25879845ea82c3c6e24e7fd0e7f1f10efac1c7af360c0,5c729152d093dad6d814d8901836880b3facc1c61e1cd7d50f5ba5340f73db12
E7C096,11,PASI,confirmation,high,0.0,1,low,moderate,2474,3531,720.063289388537,0.29105225925163175,0.7006513735485698,0.7006513735485698,0,0,0,0.0,0,0,720.063289388537,0,0,0,ok,completed,6.998347800000374,1dc5d8d83c4ff7f26667a371d655b4dba6d74adf688f0f6888c0ba104d87df45,f7706cdce9024d7bd9d25879845ea82c3c6e24e7fd0e7f1f10efac1c7af360c0,5c729152d093dad6d814d8901836880b3facc1c61e1cd7d50f5ba5340f73db12
E7C096,12,MOI,confirmation,high,0.0,1,low,moderate,2504,3531,773.8445039308302,0.30904333224074687,0.7091475502690456,0.7091475502690456,0,0,0,0.0,0,0,773.8445039308302,0,0,0,ok,completed,7.09116240000003,141971c4c9f87dcd134fd815fdf20a03c64a66303785cd229689f296e00e5f36,a379596a93efb3101269008e362959716e99dcac336dcf482e5a5d1fb502d7f6,d2b404fb2d271b93fc60c2febf32ec4fb5aea3f8834ca7cc6b10a6d1d13659f9
E7C096,12,PASI,confirmation,high,0.0,1,low,moderate,2504,3531,773.8445039308302,0.30904333224074687,0.7091475502690456,0.7091475502690456,0,0,0,0.0,0,0,773.8445039308302,0,0,0,ok,completed,7.1224787999999535,141971c4c9f87dcd134fd815fdf20a03c64a66303785cd229689f296e00e5f36,a379596a93efb3101269008e362959716e99dcac336dcf482e5a5d1fb502d7f6,d2b404fb2d271b93fc60c2febf32ec4fb5aea3f8834ca7cc6b10a6d1d13659f9
E7C096,13,MOI,confirmation,high,0.0,1,low,moderate,2499,3531,951.0100332627193,0.38055623579940745,0.707731520815633,0.707731520815633,0,0,0,0.0,0,0,951.0100332627193,0,0,0,ok,completed,7.2324798999998166,9074fe90fcb9cc353470b45d003d201b6fcb043506454aab79686b78c76659f3,2eb98328a158851ee83fc3c7f5635c01610effee1c25c99cce78fe8564ea1da7,5da49276ffac8de30ec038d31f23ba51e7bd42e0345d80d18237a2f9b656b6aa
E7C096,13,PASI,confirmation,high,0.0,1,low,moderate,2499,3531,951.0100332627193,0.38055623579940745,0.707731520815633,0.707731520815633,0,0,0,0.0,0,0,951.0100332627193,0,0,0,ok,completed,7.247315100000378,9074fe90fcb9cc353470b45d003d201b6fcb043506454aab79686b78c76659f3,2eb98328a158851ee83fc3c7f5635c01610effee1c25c99cce78fe8564ea1da7,5da49276ffac8de30ec038d31f23ba51e7bd42e0345d80d18237a2f9b656b6aa
E7C096,14,MOI,confirmation,high,0.0,1,low,moderate,2497,3531,785.7487848374678,0.31467712648677126,0.7071651090342679,0.7071651090342679,0,0,0,0.0,0,0,785.7487848374678,0,0,0,ok,completed,7.087460000000647,27e53d29734b221c9bac3a41c68ba0d735e45a596930c2c9ca7853d54b2b9f75,d9f8b33db5de6f0b98ff6fbe3e88f6e8b3e792c7a0ff314c119ad39eb5820357,7d7be247c51d3f3babe8a2c1271f5936a6719f1a3a5c24d9f730ca583511fea7
E7C096,14,PASI,confirmation,high,0.0,1,low,moderate,2497,3531,785.7487848374678,0.31467712648677126,0.7071651090342679,0.7071651090342679,0,0,0,0.0,0,0,785.7487848374678,0,0,0,ok,completed,7.392003799999657,27e53d29734b221c9bac3a41c68ba0d735e45a596930c2c9ca7853d54b2b9f75,d9f8b33db5de6f0b98ff6fbe3e88f6e8b3e792c7a0ff314c119ad39eb5820357,7d7be247c51d3f3babe8a2c1271f5936a6719f1a3a5c24d9f730ca583511fea7
E7C096,15,MOI,confirmation,high,0.0,1,low,moderate,2490,3531,946.6014509401746,0.38016122527717855,0.7051826677994902,0.7051826677994902,0,0,0,0.0,0,0,946.6014509401746,0,0,0,ok,completed,7.0268293999997695,ab50d6d16b442b10180b2ee2f4953e9e66ff1d97c5c57a09b308c23e6d74368e,0a021ae0dd6dea41777d906289a82dacc0e204ba6317d3d29b9ce45113d2c5f5,728528174c67e79afdf2b34b48e60a3ff2913a2b65e95ff0cba895b42cac1f6f
E7C096,15,PASI,confirmation,high,0.0,1,low,moderate,2490,3531,946.6014509401746,0.38016122527717855,0.7051826677994902,0.7051826677994902,0,0,0,0.0,0,0,946.6014509401746,0,0,0,ok,completed,7.254713400001492,ab50d6d16b442b10180b2ee2f4953e9e66ff1d97c5c57a09b308c23e6d74368e,0a021ae0dd6dea41777d906289a82dacc0e204ba6317d3d29b9ce45113d2c5f5,728528174c67e79afdf2b34b48e60a3ff2913a2b65e95ff0cba895b42cac1f6f
E7C096,16,MOI,confirmation,high,0.0,1,low,moderate,2507,3531,842.8803559707786,0.33621075228192204,0.7099971679410931,0.7099971679410931,0,0,0,0.0,0,0,842.8803559707786,0,0,0,ok,completed,7.370583199999601,2751157e1905b0b1f79d85004bf8e9c476772c898e43bfe8d4a914d9e24c5d53,8ba0a3081feafbd776d09ec414b807c7e93091c10454c068b41b7636fe92896a,e0e36f0b554ab7676e8516bd202e551ad42c0fdb3a341b814b6b84b3c057ca35
E7C096,16,PASI,confirmation,high,0.0,1,low,moderate,2507,3531,842.8803559707786,0.33621075228192204,0.7099971679410931,0.7099971679410931,0,0,0,0.0,0,0,842.8803559707786,0,0,0,ok,completed,7.274223100001109,2751157e1905b0b1f79d85004bf8e9c476772c898e43bfe8d4a914d9e24c5d53,8ba0a3081feafbd776d09ec414b807c7e93091c10454c068b41b7636fe92896a,e0e36f0b554ab7676e8516bd202e551ad42c0fdb3a341b814b6b84b3c057ca35
E7C096,17,MOI,confirmation,high,0.0,1,low,moderate,2510,3531,845.3342000076786,0.33678653386760105,0.7108467856131407,0.7108467856131407,0,0,0,0.0,0,0,845.3342000076786,0,0,0,ok,completed,7.417458399999305,e09c0cb7bf613f4d92e9b094dd3061dc9256083af3c6f7d97022567875ec36c2,fb626e6cb61f96dc9da220f8aa2cff956edb93a75022b7045c65b8eec691f343,42ec7a1c7f9b3d762e4f2a220e73dbf945e2a81bd62b44338b7dbb854671f79d
E7C096,17,PASI,confirmation,high,0.0,1,low,moderate,2510,3531,845.3342000076786,0.33678653386760105,0.7108467856131407,0.7108467856131407,0,0,0,0.0,0,0,845.3342000076786,0,0,0,ok,completed,7.528167800001029,e09c0cb7bf613f4d92e9b094dd3061dc9256083af3c6f7d97022567875ec36c2,fb626e6cb61f96dc9da220f8aa2cff956edb93a75022b7045c65b8eec691f343,42ec7a1c7f9b3d762e4f2a220e73dbf945e2a81bd62b44338b7dbb854671f79d
E7C096,18,MOI,confirmation,high,0.0,1,low,moderate,2532,3531,768.4612994776782,0.3034997233324163,0.7170773152081563,0.7170773152081563,0,0,0,0.0,0,0,768.4612994776782,0,0,0,ok,completed,7.353515299999344,b2164bc34f219a41bd28af541ef2b26af2810025778734f06f0cca51e19828e2,5141075eb5dd8f05773739a761e8e9ebb1c7aba8525692bdc14f16cb99f840eb,c47c22ea30c31902a5d8a4bb259841051c412553a41c968136798a529ff85fa8
E7C096,18,PASI,confirmation,high,0.0,1,low,moderate,2532,3531,768.4612994776782,0.3034997233324163,0.7170773152081563,0.7170773152081563,0,0,0,0.0,0,0,768.4612994776782,0,0,0,ok,completed,7.4988546000004135,b2164bc34f219a41bd28af541ef2b26af2810025778734f06f0cca51e19828e2,5141075eb5dd8f05773739a761e8e9ebb1c7aba8525692bdc14f16cb99f840eb,c47c22ea30c31902a5d8a4bb259841051c412553a41c968136798a529ff85fa8
E7C096,19,MOI,confirmation,high,0.0,1,low,moderate,2509,3531,754.5937673362552,0.30075478969161223,0.7105635797224582,0.7105635797224582,0,0,0,0.0,0,0,754.5937673362552,0,0,0,ok,completed,7.276932799999486,dbef863e669ee7f9568b8e04bc9cf6844fa03402e63e0d184a565bf06683fcc6,9403b969f38df7b07a6b636b335ac6f7c6650b737e62fa85c7153363c0b0d86d,771ff013c1675f66abb79e92aebb0aaedadfbde47a0a8fab98e3872d6eac0f28
E7C096,19,PASI,confirmation,high,0.0,1,low,moderate,2509,3531,754.5937673362552,0.30075478969161223,0.7105635797224582,0.7105635797224582,0,0,0,0.0,0,0,754.5937673362552,0,0,0,ok,completed,6.921814699999231,dbef863e669ee7f9568b8e04bc9cf6844fa03402e63e0d184a565bf06683fcc6,9403b969f38df7b07a6b636b335ac6f7c6650b737e62fa85c7153363c0b0d86d,771ff013c1675f66abb79e92aebb0aaedadfbde47a0a8fab98e3872d6eac0f28
E7C096,20,MOI,confirmation,high,0.0,1,low,moderate,2486,3531,791.5775211963715,0.3184141275930698,0.7040498442367601,0.7040498442367601,0,0,0,0.0,0,0,791.5775211963715,0,0,0,ok,completed,6.991550400000051,34b6a1b2e592587dddba2e448ad5dfa4bb26d4bec6d4e018a4813244b3498783,aa5c1655f47dd0caf7c02f92320ad81da6e646155f21f96d34f9850f985d09c3,daad655cf922cd1afabce215704d9b86d74f9d3eeb5f2d0547762540e0608d75
E7C096,20,PASI,confirmation,high,0.0,1,low,moderate,2486,3531,791.5775211963715,0.3184141275930698,0.7040498442367601,0.7040498442367601,0,0,0,0.0,0,0,791.5775211963715,0,0,0,ok,completed,6.8320956000006845,34b6a1b2e592587dddba2e448ad5dfa4bb26d4bec6d4e018a4813244b3498783,aa5c1655f47dd0caf7c02f92320ad81da6e646155f21f96d34f9850f985d09c3,daad655cf922cd1afabce215704d9b86d74f9d3eeb5f2d0547762540e0608d75
E7C096,21,MOI,confirmation,high,0.0,1,low,moderate,2509,3531,743.0713978560582,0.2961623745938853,0.7105635797224582,0.7105635797224582,0,0,0,0.0,0,0,743.0713978560582,0,0,0,ok,completed,7.052424499999688,940b178c7b38e471cbb656ebd731152dde5e08e998c076ff334e990775a3472b,ded53d733a16e2939c3c098abc37364fbeaa338ef2c14fc4b8cb7fd970c9d2ae,8ee424f4fe55f4d31d1a5d537878bb2b616a505b1567dea7778db910e596dfa7
E7C096,21,PASI,confirmation,high,0.0,1,low,moderate,2509,3531,743.0713978560582,0.2961623745938853,0.7105635797224582,0.7105635797224582,0,0,0,0.0,0,0,743.0713978560582,0,0,0,ok,completed,7.346090799999729,940b178c7b38e471cbb656ebd731152dde5e08e998c076ff334e990775a3472b,ded53d733a16e2939c3c098abc37364fbeaa338ef2c14fc4b8cb7fd970c9d2ae,8ee424f4fe55f4d31d1a5d537878bb2b616a505b1567dea7778db910e596dfa7
E7C096,22,MOI,confirmation,high,0.0,1,low,moderate,2487,3531,840.3461251843544,0.3378955067086266,0.7043330501274426,0.7043330501274426,0,0,0,0.0,0,0,840.3461251843544,0,0,0,ok,completed,7.193855800000165,ebc049bc3ed5762b2c1a5be3458dec329584f31240d81ca06af4d790e3beaaab,32da06f494c041bf6e8457599bb6ec9b599a364e06d2cdf9aa41638120d780d9,0637f4853950f1dd9d733b5efff41e95e2c6c5fbf76ea22b90eda91a4e1fe9bb
E7C096,22,PASI,confirmation,high,0.0,1,low,moderate,2487,3531,840.3461251843544,0.3378955067086266,0.7043330501274426,0.7043330501274426,0,0,0,0.0,0,0,840.3461251843544,0,0,0,ok,completed,7.336443000000145,ebc049bc3ed5762b2c1a5be3458dec329584f31240d81ca06af4d790e3beaaab,32da06f494c041bf6e8457599bb6ec9b599a364e06d2cdf9aa41638120d780d9,0637f4853950f1dd9d733b5efff41e95e2c6c5fbf76ea22b90eda91a4e1fe9bb
E7C096,23,MOI,confirmation,high,0.0,1,low,moderate,2468,3531,832.0867005566129,0.3371502028187248,0.6989521382044747,0.6989521382044747,0,0,0,0.0,0,0,832.0867005566129,0,0,0,ok,completed,7.566073099998903,d28ab22677248eb1ad0ab57f4e02a0ff68213b82a56fc9b0b34f2e9e57ed45a9,41693687310bffc7b8336a9acafc966b00f0f7aeb6e44176b82e5ae567c30fe3,4897eb9e837d7d1d149e1667813f834da7708ee899772bc7f0a53b629bb52da0
E7C096,23,PASI,confirmation,high,0.0,1,low,moderate,2468,3531,832.0867005566129,0.3371502028187248,0.6989521382044747,0.6989521382044747,0,0,0,0.0,0,0,832.0867005566129,0,0,0,ok,completed,7.6474878000008175,d28ab22677248eb1ad0ab57f4e02a0ff68213b82a56fc9b0b34f2e9e57ed45a9,41693687310bffc7b8336a9acafc966b00f0f7aeb6e44176b82e5ae567c30fe3,4897eb9e837d7d1d149e1667813f834da7708ee899772bc7f0a53b629bb52da0
E7C096,24,MOI,confirmation,high,0.0,1,low,moderate,2489,3531,741.4685344034372,0.29789816569041266,0.7048994619088077,0.7048994619088077,0,0,0,0.0,0,0,741.4685344034372,0,0,0,ok,completed,7.834547899999961,7094662f329ba50eb687cdc22e50f25624d0f8e44dd6857a7288afdcf6187ab0,ad7fdb2bc7be9dff62416cd4169b42d277b136e77b3b1ce04a9ba2195e45a182,2e8bed6b65023a918e03302e07aa8529ee9dcb7f343573e804b4c2bad4fac72a
E7C096,24,PASI,confirmation,high,0.0,1,low,moderate,2489,3531,741.4685344034372,0.29789816569041266,0.7048994619088077,0.7048994619088077,0,0,0,0.0,0,0,741.4685344034372,0,0,0,ok,completed,7.756788900000174,7094662f329ba50eb687cdc22e50f25624d0f8e44dd6857a7288afdcf6187ab0,ad7fdb2bc7be9dff62416cd4169b42d277b136e77b3b1ce04a9ba2195e45a182,2e8bed6b65023a918e03302e07aa8529ee9dcb7f343573e804b4c2bad4fac72a
E7C096,25,MOI,confirmation,high,0.0,1,low,moderate,2515,3531,807.8244245390138,0.32120255448867346,0.7122628150665534,0.7122628150665534,0,0,0,0.0,0,0,807.8244245390138,0,0,0,ok,completed,7.546595199999501,d34d66fcf1043b074a249930f85f8c49f6195cfedfa3cb58caab3d3f1b8cc21b,99eab72e72ee86df4094db41395b182bc0b43d791f691a770b2cbf353851271c,6d92f7be72f60b23ac773ef1fb910967c3ba4530f17b1f07382ca3ac2f6081b7
E7C096,25,PASI,confirmation,high,0.0,1,low,moderate,2515,3531,807.8244245390138,0.32120255448867346,0.7122628150665534,0.7122628150665534,0,0,0,0.0,0,0,807.8244245390138,0,0,0,ok,completed,7.34191649999957,d34d66fcf1043b074a249930f85f8c49f6195cfedfa3cb58caab3d3f1b8cc21b,99eab72e72ee86df4094db41395b182bc0b43d791f691a770b2cbf353851271c,6d92f7be72f60b23ac773ef1fb910967c3ba4530f17b1f07382ca3ac2f6081b7
E7C096,26,MOI,confirmation,high,0.0,1,low,moderate,2487,3531,694.6691530945652,0.2793201258924669,0.7043330501274426,0.7043330501274426,0,0,0,0.0,0,0,694.6691530945652,0,0,0,ok,completed,7.298515500000576,4b076f89f78f349a7487f49ad4adc27f30202e18a5712cf89245e2a81d6d62b7,a3434235138dc5d561b3b6d6a1f650c66cf0f67c4476d12aaebcc8e2396ad519,f3a7af1b8c43f1c2f447c365db9e1238afa6c87827e3e5f3c69b01948e3bc6cc
E7C096,26,PASI,confirmation,high,0.0,1,low,moderate,2487,3531,694.6691530945652,0.2793201258924669,0.7043330501274426,0.7043330501274426,0,0,0,0.0,0,0,694.6691530945652,0,0,0,ok,completed,7.183864200000244,4b076f89f78f349a7487f49ad4adc27f30202e18a5712cf89245e2a81d6d62b7,a3434235138dc5d561b3b6d6a1f650c66cf0f67c4476d12aaebcc8e2396ad519,f3a7af1b8c43f1c2f447c365db9e1238afa6c87827e3e5f3c69b01948e3bc6cc
E7C096,27,MOI,confirmation,high,0.0,1,low,moderate,2466,3531,776.1341208539046,0.31473403116541143,0.6983857264231096,0.6983857264231096,0,0,0,0.0,0,0,776.1341208539046,0,0,0,ok,completed,7.292962499999703,33eade8924cda5088e54eed14fc5e717890938024067ba9019b96972f7b11018,8cfc378df87b1368e3d6661f2e0e4d6adb02448cfbaf417d1515996732f269bc,44f1fbf191bfe8fb7126450cb77200e8cae9f22ebe57479f9e709ee0e1352321
E7C096,27,PASI,confirmation,high,0.0,1,low,moderate,2466,3531,776.1341208539046,0.31473403116541143,0.6983857264231096,0.6983857264231096,0,0,0,0.0,0,0,776.1341208539046,0,0,0,ok,completed,7.398905699999887,33eade8924cda5088e54eed14fc5e717890938024067ba9019b96972f7b11018,8cfc378df87b1368e3d6661f2e0e4d6adb02448cfbaf417d1515996732f269bc,44f1fbf191bfe8fb7126450cb77200e8cae9f22ebe57479f9e709ee0e1352321
E7C096,28,MOI,confirmation,high,0.0,1,low,moderate,2509,3531,859.0532630621943,0.3423887058836964,0.7105635797224582,0.7105635797224582,0,0,0,0.0,0,0,859.0532630621943,0,0,0,ok,completed,7.114861699999892,4ce9c508500db373a8390008137723292c93f69afe73fedbff88baaa2479b6fe,0b0df535810243fe4ed7435e88c30b99f0f25d611649525f94f31b59c12be119,5d545954ca61f7e1e66b27a6ce373298c041efdc5536e3550e8d3c0697142b30
E7C096,28,PASI,confirmation,high,0.0,1,low,moderate,2509,3531,859.0532630621943,0.3423887058836964,0.7105635797224582,0.7105635797224582,0,0,0,0.0,0,0,859.0532630621943,0,0,0,ok,completed,7.157234399999652,4ce9c508500db373a8390008137723292c93f69afe73fedbff88baaa2479b6fe,0b0df535810243fe4ed7435e88c30b99f0f25d611649525f94f31b59c12be119,5d545954ca61f7e1e66b27a6ce373298c041efdc5536e3550e8d3c0697142b30
E7C096,29,MOI,confirmation,high,0.0,1,low,moderate,2468,3531,675.52536824311,0.2737136824323785,0.6989521382044747,0.6989521382044747,0,0,0,0.0,0,0,675.52536824311,0,0,0,ok,completed,7.185935999999856,22ceac79aa23bc6c907e481f1c6edb7e29874091faf53714d72926e26ca216b6,a8048f7d5b50f7eae5ece9b76f9717866683008eace3476531c80e8197c4dd59,f3755b777ab410c00fd455e5dee9ea73d55d7df70a1bf441df9bf675dd1846b0
E7C096,29,PASI,confirmation,high,0.0,1,low,moderate,2468,3531,675.52536824311,0.2737136824323785,0.6989521382044747,0.6989521382044747,0,0,0,0.0,0,0,675.52536824311,0,0,0,ok,completed,7.102453200001037,22ceac79aa23bc6c907e481f1c6edb7e29874091faf53714d72926e26ca216b6,a8048f7d5b50f7eae5ece9b76f9717866683008eace3476531c80e8197c4dd59,f3755b777ab410c00fd455e5dee9ea73d55d7df70a1bf441df9bf675dd1846b0
E7C096,30,MOI,confirmation,high,0.0,1,low,moderate,2496,3531,745.9014345078513,0.29883871574833787,0.7068819031435853,0.7068819031435853,0,0,0,0.0,0,0,745.9014345078513,0,0,0,ok,completed,7.435573000000659,9f56fc1393a128afb02e083d417b3b79faae9b7e739de07c1bdc7da4740e30e1,a7575d83900f14c8b3204f1f14a59b5097569b6ac97f127ce887a65d4f80c453,9beacb63c47580e7408b481965862b7ce9b3284c85d6279a4c04583945f9bdc9
E7C096,30,PASI,confirmation,high,0.0,1,low,moderate,2496,3531,745.9014345078513,0.29883871574833787,0.7068819031435853,0.7068819031435853,0,0,0,0.0,0,0,745.9014345078513,0,0,0,ok,completed,7.432492400001138,9f56fc1393a128afb02e083d417b3b79faae9b7e739de07c1bdc7da4740e30e1,a7575d83900f14c8b3204f1f14a59b5097569b6ac97f127ce887a65d4f80c453,9beacb63c47580e7408b481965862b7ce9b3284c85d6279a4c04583945f9bdc9
