seed,half_width,scenario,profile,run_id,n_episodes,tasks,assigned,qualified,coverage,qualified_coverage,qos_violations,qos_violation_rate,ir_violations,ir_violation_rate,target_violations,payment,pps,reserved_budget,available_budget,reservation_minus_settlement,slots_reservation_exceeds_budget,slots_settlement_exceeds_reservation,selected_contracts_settlement_exceeds_reserve,min_selected_objective_utility,information_checks,information_mismatches,max_decision_cost_drift,certificate_slots,certificate_failures,run_status,diagnostic_issues,event_tape_hash,spatial_graph_sha256,config_sha256,contract_protocol_version,decision_cost_basis,runtime_seconds,evaluation_protocol_version,settlement_cost_basis,robust_ir_policy,guarantee_scope,service_outcome_status,execution_status,settlement_over_reservation_slots,settlement_over_available_budget_slots,reservation_over_available_budget_slots,population_risk_certified,core_sha256,runner_sha256,contract_D_bar,matching_budget_ratio,design_physical_ceiling,design_ceiling_residual,slots_above_design_ceiling,slots_below_design_ceiling,ceiling_scope
2,0.3,down_step,fixed_envelope,r56_seed002__down_step__fixed_envelope,1,1777,991,991,0.5576814856499719,0.5576814856499719,0,0.0,0,0.0,0,539.336549232606,0.5442346611832553,581.130396040277,19654.97618304589,41.793846807671,0,0,0,0.09627465741810334,12024,0,0.0,5,0,ok,[],90802de520b36e165e706a53039ed472457876af802c6e97df3067a809147f5a,a513b7226598a13decacb11a74c87b9d4af43c80efedc379f0f00a027a173ec4,fe51af433945f05a524471880c1205d019f017778bb162ae1ad33acafc0d1e11,r51-free-action-design-only-v1,continuous_envelope_payment_upper_bound,4.554094600003737,r53-service-outcomes-v1,objective_expected_payment_at_executed_response,continuous_box_sufficient_reserve_v1,conditional_on_declared_cost_response_state_bounds_and_known_weighting,passed_observed,completed,0,0,0,False,ffa937f3a51565ce6ef916575ae3965b1ddc3a7501d45745ff113b51cb363fe5,d1acf522a0b674e4d35c5387b40bdfcef2c5618311aada2f72c24673c687c00f,50.0,3.5,991,0,0,0,design physical graph; nominal bound is not a guarantee at perturbed true response
2,0.3,down_step,frozen_point,r56_seed002__down_step__frozen_point,1,1777,1386,1152,0.7799662352279122,0.6482836240855374,234,0.16883116883116883,0,0.0,0,369.4735388196183,0.26657542483377944,388.827980084802,19654.97618304589,19.35444126518371,0,0,0,0.019919502901501962,12024,0,0.0,5,0,failed,"[""QoS violations: 234""]",90802de520b36e165e706a53039ed472457876af802c6e97df3067a809147f5a,a513b7226598a13decacb11a74c87b9d4af43c80efedc379f0f00a027a173ec4,9e1f91c6d10b94ceba8aad02e04308ee13023bbfbc2a48dc715f8f5d6d76e780,r51-free-action-design-only-v1,design_expected_payment,3.575495299999602,r53-service-outcomes-v1,objective_expected_payment_at_executed_response,design_response_ir,nominal_model_only_no_current_response_robust_guarantee,violated,completed,0,0,0,False,ffa937f3a51565ce6ef916575ae3965b1ddc3a7501d45745ff113b51cb363fe5,d1acf522a0b674e4d35c5387b40bdfcef2c5618311aada2f72c24673c687c00f,50.0,3.5,1386,0,0,0,design physical graph; nominal bound is not a guarantee at perturbed true response
2,0.3,stable,fixed_envelope,r56_seed002__stable__fixed_envelope,1,1777,991,991,0.5576814856499719,0.5576814856499719,0,0.0,0,0.0,0,561.771057071578,0.5668729132911987,580.356595796264,19654.97618304589,18.58553872468599,0,0,0,0.12009968398051998,12024,0,0.0,5,0,ok,[],90802de520b36e165e706a53039ed472457876af802c6e97df3067a809147f5a,a513b7226598a13decacb11a74c87b9d4af43c80efedc379f0f00a027a173ec4,fe51af433945f05a524471880c1205d019f017778bb162ae1ad33acafc0d1e11,r51-free-action-design-only-v1,continuous_envelope_payment_upper_bound,4.523151499997766,r53-service-outcomes-v1,objective_expected_payment_at_executed_response,continuous_box_sufficient_reserve_v1,conditional_on_declared_cost_response_state_bounds_and_known_weighting,passed_observed,completed,0,0,0,False,ffa937f3a51565ce6ef916575ae3965b1ddc3a7501d45745ff113b51cb363fe5,d1acf522a0b674e4d35c5387b40bdfcef2c5618311aada2f72c24673c687c00f,50.0,3.5,991,0,0,0,design physical graph; nominal bound is not a guarantee at perturbed true response
2,0.3,stable,frozen_point,r56_seed002__stable__frozen_point,1,1777,1386,1386,0.7799662352279122,0.7799662352279122,0,0.0,0,0.0,0,387.57139749856736,0.2796330429282593,387.57139749856736,19654.97618304589,0.0,0,0,0,0.06399642337122982,12024,0,0.0,5,0,ok,[],90802de520b36e165e706a53039ed472457876af802c6e97df3067a809147f5a,a513b7226598a13decacb11a74c87b9d4af43c80efedc379f0f00a027a173ec4,9e1f91c6d10b94ceba8aad02e04308ee13023bbfbc2a48dc715f8f5d6d76e780,r51-free-action-design-only-v1,design_expected_payment,3.5968505999990157,r53-service-outcomes-v1,objective_expected_payment_at_executed_response,design_response_ir,nominal_model_only_no_current_response_robust_guarantee,passed_observed,completed,0,0,0,False,ffa937f3a51565ce6ef916575ae3965b1ddc3a7501d45745ff113b51cb363fe5,d1acf522a0b674e4d35c5387b40bdfcef2c5618311aada2f72c24673c687c00f,50.0,3.5,1386,0,0,0,design physical graph; nominal bound is not a guarantee at perturbed true response
2,0.3,up_step,fixed_envelope,r56_seed002__up_step__fixed_envelope,1,1777,991,991,0.5576814856499719,0.5576814856499719,0,0.0,0,0.0,0,571.3735223033203,0.5765625855734816,580.0403392526676,19654.97618304589,8.666816949347321,0,0,0,0.13352607443472134,12024,0,0.0,5,0,ok,[],90802de520b36e165e706a53039ed472457876af802c6e97df3067a809147f5a,a513b7226598a13decacb11a74c87b9d4af43c80efedc379f0f00a027a173ec4,fe51af433945f05a524471880c1205d019f017778bb162ae1ad33acafc0d1e11,r51-free-action-design-only-v1,continuous_envelope_payment_upper_bound,4.615328599997156,r53-service-outcomes-v1,objective_expected_payment_at_executed_response,continuous_box_sufficient_reserve_v1,conditional_on_declared_cost_response_state_bounds_and_known_weighting,passed_observed,completed,0,0,0,False,ffa937f3a51565ce6ef916575ae3965b1ddc3a7501d45745ff113b51cb363fe5,d1acf522a0b674e4d35c5387b40bdfcef2c5618311aada2f72c24673c687c00f,50.0,3.5,991,0,0,0,design physical graph; nominal bound is not a guarantee at perturbed true response
2,0.3,up_step,frozen_point,r56_seed002__up_step__frozen_point,1,1777,1386,1386,0.7799662352279122,0.7799662352279122,0,0.0,0,0.0,749,392.60532481837197,0.2832650251214805,387.2460403793064,19654.97618304589,-5.359284439065561,0,245,741,0.07169866844299161,12024,0,0.0,5,0,failed,"[""a_star < a_target on 749 assigned pairs""]",90802de520b36e165e706a53039ed472457876af802c6e97df3067a809147f5a,a513b7226598a13decacb11a74c87b9d4af43c80efedc379f0f00a027a173ec4,9e1f91c6d10b94ceba8aad02e04308ee13023bbfbc2a48dc715f8f5d6d76e780,r51-free-action-design-only-v1,design_expected_payment,3.792323199995735,r53-service-outcomes-v1,objective_expected_payment_at_executed_response,design_response_ir,nominal_model_only_no_current_response_robust_guarantee,violated,completed,245,0,0,False,ffa937f3a51565ce6ef916575ae3965b1ddc3a7501d45745ff113b51cb363fe5,d1acf522a0b674e4d35c5387b40bdfcef2c5618311aada2f72c24673c687c00f,50.0,3.5,1386,0,0,0,design physical graph; nominal bound is not a guarantee at perturbed true response
3,0.3,down_step,fixed_envelope,r56_seed003__down_step__fixed_envelope,1,1777,942,942,0.530106921778278,0.530106921778278,0,0.0,0,0.0,0,641.3340650596514,0.6808217251164027,691.6213582645019,20034.101311364575,50.28729320485047,0,0,0,0.08500558976828244,12024,0,0.0,5,0,ok,[],9e30bb1915a42740d6aba8d158a366768ad32aed95f204632505af84114dd788,2ef76f0e2878928235f82ebd4f1f4e3e7aa8b4d74d3ac14d8e6834adf0e1504c,831d3708b71b0af43d6738d2e1215504407158707b4bf91b932a037816cd0608,r51-free-action-design-only-v1,continuous_envelope_payment_upper_bound,4.475878499993996,r53-service-outcomes-v1,objective_expected_payment_at_executed_response,continuous_box_sufficient_reserve_v1,conditional_on_declared_cost_response_state_bounds_and_known_weighting,passed_observed,completed,0,0,0,False,ffa937f3a51565ce6ef916575ae3965b1ddc3a7501d45745ff113b51cb363fe5,d1acf522a0b674e4d35c5387b40bdfcef2c5618311aada2f72c24673c687c00f,50.0,3.5,942,0,0,0,design physical graph; nominal bound is not a guarantee at perturbed true response
3,0.3,down_step,frozen_point,r56_seed003__down_step__frozen_point,1,1777,1401,1134,0.7884074282498593,0.6381541924592009,267,0.1905781584582441,0,0.0,0,489.5706408131463,0.34944371221495096,516.6927211098914,20034.101311364575,27.122080296745082,0,0,0,0.010848732200476968,12024,0,0.0,5,0,failed,"[""QoS violations: 267""]",9e30bb1915a42740d6aba8d158a366768ad32aed95f204632505af84114dd788,2ef76f0e2878928235f82ebd4f1f4e3e7aa8b4d74d3ac14d8e6834adf0e1504c,fd5885caa649fc6ce000ba535f1074e6a19543dfd1e3285118c6e7f7afca5dbc,r51-free-action-design-only-v1,design_expected_payment,3.558611700005713,r53-service-outcomes-v1,objective_expected_payment_at_executed_response,design_response_ir,nominal_model_only_no_current_response_robust_guarantee,violated,completed,0,0,0,False,ffa937f3a51565ce6ef916575ae3965b1ddc3a7501d45745ff113b51cb363fe5,d1acf522a0b674e4d35c5387b40bdfcef2c5618311aada2f72c24673c687c00f,50.0,3.5,1401,0,0,0,design physical graph; nominal bound is not a guarantee at perturbed true response
3,0.3,stable,fixed_envelope,r56_seed003__stable__fixed_envelope,1,1777,942,942,0.530106921778278,0.530106921778278,0,0.0,0,0.0,0,668.404372859004,0.709558782228242,691.1665918108858,20034.101311364575,22.76221895188189,0,0,0,0.08500558976828244,12024,0,0.0,5,0,ok,[],9e30bb1915a42740d6aba8d158a366768ad32aed95f204632505af84114dd788,2ef76f0e2878928235f82ebd4f1f4e3e7aa8b4d74d3ac14d8e6834adf0e1504c,831d3708b71b0af43d6738d2e1215504407158707b4bf91b932a037816cd0608,r51-free-action-design-only-v1,continuous_envelope_payment_upper_bound,4.486527599998226,r53-service-outcomes-v1,objective_expected_payment_at_executed_response,continuous_box_sufficient_reserve_v1,conditional_on_declared_cost_response_state_bounds_and_known_weighting,passed_observed,completed,0,0,0,False,ffa937f3a51565ce6ef916575ae3965b1ddc3a7501d45745ff113b51cb363fe5,d1acf522a0b674e4d35c5387b40bdfcef2c5618311aada2f72c24673c687c00f,50.0,3.5,942,0,0,0,design physical graph; nominal bound is not a guarantee at perturbed true response
3,0.3,stable,frozen_point,r56_seed003__stable__frozen_point,1,1777,1401,1401,0.7884074282498593,0.7884074282498593,0,0.0,0,0.0,0,515.8467866671375,0.3681989911971003,515.8467866671375,20034.101311364575,0.0,0,0,0,0.04384433142909536,12024,0,0.0,5,0,ok,[],9e30bb1915a42740d6aba8d158a366768ad32aed95f204632505af84114dd788,2ef76f0e2878928235f82ebd4f1f4e3e7aa8b4d74d3ac14d8e6834adf0e1504c,fd5885caa649fc6ce000ba535f1074e6a19543dfd1e3285118c6e7f7afca5dbc,r51-free-action-design-only-v1,design_expected_payment,3.601201099998434,r53-service-outcomes-v1,objective_expected_payment_at_executed_response,design_response_ir,nominal_model_only_no_current_response_robust_guarantee,passed_observed,completed,0,0,0,False,ffa937f3a51565ce6ef916575ae3965b1ddc3a7501d45745ff113b51cb363fe5,d1acf522a0b674e4d35c5387b40bdfcef2c5618311aada2f72c24673c687c00f,50.0,3.5,1401,0,0,0,design physical graph; nominal bound is not a guarantee at perturbed true response
3,0.3,up_step,fixed_envelope,r56_seed003__up_step__fixed_envelope,1,1777,942,942,0.530106921778278,0.530106921778278,0,0.0,0,0.0,0,680.3126997620276,0.7222003182187129,690.9665288297424,20034.101311364575,10.65382906771481,0,0,0,0.08500558976828244,12024,0,0.0,5,0,ok,[],9e30bb1915a42740d6aba8d158a366768ad32aed95f204632505af84114dd788,2ef76f0e2878928235f82ebd4f1f4e3e7aa8b4d74d3ac14d8e6834adf0e1504c,831d3708b71b0af43d6738d2e1215504407158707b4bf91b932a037816cd0608,r51-free-action-design-only-v1,continuous_envelope_payment_upper_bound,4.435576099996979,r53-service-outcomes-v1,objective_expected_payment_at_executed_response,continuous_box_sufficient_reserve_v1,conditional_on_declared_cost_response_state_bounds_and_known_weighting,passed_observed,completed,0,0,0,False,ffa937f3a51565ce6ef916575ae3965b1ddc3a7501d45745ff113b51cb363fe5,d1acf522a0b674e4d35c5387b40bdfcef2c5618311aada2f72c24673c687c00f,50.0,3.5,942,0,0,0,design physical graph; nominal bound is not a guarantee at perturbed true response
3,0.3,up_step,frozen_point,r56_seed003__up_step__frozen_point,1,1777,1401,1401,0.7884074282498593,0.7884074282498593,0,0.0,0,0.0,757,523.3929925974683,0.3735852909332393,515.6109594588187,20034.101311364575,-7.782033138649581,0,247,757,0.04384433142909536,12024,0,0.0,5,0,failed,"[""a_star < a_target on 757 assigned pairs""]",9e30bb1915a42740d6aba8d158a366768ad32aed95f204632505af84114dd788,2ef76f0e2878928235f82ebd4f1f4e3e7aa8b4d74d3ac14d8e6834adf0e1504c,fd5885caa649fc6ce000ba535f1074e6a19543dfd1e3285118c6e7f7afca5dbc,r51-free-action-design-only-v1,design_expected_payment,3.5860685000006924,r53-service-outcomes-v1,objective_expected_payment_at_executed_response,design_response_ir,nominal_model_only_no_current_response_robust_guarantee,violated,completed,247,0,0,False,ffa937f3a51565ce6ef916575ae3965b1ddc3a7501d45745ff113b51cb363fe5,d1acf522a0b674e4d35c5387b40bdfcef2c5618311aada2f72c24673c687c00f,50.0,3.5,1401,0,0,0,design physical graph; nominal bound is not a guarantee at perturbed true response
4,0.3,down_step,fixed_envelope,r56_seed004__down_step__fixed_envelope,1,1777,936,936,0.5267304445694991,0.5267304445694991,0,0.0,0,0.0,0,580.4314218661711,0.6201190404553111,625.6283498630428,19907.815140617487,45.196927996871636,0,0,0,0.08865949523792004,12024,0,0.0,5,0,ok,[],cc954a3eddc362e219bff09482aad8956994d1d4ce6569ab64d04a56a694dc5e,5584dc2575e2faec9b16d19da9927c40c173a22638de5482981e3d6b7d826e4c,130d68befcbb43e82c6881562958853457ee24c5a367f9f05c549fddc89ac008,r51-free-action-design-only-v1,continuous_envelope_payment_upper_bound,4.665090099995723,r53-service-outcomes-v1,objective_expected_payment_at_executed_response,continuous_box_sufficient_reserve_v1,conditional_on_declared_cost_response_state_bounds_and_known_weighting,passed_observed,completed,0,0,0,False,ffa937f3a51565ce6ef916575ae3965b1ddc3a7501d45745ff113b51cb363fe5,d1acf522a0b674e4d35c5387b40bdfcef2c5618311aada2f72c24673c687c00f,50.0,3.5,936,0,0,0,design physical graph; nominal bound is not a guarantee at perturbed true response
4,0.3,down_step,frozen_point,r56_seed004__down_step__frozen_point,1,1777,1396,1118,0.7855936972425436,0.6291502532357907,278,0.1991404011461318,0,0.0,0,438.92513134362446,0.31441628319743875,463.11405760568704,19907.815140617487,24.18892626206258,0,0,0,0.04221525750755886,12024,0,0.0,5,0,failed,"[""QoS violations: 278""]",cc954a3eddc362e219bff09482aad8956994d1d4ce6569ab64d04a56a694dc5e,5584dc2575e2faec9b16d19da9927c40c173a22638de5482981e3d6b7d826e4c,0a62dcec0ca9dca375f6d0e5346b72e8e1faa1c25b2d6f4de9e2dfa78d90c04c,r51-free-action-design-only-v1,design_expected_payment,3.67531240000244,r53-service-outcomes-v1,objective_expected_payment_at_executed_response,design_response_ir,nominal_model_only_no_current_response_robust_guarantee,violated,completed,0,0,0,False,ffa937f3a51565ce6ef916575ae3965b1ddc3a7501d45745ff113b51cb363fe5,d1acf522a0b674e4d35c5387b40bdfcef2c5618311aada2f72c24673c687c00f,50.0,3.5,1396,0,0,0,design physical graph; nominal bound is not a guarantee at perturbed true response
4,0.3,stable,fixed_envelope,r56_seed004__stable__fixed_envelope,1,1777,936,936,0.5267304445694991,0.5267304445694991,0,0.0,0,0.0,0,604.3482026491127,0.6456711566764025,625.0543512862228,19907.815140617487,20.706148637110005,0,0,0,0.08865949523792004,12024,0,0.0,5,0,ok,[],cc954a3eddc362e219bff09482aad8956994d1d4ce6569ab64d04a56a694dc5e,5584dc2575e2faec9b16d19da9927c40c173a22638de5482981e3d6b7d826e4c,130d68befcbb43e82c6881562958853457ee24c5a367f9f05c549fddc89ac008,r51-free-action-design-only-v1,continuous_envelope_payment_upper_bound,4.572985799997696,r53-service-outcomes-v1,objective_expected_payment_at_executed_response,continuous_box_sufficient_reserve_v1,conditional_on_declared_cost_response_state_bounds_and_known_weighting,passed_observed,completed,0,0,0,False,ffa937f3a51565ce6ef916575ae3965b1ddc3a7501d45745ff113b51cb363fe5,d1acf522a0b674e4d35c5387b40bdfcef2c5618311aada2f72c24673c687c00f,50.0,3.5,936,0,0,0,design physical graph; nominal bound is not a guarantee at perturbed true response
4,0.3,stable,frozen_point,r56_seed004__stable__frozen_point,1,1777,1396,1396,0.7855936972425436,0.7855936972425436,0,0.0,0,0.0,0,461.98985489938025,0.33093829147520076,461.98985489938025,19907.815140617487,0.0,0,0,0,0.0553703959582551,12024,0,0.0,5,0,ok,[],cc954a3eddc362e219bff09482aad8956994d1d4ce6569ab64d04a56a694dc5e,5584dc2575e2faec9b16d19da9927c40c173a22638de5482981e3d6b7d826e4c,0a62dcec0ca9dca375f6d0e5346b72e8e1faa1c25b2d6f4de9e2dfa78d90c04c,r51-free-action-design-only-v1,design_expected_payment,3.55007260000275,r53-service-outcomes-v1,objective_expected_payment_at_executed_response,design_response_ir,nominal_model_only_no_current_response_robust_guarantee,passed_observed,completed,0,0,0,False,ffa937f3a51565ce6ef916575ae3965b1ddc3a7501d45745ff113b51cb363fe5,d1acf522a0b674e4d35c5387b40bdfcef2c5618311aada2f72c24673c687c00f,50.0,3.5,1396,0,0,0,design physical graph; nominal bound is not a guarantee at perturbed true response
4,0.3,up_step,fixed_envelope,r56_seed004__up_step__fixed_envelope,1,1777,936,936,0.5267304445694991,0.5267304445694991,0,0.0,0,0.0,0,614.8888259076917,0.6569325063116365,624.807077980442,19907.815140617487,9.918252072750306,0,0,0,0.08865949523792004,12024,0,0.0,5,0,ok,[],cc954a3eddc362e219bff09482aad8956994d1d4ce6569ab64d04a56a694dc5e,5584dc2575e2faec9b16d19da9927c40c173a22638de5482981e3d6b7d826e4c,130d68befcbb43e82c6881562958853457ee24c5a367f9f05c549fddc89ac008,r51-free-action-design-only-v1,continuous_envelope_payment_upper_bound,4.470780499999819,r53-service-outcomes-v1,objective_expected_payment_at_executed_response,continuous_box_sufficient_reserve_v1,conditional_on_declared_cost_response_state_bounds_and_known_weighting,passed_observed,completed,0,0,0,False,ffa937f3a51565ce6ef916575ae3965b1ddc3a7501d45745ff113b51cb363fe5,d1acf522a0b674e4d35c5387b40bdfcef2c5618311aada2f72c24673c687c00f,50.0,3.5,936,0,0,0,design physical graph; nominal bound is not a guarantee at perturbed true response
4,0.3,up_step,frozen_point,r56_seed004__up_step__frozen_point,1,1777,1396,1396,0.7855936972425436,0.7855936972425436,0,0.0,0,0.0,753,468.6871115082741,0.3357357532294227,461.68853265021835,19907.815140617487,-6.998578858055737,0,249,753,0.0553703959582551,12024,0,0.0,5,0,failed,"[""a_star < a_target on 753 assigned pairs""]",cc954a3eddc362e219bff09482aad8956994d1d4ce6569ab64d04a56a694dc5e,5584dc2575e2faec9b16d19da9927c40c173a22638de5482981e3d6b7d826e4c,0a62dcec0ca9dca375f6d0e5346b72e8e1faa1c25b2d6f4de9e2dfa78d90c04c,r51-free-action-design-only-v1,design_expected_payment,3.765870299997914,r53-service-outcomes-v1,objective_expected_payment_at_executed_response,design_response_ir,nominal_model_only_no_current_response_robust_guarantee,violated,completed,249,0,0,False,ffa937f3a51565ce6ef916575ae3965b1ddc3a7501d45745ff113b51cb363fe5,d1acf522a0b674e4d35c5387b40bdfcef2c5618311aada2f72c24673c687c00f,50.0,3.5,1396,0,0,0,design physical graph; nominal bound is not a guarantee at perturbed true response
5,0.3,down_step,fixed_envelope,r56_seed005__down_step__fixed_envelope,1,1777,931,931,0.5239167135621835,0.5239167135621835,0,0.0,0,0.0,0,535.1421160060137,0.5748035617680061,578.2474095691182,19867.953093204364,43.10529356310451,0,0,0,0.12194024958638892,12024,0,0.0,5,0,ok,[],ae23732358fc058cfb8ea2f83623d8c6cde66ca014fdb50179407e460485e8d8,2be13b58ab47158c630b7ca5bc8f84b9032f2f2217dc77db6feb42af5b584400,482dd1b0f4b157e12e67776cf667e37ae6336223e04580b5f86b6f8f4e9d63b1,r51-free-action-design-only-v1,continuous_envelope_payment_upper_bound,4.502058099998976,r53-service-outcomes-v1,objective_expected_payment_at_executed_response,continuous_box_sufficient_reserve_v1,conditional_on_declared_cost_response_state_bounds_and_known_weighting,passed_observed,completed,0,0,0,False,ffa937f3a51565ce6ef916575ae3965b1ddc3a7501d45745ff113b51cb363fe5,d1acf522a0b674e4d35c5387b40bdfcef2c5618311aada2f72c24673c687c00f,50.0,3.5,931,0,0,0,design physical graph; nominal bound is not a guarantee at perturbed true response
5,0.3,down_step,frozen_point,r56_seed005__down_step__frozen_point,1,1777,1381,1129,0.7771525042205966,0.6353404614518852,252,0.18247646632874728,0,0.0,0,385.8129594837005,0.2793721647238961,407.1483186071397,19867.953093204364,21.33535912343916,0,0,0,0.010365133440999763,12024,0,0.0,5,0,failed,"[""QoS violations: 252""]",ae23732358fc058cfb8ea2f83623d8c6cde66ca014fdb50179407e460485e8d8,2be13b58ab47158c630b7ca5bc8f84b9032f2f2217dc77db6feb42af5b584400,3a7b95d0603c6afb7ec26663f123174688d3eb3c4947c30882490977347c4ee5,r51-free-action-design-only-v1,design_expected_payment,3.583129899998312,r53-service-outcomes-v1,objective_expected_payment_at_executed_response,design_response_ir,nominal_model_only_no_current_response_robust_guarantee,violated,completed,0,0,0,False,ffa937f3a51565ce6ef916575ae3965b1ddc3a7501d45745ff113b51cb363fe5,d1acf522a0b674e4d35c5387b40bdfcef2c5618311aada2f72c24673c687c00f,50.0,3.5,1381,0,0,0,design physical graph; nominal bound is not a guarantee at perturbed true response
5,0.3,stable,fixed_envelope,r56_seed005__stable__fixed_envelope,1,1777,931,931,0.5239167135621835,0.5239167135621835,0,0.0,0,0.0,0,558.3586711666687,0.59974078535625,577.4269211911919,19867.953093204364,19.068250024523195,0,0,0,0.12194024958638892,12024,0,0.0,5,0,ok,[],ae23732358fc058cfb8ea2f83623d8c6cde66ca014fdb50179407e460485e8d8,2be13b58ab47158c630b7ca5bc8f84b9032f2f2217dc77db6feb42af5b584400,482dd1b0f4b157e12e67776cf667e37ae6336223e04580b5f86b6f8f4e9d63b1,r51-free-action-design-only-v1,continuous_envelope_payment_upper_bound,4.450045300000056,r53-service-outcomes-v1,objective_expected_payment_at_executed_response,continuous_box_sufficient_reserve_v1,conditional_on_declared_cost_response_state_bounds_and_known_weighting,passed_observed,completed,0,0,0,False,ffa937f3a51565ce6ef916575ae3965b1ddc3a7501d45745ff113b51cb363fe5,d1acf522a0b674e4d35c5387b40bdfcef2c5618311aada2f72c24673c687c00f,50.0,3.5,931,0,0,0,design physical graph; nominal bound is not a guarantee at perturbed true response
5,0.3,stable,frozen_point,r56_seed005__stable__frozen_point,1,1777,1381,1381,0.7771525042205966,0.7771525042205966,0,0.0,0,0.0,0,405.8582773027316,0.29388723917648923,405.8582773027316,19867.953093204364,0.0,0,0,0,0.05501805429151013,12024,0,0.0,5,0,ok,[],ae23732358fc058cfb8ea2f83623d8c6cde66ca014fdb50179407e460485e8d8,2be13b58ab47158c630b7ca5bc8f84b9032f2f2217dc77db6feb42af5b584400,3a7b95d0603c6afb7ec26663f123174688d3eb3c4947c30882490977347c4ee5,r51-free-action-design-only-v1,design_expected_payment,3.5858937000011792,r53-service-outcomes-v1,objective_expected_payment_at_executed_response,design_response_ir,nominal_model_only_no_current_response_robust_guarantee,passed_observed,completed,0,0,0,False,ffa937f3a51565ce6ef916575ae3965b1ddc3a7501d45745ff113b51cb363fe5,d1acf522a0b674e4d35c5387b40bdfcef2c5618311aada2f72c24673c687c00f,50.0,3.5,1381,0,0,0,design physical graph; nominal bound is not a guarantee at perturbed true response
5,0.3,up_step,fixed_envelope,r56_seed005__up_step__fixed_envelope,1,1777,931,931,0.5239167135621835,0.5239167135621835,0,0.0,0,0.0,0,568.4223287817656,0.6105502994433573,577.0764916163007,19867.953093204364,8.6541628345351,0,0,0,0.12194024958638892,12024,0,0.0,5,0,ok,[],ae23732358fc058cfb8ea2f83623d8c6cde66ca014fdb50179407e460485e8d8,2be13b58ab47158c630b7ca5bc8f84b9032f2f2217dc77db6feb42af5b584400,482dd1b0f4b157e12e67776cf667e37ae6336223e04580b5f86b6f8f4e9d63b1,r51-free-action-design-only-v1,continuous_envelope_payment_upper_bound,4.502836300001945,r53-service-outcomes-v1,objective_expected_payment_at_executed_response,continuous_box_sufficient_reserve_v1,conditional_on_declared_cost_response_state_bounds_and_known_weighting,passed_observed,completed,0,0,0,False,ffa937f3a51565ce6ef916575ae3965b1ddc3a7501d45745ff113b51cb363fe5,d1acf522a0b674e4d35c5387b40bdfcef2c5618311aada2f72c24673c687c00f,50.0,3.5,931,0,0,0,design physical graph; nominal bound is not a guarantee at perturbed true response
5,0.3,up_step,frozen_point,r56_seed005__up_step__frozen_point,1,1777,1381,1381,0.7771525042205966,0.7771525042205966,0,0.0,0,0.0,750,411.61725925092514,0.29805739265092335,405.5199814003065,19867.953093204364,-6.097277850618639,0,247,745,0.06342062590321479,12024,0,0.0,5,0,failed,"[""a_star < a_target on 750 assigned pairs""]",ae23732358fc058cfb8ea2f83623d8c6cde66ca014fdb50179407e460485e8d8,2be13b58ab47158c630b7ca5bc8f84b9032f2f2217dc77db6feb42af5b584400,3a7b95d0603c6afb7ec26663f123174688d3eb3c4947c30882490977347c4ee5,r51-free-action-design-only-v1,design_expected_payment,3.589328600006411,r53-service-outcomes-v1,objective_expected_payment_at_executed_response,design_response_ir,nominal_model_only_no_current_response_robust_guarantee,violated,completed,247,0,0,False,ffa937f3a51565ce6ef916575ae3965b1ddc3a7501d45745ff113b51cb363fe5,d1acf522a0b674e4d35c5387b40bdfcef2c5618311aada2f72c24673c687c00f,50.0,3.5,1381,0,0,0,design physical graph; nominal bound is not a guarantee at perturbed true response
6,0.3,down_step,fixed_envelope,r56_seed006__down_step__fixed_envelope,1,1777,915,915,0.5149127743387732,0.5149127743387732,0,0.0,0,0.0,0,491.407620174991,0.5370575083879683,529.5462468148329,20013.034661868318,38.1386266398419,0,0,0,0.09730884240138843,12024,0,0.0,5,0,ok,[],d017109f2a2fbc3999f337ed3a530a854f4d1de964d874aa05377ec96b0e50d9,b65f3f141006be4b4b7a3e45f957eb2caf3f88998b4816f2392b5e01b0f7d351,30fc21cc632f74896b66cf0b6d4e3bbb850bb266a97046aac7cb783e202f8bd1,r51-free-action-design-only-v1,continuous_envelope_payment_upper_bound,4.484794800002419,r53-service-outcomes-v1,objective_expected_payment_at_executed_response,continuous_box_sufficient_reserve_v1,conditional_on_declared_cost_response_state_bounds_and_known_weighting,passed_observed,completed,0,0,0,False,ffa937f3a51565ce6ef916575ae3965b1ddc3a7501d45745ff113b51cb363fe5,d1acf522a0b674e4d35c5387b40bdfcef2c5618311aada2f72c24673c687c00f,50.0,3.5,915,0,0,0,design physical graph; nominal bound is not a guarantee at perturbed true response
6,0.3,down_step,frozen_point,r56_seed006__down_step__frozen_point,1,1777,1359,1103,0.7647720877884074,0.6207090602138435,256,0.188373804267844,0,0.0,0,356.138102250935,0.26205894205366814,374.2692749694734,20013.034661868318,18.13117271853838,0,0,0,0.03490241951406681,12024,0,0.0,5,0,failed,"[""QoS violations: 256""]",d017109f2a2fbc3999f337ed3a530a854f4d1de964d874aa05377ec96b0e50d9,b65f3f141006be4b4b7a3e45f957eb2caf3f88998b4816f2392b5e01b0f7d351,d2ce617bb66510bbc9ac76a0837c82d3b8de2e82d40fdb633659303db050a5ac,r51-free-action-design-only-v1,design_expected_payment,3.5867063000041526,r53-service-outcomes-v1,objective_expected_payment_at_executed_response,design_response_ir,nominal_model_only_no_current_response_robust_guarantee,violated,completed,0,0,0,False,ffa937f3a51565ce6ef916575ae3965b1ddc3a7501d45745ff113b51cb363fe5,d1acf522a0b674e4d35c5387b40bdfcef2c5618311aada2f72c24673c687c00f,50.0,3.5,1359,0,0,0,design physical graph; nominal bound is not a guarantee at perturbed true response
6,0.3,stable,fixed_envelope,r56_seed006__stable__fixed_envelope,1,1777,915,915,0.5149127743387732,0.5149127743387732,0,0.0,0,0.0,0,511.3839256453503,0.5588895362244266,528.6751683233795,20013.034661868318,17.291242678029164,0,0,0,0.12022708551271266,12024,0,0.0,5,0,ok,[],d017109f2a2fbc3999f337ed3a530a854f4d1de964d874aa05377ec96b0e50d9,b65f3f141006be4b4b7a3e45f957eb2caf3f88998b4816f2392b5e01b0f7d351,30fc21cc632f74896b66cf0b6d4e3bbb850bb266a97046aac7cb783e202f8bd1,r51-free-action-design-only-v1,continuous_envelope_payment_upper_bound,4.506791199994041,r53-service-outcomes-v1,objective_expected_payment_at_executed_response,continuous_box_sufficient_reserve_v1,conditional_on_declared_cost_response_state_bounds_and_known_weighting,passed_observed,completed,0,0,0,False,ffa937f3a51565ce6ef916575ae3965b1ddc3a7501d45745ff113b51cb363fe5,d1acf522a0b674e4d35c5387b40bdfcef2c5618311aada2f72c24673c687c00f,50.0,3.5,915,0,0,0,design physical graph; nominal bound is not a guarantee at perturbed true response
6,0.3,stable,frozen_point,r56_seed006__stable__frozen_point,1,1777,1359,1359,0.7647720877884074,0.7647720877884074,0,0.0,0,0.0,0,372.80907859568947,0.2743260328150769,372.80907859568947,20013.034661868318,0.0,0,0,0,0.05365814322705306,12024,0,0.0,5,0,ok,[],d017109f2a2fbc3999f337ed3a530a854f4d1de964d874aa05377ec96b0e50d9,b65f3f141006be4b4b7a3e45f957eb2caf3f88998b4816f2392b5e01b0f7d351,d2ce617bb66510bbc9ac76a0837c82d3b8de2e82d40fdb633659303db050a5ac,r51-free-action-design-only-v1,design_expected_payment,3.5777015999992727,r53-service-outcomes-v1,objective_expected_payment_at_executed_response,design_response_ir,nominal_model_only_no_current_response_robust_guarantee,passed_observed,completed,0,0,0,False,ffa937f3a51565ce6ef916575ae3965b1ddc3a7501d45745ff113b51cb363fe5,d1acf522a0b674e4d35c5387b40bdfcef2c5618311aada2f72c24673c687c00f,50.0,3.5,1359,0,0,0,design physical graph; nominal bound is not a guarantee at perturbed true response
6,0.3,up_step,fixed_envelope,r56_seed006__up_step__fixed_envelope,1,1777,915,915,0.5149127743387732,0.5149127743387732,0,0.0,0,0.0,0,520.0238262208525,0.5683320505145929,528.2967687832223,20013.034661868318,8.272942562369849,0,0,0,0.13212100692235784,12024,0,0.0,5,0,ok,[],d017109f2a2fbc3999f337ed3a530a854f4d1de964d874aa05377ec96b0e50d9,b65f3f141006be4b4b7a3e45f957eb2caf3f88998b4816f2392b5e01b0f7d351,30fc21cc632f74896b66cf0b6d4e3bbb850bb266a97046aac7cb783e202f8bd1,r51-free-action-design-only-v1,continuous_envelope_payment_upper_bound,4.675059399996826,r53-service-outcomes-v1,objective_expected_payment_at_executed_response,continuous_box_sufficient_reserve_v1,conditional_on_declared_cost_response_state_bounds_and_known_weighting,passed_observed,completed,0,0,0,False,ffa937f3a51565ce6ef916575ae3965b1ddc3a7501d45745ff113b51cb363fe5,d1acf522a0b674e4d35c5387b40bdfcef2c5618311aada2f72c24673c687c00f,50.0,3.5,915,0,0,0,design physical graph; nominal bound is not a guarantee at perturbed true response
6,0.3,up_step,frozen_point,r56_seed006__up_step__frozen_point,1,1777,1359,1359,0.7647720877884074,0.7647720877884074,0,0.0,0,0.0,736,377.6034271685333,0.2778538831262202,372.41687730615985,20013.034661868318,-5.186549862373454,0,248,735,0.05365814322705306,12024,0,0.0,5,0,failed,"[""a_star < a_target on 736 assigned pairs""]",d017109f2a2fbc3999f337ed3a530a854f4d1de964d874aa05377ec96b0e50d9,b65f3f141006be4b4b7a3e45f957eb2caf3f88998b4816f2392b5e01b0f7d351,d2ce617bb66510bbc9ac76a0837c82d3b8de2e82d40fdb633659303db050a5ac,r51-free-action-design-only-v1,design_expected_payment,3.5747607000012067,r53-service-outcomes-v1,objective_expected_payment_at_executed_response,design_response_ir,nominal_model_only_no_current_response_robust_guarantee,violated,completed,248,0,0,False,ffa937f3a51565ce6ef916575ae3965b1ddc3a7501d45745ff113b51cb363fe5,d1acf522a0b674e4d35c5387b40bdfcef2c5618311aada2f72c24673c687c00f,50.0,3.5,1359,0,0,0,design physical graph; nominal bound is not a guarantee at perturbed true response
7,0.3,down_step,fixed_envelope,r56_seed007__down_step__fixed_envelope,1,1777,937,937,0.5272931907709623,0.5272931907709623,0,0.0,0,0.0,0,466.6272649262338,0.49800134997463585,503.6299714491719,20200.78604537598,37.00270652293807,0,0,0,0.08845008727875629,12024,0,0.0,5,0,ok,[],2e55135ca6ae0d7bd11732a2a734554c836a2fd75ce45d65f81b721aed675e8a,fd3693c8145f3d4f5c36750ba85a5a5f74212f8157336bb8c462657206616c15,e75ebae96117947890bdf67daebc82e16ca85d0232b2a7307af2cb63a001baea,r51-free-action-design-only-v1,continuous_envelope_payment_upper_bound,4.496944699996675,r53-service-outcomes-v1,objective_expected_payment_at_executed_response,continuous_box_sufficient_reserve_v1,conditional_on_declared_cost_response_state_bounds_and_known_weighting,passed_observed,completed,0,0,0,False,ffa937f3a51565ce6ef916575ae3965b1ddc3a7501d45745ff113b51cb363fe5,d1acf522a0b674e4d35c5387b40bdfcef2c5618311aada2f72c24673c687c00f,50.0,3.5,937,0,0,0,design physical graph; nominal bound is not a guarantee at perturbed true response
7,0.3,down_step,frozen_point,r56_seed007__down_step__frozen_point,1,1777,1392,1118,0.7833427124366911,0.6291502532357907,274,0.1968390804597701,0,0.0,0,345.1864981688917,0.24797880615581303,364.0195396302925,20200.78604537598,18.833041461400796,0,0,0,0.025377147983940807,12024,0,0.0,5,0,failed,"[""QoS violations: 274""]",2e55135ca6ae0d7bd11732a2a734554c836a2fd75ce45d65f81b721aed675e8a,fd3693c8145f3d4f5c36750ba85a5a5f74212f8157336bb8c462657206616c15,e7ee3763c9da6a638d44b863ef2814e9138d7ec801f3dc34eac47027c8a94ab1,r51-free-action-design-only-v1,design_expected_payment,3.6952926000012667,r53-service-outcomes-v1,objective_expected_payment_at_executed_response,design_response_ir,nominal_model_only_no_current_response_robust_guarantee,violated,completed,0,0,0,False,ffa937f3a51565ce6ef916575ae3965b1ddc3a7501d45745ff113b51cb363fe5,d1acf522a0b674e4d35c5387b40bdfcef2c5618311aada2f72c24673c687c00f,50.0,3.5,1392,0,0,0,design physical graph; nominal bound is not a guarantee at perturbed true response
7,0.3,stable,fixed_envelope,r56_seed007__stable__fixed_envelope,1,1777,937,937,0.5272931907709623,0.5272931907709623,0,0.0,0,0.0,0,485.95368662175355,0.5186272002366633,502.9994945612243,20200.78604537598,17.045807939470762,0,0,0,0.10029275006349275,12024,0,0.0,5,0,ok,[],2e55135ca6ae0d7bd11732a2a734554c836a2fd75ce45d65f81b721aed675e8a,fd3693c8145f3d4f5c36750ba85a5a5f74212f8157336bb8c462657206616c15,e75ebae96117947890bdf67daebc82e16ca85d0232b2a7307af2cb63a001baea,r51-free-action-design-only-v1,continuous_envelope_payment_upper_bound,4.606488500001433,r53-service-outcomes-v1,objective_expected_payment_at_executed_response,continuous_box_sufficient_reserve_v1,conditional_on_declared_cost_response_state_bounds_and_known_weighting,passed_observed,completed,0,0,0,False,ffa937f3a51565ce6ef916575ae3965b1ddc3a7501d45745ff113b51cb363fe5,d1acf522a0b674e4d35c5387b40bdfcef2c5618311aada2f72c24673c687c00f,50.0,3.5,937,0,0,0,design physical graph; nominal bound is not a guarantee at perturbed true response
7,0.3,stable,frozen_point,r56_seed007__stable__frozen_point,1,1777,1392,1392,0.7833427124366911,0.7833427124366911,0,0.0,0,0.0,0,362.8951704045731,0.2607005534515611,362.8951704045731,20200.78604537598,0.0,0,0,0,0.04146202578966987,12024,0,0.0,5,0,ok,[],2e55135ca6ae0d7bd11732a2a734554c836a2fd75ce45d65f81b721aed675e8a,fd3693c8145f3d4f5c36750ba85a5a5f74212f8157336bb8c462657206616c15,e7ee3763c9da6a638d44b863ef2814e9138d7ec801f3dc34eac47027c8a94ab1,r51-free-action-design-only-v1,design_expected_payment,3.7054721000022255,r53-service-outcomes-v1,objective_expected_payment_at_executed_response,design_response_ir,nominal_model_only_no_current_response_robust_guarantee,passed_observed,completed,0,0,0,False,ffa937f3a51565ce6ef916575ae3965b1ddc3a7501d45745ff113b51cb363fe5,d1acf522a0b674e4d35c5387b40bdfcef2c5618311aada2f72c24673c687c00f,50.0,3.5,1392,0,0,0,design physical graph; nominal bound is not a guarantee at perturbed true response
7,0.3,up_step,fixed_envelope,r56_seed007__up_step__fixed_envelope,1,1777,937,937,0.5272931907709623,0.5272931907709623,0,0.0,0,0.0,0,494.45685028312266,0.527702081412084,502.72670356765263,20200.78604537598,8.269853284529972,0,0,0,0.10574243542267735,12024,0,0.0,5,0,ok,[],2e55135ca6ae0d7bd11732a2a734554c836a2fd75ce45d65f81b721aed675e8a,fd3693c8145f3d4f5c36750ba85a5a5f74212f8157336bb8c462657206616c15,e75ebae96117947890bdf67daebc82e16ca85d0232b2a7307af2cb63a001baea,r51-free-action-design-only-v1,continuous_envelope_payment_upper_bound,4.531891799997538,r53-service-outcomes-v1,objective_expected_payment_at_executed_response,continuous_box_sufficient_reserve_v1,conditional_on_declared_cost_response_state_bounds_and_known_weighting,passed_observed,completed,0,0,0,False,ffa937f3a51565ce6ef916575ae3965b1ddc3a7501d45745ff113b51cb363fe5,d1acf522a0b674e4d35c5387b40bdfcef2c5618311aada2f72c24673c687c00f,50.0,3.5,937,0,0,0,design physical graph; nominal bound is not a guarantee at perturbed true response
7,0.3,up_step,frozen_point,r56_seed007__up_step__frozen_point,1,1777,1392,1392,0.7833427124366911,0.7833427124366911,0,0.0,0,0.0,757,368.10334309240966,0.2644420568192598,362.5911084203667,20200.78604537598,-5.5122346720429505,0,246,756,0.04146202578966987,12024,0,0.0,5,0,failed,"[""a_star < a_target on 757 assigned pairs""]",2e55135ca6ae0d7bd11732a2a734554c836a2fd75ce45d65f81b721aed675e8a,fd3693c8145f3d4f5c36750ba85a5a5f74212f8157336bb8c462657206616c15,e7ee3763c9da6a638d44b863ef2814e9138d7ec801f3dc34eac47027c8a94ab1,r51-free-action-design-only-v1,design_expected_payment,3.5820996000038576,r53-service-outcomes-v1,objective_expected_payment_at_executed_response,design_response_ir,nominal_model_only_no_current_response_robust_guarantee,violated,completed,246,0,0,False,ffa937f3a51565ce6ef916575ae3965b1ddc3a7501d45745ff113b51cb363fe5,d1acf522a0b674e4d35c5387b40bdfcef2c5618311aada2f72c24673c687c00f,50.0,3.5,1392,0,0,0,design physical graph; nominal bound is not a guarantee at perturbed true response
8,0.3,down_step,fixed_envelope,r56_seed008__down_step__fixed_envelope,1,1777,978,978,0.550365785030951,0.550365785030951,0,0.0,0,0.0,0,575.9251056185614,0.5888804760925985,619.3268903177536,19827.53401393431,43.40178469919226,0,0,0,0.09574884526398647,12024,0,0.0,5,0,ok,[],bf745d70be996a978398c60fd1cde71e6c61ad177efbd9c9eddf34300e8002c4,066f4c0ae96132169fb2bbcf63fd10252ccb54a6f486c27d5a8d0ed49edb20ab,639c25a6f889ea3d313715e34a0c317cfd6afc0f129778adc6bec8adfa8fc787,r51-free-action-design-only-v1,continuous_envelope_payment_upper_bound,4.819505799998296,r53-service-outcomes-v1,objective_expected_payment_at_executed_response,continuous_box_sufficient_reserve_v1,conditional_on_declared_cost_response_state_bounds_and_known_weighting,passed_observed,completed,0,0,0,False,ffa937f3a51565ce6ef916575ae3965b1ddc3a7501d45745ff113b51cb363fe5,d1acf522a0b674e4d35c5387b40bdfcef2c5618311aada2f72c24673c687c00f,50.0,3.5,978,0,0,0,design physical graph; nominal bound is not a guarantee at perturbed true response
8,0.3,down_step,frozen_point,r56_seed008__down_step__frozen_point,1,1777,1422,1149,0.8002250984805852,0.646595385481148,273,0.19198312236286919,0,0.0,0,420.79241075389797,0.2959159006708143,442.16649019547737,19827.53401393431,21.374079441579397,0,0,0,0.04682088563512132,12024,0,0.0,5,0,failed,"[""QoS violations: 273""]",bf745d70be996a978398c60fd1cde71e6c61ad177efbd9c9eddf34300e8002c4,066f4c0ae96132169fb2bbcf63fd10252ccb54a6f486c27d5a8d0ed49edb20ab,6b7acfbb6b2ef2b89b4c55d109cb09dea89aef8f70ac4dcda3c0d260eb14d4c0,r51-free-action-design-only-v1,design_expected_payment,3.588043600000674,r53-service-outcomes-v1,objective_expected_payment_at_executed_response,design_response_ir,nominal_model_only_no_current_response_robust_guarantee,violated,completed,0,0,0,False,ffa937f3a51565ce6ef916575ae3965b1ddc3a7501d45745ff113b51cb363fe5,d1acf522a0b674e4d35c5387b40bdfcef2c5618311aada2f72c24673c687c00f,50.0,3.5,1422,0,0,0,design physical graph; nominal bound is not a guarantee at perturbed true response
8,0.3,stable,fixed_envelope,r56_seed008__stable__fixed_envelope,1,1777,978,978,0.550365785030951,0.550365785030951,0,0.0,0,0.0,0,597.7322869572122,0.6111782075227118,618.4162570350956,19827.53401393431,20.683970077883373,0,0,0,0.1123598800728974,12024,0,0.0,5,0,ok,[],bf745d70be996a978398c60fd1cde71e6c61ad177efbd9c9eddf34300e8002c4,066f4c0ae96132169fb2bbcf63fd10252ccb54a6f486c27d5a8d0ed49edb20ab,639c25a6f889ea3d313715e34a0c317cfd6afc0f129778adc6bec8adfa8fc787,r51-free-action-design-only-v1,continuous_envelope_payment_upper_bound,4.534378900003503,r53-service-outcomes-v1,objective_expected_payment_at_executed_response,continuous_box_sufficient_reserve_v1,conditional_on_declared_cost_response_state_bounds_and_known_weighting,passed_observed,completed,0,0,0,False,ffa937f3a51565ce6ef916575ae3965b1ddc3a7501d45745ff113b51cb363fe5,d1acf522a0b674e4d35c5387b40bdfcef2c5618311aada2f72c24673c687c00f,50.0,3.5,978,0,0,0,design physical graph; nominal bound is not a guarantee at perturbed true response
8,0.3,stable,frozen_point,r56_seed008__stable__frozen_point,1,1777,1422,1422,0.8002250984805852,0.8002250984805852,0,0.0,0,0.0,0,440.61680124565703,0.309857103548282,440.61680124565703,19827.53401393431,0.0,0,0,0,0.058140199013290914,12024,0,0.0,5,0,ok,[],bf745d70be996a978398c60fd1cde71e6c61ad177efbd9c9eddf34300e8002c4,066f4c0ae96132169fb2bbcf63fd10252ccb54a6f486c27d5a8d0ed49edb20ab,6b7acfbb6b2ef2b89b4c55d109cb09dea89aef8f70ac4dcda3c0d260eb14d4c0,r51-free-action-design-only-v1,design_expected_payment,3.619423899996036,r53-service-outcomes-v1,objective_expected_payment_at_executed_response,design_response_ir,nominal_model_only_no_current_response_robust_guarantee,passed_observed,completed,0,0,0,False,ffa937f3a51565ce6ef916575ae3965b1ddc3a7501d45745ff113b51cb363fe5,d1acf522a0b674e4d35c5387b40bdfcef2c5618311aada2f72c24673c687c00f,50.0,3.5,1422,0,0,0,design physical graph; nominal bound is not a guarantee at perturbed true response
8,0.3,up_step,fixed_envelope,r56_seed008__up_step__fixed_envelope,1,1777,978,978,0.550365785030951,0.550365785030951,0,0.0,0,0.0,0,607.4065109126298,0.6210700520579037,618.019054561146,19827.53401393431,10.612543648516294,0,0,0,0.1123598800728974,12024,0,0.0,5,0,ok,[],bf745d70be996a978398c60fd1cde71e6c61ad177efbd9c9eddf34300e8002c4,066f4c0ae96132169fb2bbcf63fd10252ccb54a6f486c27d5a8d0ed49edb20ab,639c25a6f889ea3d313715e34a0c317cfd6afc0f129778adc6bec8adfa8fc787,r51-free-action-design-only-v1,continuous_envelope_payment_upper_bound,4.700064300006488,r53-service-outcomes-v1,objective_expected_payment_at_executed_response,continuous_box_sufficient_reserve_v1,conditional_on_declared_cost_response_state_bounds_and_known_weighting,passed_observed,completed,0,0,0,False,ffa937f3a51565ce6ef916575ae3965b1ddc3a7501d45745ff113b51cb363fe5,d1acf522a0b674e4d35c5387b40bdfcef2c5618311aada2f72c24673c687c00f,50.0,3.5,978,0,0,0,design physical graph; nominal bound is not a guarantee at perturbed true response
8,0.3,up_step,frozen_point,r56_seed008__up_step__frozen_point,1,1777,1422,1422,0.8002250984805852,0.8002250984805852,0,0.0,0,0.0,776,446.3602724960269,0.3138961128664043,440.21194380862585,19827.53401393431,-6.148328687401033,0,249,772,0.058140199013290914,12024,0,0.0,5,0,failed,"[""a_star < a_target on 776 assigned pairs""]",bf745d70be996a978398c60fd1cde71e6c61ad177efbd9c9eddf34300e8002c4,066f4c0ae96132169fb2bbcf63fd10252ccb54a6f486c27d5a8d0ed49edb20ab,6b7acfbb6b2ef2b89b4c55d109cb09dea89aef8f70ac4dcda3c0d260eb14d4c0,r51-free-action-design-only-v1,design_expected_payment,3.8582325000024866,r53-service-outcomes-v1,objective_expected_payment_at_executed_response,design_response_ir,nominal_model_only_no_current_response_robust_guarantee,violated,completed,249,0,0,False,ffa937f3a51565ce6ef916575ae3965b1ddc3a7501d45745ff113b51cb363fe5,d1acf522a0b674e4d35c5387b40bdfcef2c5618311aada2f72c24673c687c00f,50.0,3.5,1422,0,0,0,design physical graph; nominal bound is not a guarantee at perturbed true response
9,0.3,down_step,fixed_envelope,r56_seed009__down_step__fixed_envelope,1,1777,947,947,0.5329206527855938,0.5329206527855938,0,0.0,0,0.0,0,639.2900909566723,0.6750687338507627,688.0691053159037,19938.685615156748,48.77901435923138,0,0,0,0.10051060354001334,12024,0,0.0,5,0,ok,[],b7025e229f1d2d31f6c2df64bf4b24a1197cedff905b69f359300e0b7c2a375b,b81da72a1a91603547b6653c656bf94ba0ca4367f82f2a8478e93464f7deb60b,bf5c717d503d77fa87dc8280c7652a116fd53641ddfab26296e30f9d9d9e3530,r51-free-action-design-only-v1,continuous_envelope_payment_upper_bound,4.504161700002442,r53-service-outcomes-v1,objective_expected_payment_at_executed_response,continuous_box_sufficient_reserve_v1,conditional_on_declared_cost_response_state_bounds_and_known_weighting,passed_observed,completed,0,0,0,False,ffa937f3a51565ce6ef916575ae3965b1ddc3a7501d45745ff113b51cb363fe5,d1acf522a0b674e4d35c5387b40bdfcef2c5618311aada2f72c24673c687c00f,50.0,3.5,947,0,0,0,design physical graph; nominal bound is not a guarantee at perturbed true response
9,0.3,down_step,frozen_point,r56_seed009__down_step__frozen_point,1,1777,1390,1127,0.7822172200337648,0.6342149690489589,263,0.18920863309352517,0,0.0,0,466.94754535124355,0.335933485864204,492.0032101006766,19938.685615156748,25.05566474943305,0,0,0,0.03206667960523357,12024,0,0.0,5,0,failed,"[""QoS violations: 263""]",b7025e229f1d2d31f6c2df64bf4b24a1197cedff905b69f359300e0b7c2a375b,b81da72a1a91603547b6653c656bf94ba0ca4367f82f2a8478e93464f7deb60b,2c447c14891b490eec2ddb9e73e556eb47ec5682e28f0ef5ef1a212b679701c0,r51-free-action-design-only-v1,design_expected_payment,3.61308519999875,r53-service-outcomes-v1,objective_expected_payment_at_executed_response,design_response_ir,nominal_model_only_no_current_response_robust_guarantee,violated,completed,0,0,0,False,ffa937f3a51565ce6ef916575ae3965b1ddc3a7501d45745ff113b51cb363fe5,d1acf522a0b674e4d35c5387b40bdfcef2c5618311aada2f72c24673c687c00f,50.0,3.5,1390,0,0,0,design physical graph; nominal bound is not a guarantee at perturbed true response
9,0.3,stable,fixed_envelope,r56_seed009__stable__fixed_envelope,1,1777,947,947,0.5329206527855938,0.5329206527855938,0,0.0,0,0.0,0,664.7711259857201,0.7019758458138544,687.2606025297114,19938.685615156748,22.48947654399126,0,0,0,0.13083545647257863,12024,0,0.0,5,0,ok,[],b7025e229f1d2d31f6c2df64bf4b24a1197cedff905b69f359300e0b7c2a375b,b81da72a1a91603547b6653c656bf94ba0ca4367f82f2a8478e93464f7deb60b,bf5c717d503d77fa87dc8280c7652a116fd53641ddfab26296e30f9d9d9e3530,r51-free-action-design-only-v1,continuous_envelope_payment_upper_bound,4.571446399997512,r53-service-outcomes-v1,objective_expected_payment_at_executed_response,continuous_box_sufficient_reserve_v1,conditional_on_declared_cost_response_state_bounds_and_known_weighting,passed_observed,completed,0,0,0,False,ffa937f3a51565ce6ef916575ae3965b1ddc3a7501d45745ff113b51cb363fe5,d1acf522a0b674e4d35c5387b40bdfcef2c5618311aada2f72c24673c687c00f,50.0,3.5,947,0,0,0,design physical graph; nominal bound is not a guarantee at perturbed true response
9,0.3,stable,frozen_point,r56_seed009__stable__frozen_point,1,1777,1390,1390,0.7822172200337648,0.7822172200337648,0,0.0,0,0.0,0,490.66544441834435,0.3529967226031254,490.66544441834435,19938.685615156748,0.0,0,0,0,0.05929419988042817,12024,0,0.0,5,0,ok,[],b7025e229f1d2d31f6c2df64bf4b24a1197cedff905b69f359300e0b7c2a375b,b81da72a1a91603547b6653c656bf94ba0ca4367f82f2a8478e93464f7deb60b,2c447c14891b490eec2ddb9e73e556eb47ec5682e28f0ef5ef1a212b679701c0,r51-free-action-design-only-v1,design_expected_payment,3.7445828999989317,r53-service-outcomes-v1,objective_expected_payment_at_executed_response,design_response_ir,nominal_model_only_no_current_response_robust_guarantee,passed_observed,completed,0,0,0,False,ffa937f3a51565ce6ef916575ae3965b1ddc3a7501d45745ff113b51cb363fe5,d1acf522a0b674e4d35c5387b40bdfcef2c5618311aada2f72c24673c687c00f,50.0,3.5,1390,0,0,0,design physical graph; nominal bound is not a guarantee at perturbed true response
9,0.3,up_step,fixed_envelope,r56_seed009__up_step__fixed_envelope,1,1777,947,947,0.5329206527855938,0.5329206527855938,0,0.0,0,0.0,0,675.9493860452335,0.7137797107130237,686.92118179412,19938.685615156748,10.971795748886507,0,0,0,0.14788626214687536,12024,0,0.0,5,0,ok,[],b7025e229f1d2d31f6c2df64bf4b24a1197cedff905b69f359300e0b7c2a375b,b81da72a1a91603547b6653c656bf94ba0ca4367f82f2a8478e93464f7deb60b,bf5c717d503d77fa87dc8280c7652a116fd53641ddfab26296e30f9d9d9e3530,r51-free-action-design-only-v1,continuous_envelope_payment_upper_bound,4.511097399998107,r53-service-outcomes-v1,objective_expected_payment_at_executed_response,continuous_box_sufficient_reserve_v1,conditional_on_declared_cost_response_state_bounds_and_known_weighting,passed_observed,completed,0,0,0,False,ffa937f3a51565ce6ef916575ae3965b1ddc3a7501d45745ff113b51cb363fe5,d1acf522a0b674e4d35c5387b40bdfcef2c5618311aada2f72c24673c687c00f,50.0,3.5,947,0,0,0,design physical graph; nominal bound is not a guarantee at perturbed true response
9,0.3,up_step,frozen_point,r56_seed009__up_step__frozen_point,1,1777,1390,1390,0.7822172200337648,0.7822172200337648,0,0.0,0,0.0,760,497.57439593909396,0.3579671913230892,490.31810993315605,19938.685615156748,-7.256286005937909,0,246,760,0.08417489422077865,12024,0,0.0,5,0,failed,"[""a_star < a_target on 760 assigned pairs""]",b7025e229f1d2d31f6c2df64bf4b24a1197cedff905b69f359300e0b7c2a375b,b81da72a1a91603547b6653c656bf94ba0ca4367f82f2a8478e93464f7deb60b,2c447c14891b490eec2ddb9e73e556eb47ec5682e28f0ef5ef1a212b679701c0,r51-free-action-design-only-v1,design_expected_payment,3.577032599998347,r53-service-outcomes-v1,objective_expected_payment_at_executed_response,design_response_ir,nominal_model_only_no_current_response_robust_guarantee,violated,completed,246,0,0,False,ffa937f3a51565ce6ef916575ae3965b1ddc3a7501d45745ff113b51cb363fe5,d1acf522a0b674e4d35c5387b40bdfcef2c5618311aada2f72c24673c687c00f,50.0,3.5,1390,0,0,0,design physical graph; nominal bound is not a guarantee at perturbed true response
10,0.3,down_step,fixed_envelope,r56_seed010__down_step__fixed_envelope,1,1777,950,950,0.5346088913899831,0.5346088913899831,0,0.0,0,0.0,0,495.7147832125939,0.5218050349606251,535.9798669206815,19984.84671406278,40.265083708087616,0,0,0,0.08905629632941536,12024,0,0.0,5,0,ok,[],03051b2e26fd33f2c9196b83f087734aab91744200ceaedc763369c7ac6ad906,414330fb34d1ad6c134a6d8dc56a936422dcf13bc1be84fce307027f98c6d04d,648969f986c31ed9447c94a6a42ade66a1ba38dcb18e21e8f2bf5fe25cf388f9,r51-free-action-design-only-v1,continuous_envelope_payment_upper_bound,4.633769500003837,r53-service-outcomes-v1,objective_expected_payment_at_executed_response,continuous_box_sufficient_reserve_v1,conditional_on_declared_cost_response_state_bounds_and_known_weighting,passed_observed,completed,0,0,0,False,ffa937f3a51565ce6ef916575ae3965b1ddc3a7501d45745ff113b51cb363fe5,d1acf522a0b674e4d35c5387b40bdfcef2c5618311aada2f72c24673c687c00f,50.0,3.5,950,0,0,0,design physical graph; nominal bound is not a guarantee at perturbed true response
10,0.3,down_step,frozen_point,r56_seed010__down_step__frozen_point,1,1777,1396,1133,0.7855936972425436,0.6375914462577378,263,0.18839541547277938,0,0.0,0,356.6433578587729,0.25547518471258807,376.7434989653967,19984.84671406278,20.100141106623823,0,0,0,0.03131319289760279,12024,0,0.0,5,0,failed,"[""QoS violations: 263""]",03051b2e26fd33f2c9196b83f087734aab91744200ceaedc763369c7ac6ad906,414330fb34d1ad6c134a6d8dc56a936422dcf13bc1be84fce307027f98c6d04d,a50bb21ce080459b77bffcc84d61dd7bdb919bb789b3e8bb74ee4be7d2241bb2,r51-free-action-design-only-v1,design_expected_payment,3.5629241000060574,r53-service-outcomes-v1,objective_expected_payment_at_executed_response,design_response_ir,nominal_model_only_no_current_response_robust_guarantee,violated,completed,0,0,0,False,ffa937f3a51565ce6ef916575ae3965b1ddc3a7501d45745ff113b51cb363fe5,d1acf522a0b674e4d35c5387b40bdfcef2c5618311aada2f72c24673c687c00f,50.0,3.5,1396,0,0,0,design physical graph; nominal bound is not a guarantee at perturbed true response
10,0.3,stable,fixed_envelope,r56_seed010__stable__fixed_envelope,1,1777,950,950,0.5346088913899831,0.5346088913899831,0,0.0,0,0.0,0,517.1957826683727,0.5444166133351291,535.3391529525484,19984.84671406278,18.143370284175717,0,0,0,0.12138443710747204,12024,0,0.0,5,0,ok,[],03051b2e26fd33f2c9196b83f087734aab91744200ceaedc763369c7ac6ad906,414330fb34d1ad6c134a6d8dc56a936422dcf13bc1be84fce307027f98c6d04d,648969f986c31ed9447c94a6a42ade66a1ba38dcb18e21e8f2bf5fe25cf388f9,r51-free-action-design-only-v1,continuous_envelope_payment_upper_bound,4.480186700006016,r53-service-outcomes-v1,objective_expected_payment_at_executed_response,continuous_box_sufficient_reserve_v1,conditional_on_declared_cost_response_state_bounds_and_known_weighting,passed_observed,completed,0,0,0,False,ffa937f3a51565ce6ef916575ae3965b1ddc3a7501d45745ff113b51cb363fe5,d1acf522a0b674e4d35c5387b40bdfcef2c5618311aada2f72c24673c687c00f,50.0,3.5,950,0,0,0,design physical graph; nominal bound is not a guarantee at perturbed true response
10,0.3,stable,frozen_point,r56_seed010__stable__frozen_point,1,1777,1396,1396,0.7855936972425436,0.7855936972425436,0,0.0,0,0.0,0,375.6168173918426,0.26906648810303907,375.6168173918426,19984.84671406278,0.0,0,0,0,0.03131319289760279,12024,0,0.0,5,0,ok,[],03051b2e26fd33f2c9196b83f087734aab91744200ceaedc763369c7ac6ad906,414330fb34d1ad6c134a6d8dc56a936422dcf13bc1be84fce307027f98c6d04d,a50bb21ce080459b77bffcc84d61dd7bdb919bb789b3e8bb74ee4be7d2241bb2,r51-free-action-design-only-v1,design_expected_payment,3.6080846000040765,r53-service-outcomes-v1,objective_expected_payment_at_executed_response,design_response_ir,nominal_model_only_no_current_response_robust_guarantee,passed_observed,completed,0,0,0,False,ffa937f3a51565ce6ef916575ae3965b1ddc3a7501d45745ff113b51cb363fe5,d1acf522a0b674e4d35c5387b40bdfcef2c5618311aada2f72c24673c687c00f,50.0,3.5,1396,0,0,0,design physical graph; nominal bound is not a guarantee at perturbed true response
10,0.3,up_step,fixed_envelope,r56_seed010__up_step__fixed_envelope,1,1777,950,950,0.5346088913899831,0.5346088913899831,0,0.0,0,0.0,0,526.7214545293068,0.5544436363466387,535.0534728157318,19984.84671406278,8.332018286424955,0,0,0,0.12666862228743786,12024,0,0.0,5,0,ok,[],03051b2e26fd33f2c9196b83f087734aab91744200ceaedc763369c7ac6ad906,414330fb34d1ad6c134a6d8dc56a936422dcf13bc1be84fce307027f98c6d04d,648969f986c31ed9447c94a6a42ade66a1ba38dcb18e21e8f2bf5fe25cf388f9,r51-free-action-design-only-v1,continuous_envelope_payment_upper_bound,4.706602999998722,r53-service-outcomes-v1,objective_expected_payment_at_executed_response,continuous_box_sufficient_reserve_v1,conditional_on_declared_cost_response_state_bounds_and_known_weighting,passed_observed,completed,0,0,0,False,ffa937f3a51565ce6ef916575ae3965b1ddc3a7501d45745ff113b51cb363fe5,d1acf522a0b674e4d35c5387b40bdfcef2c5618311aada2f72c24673c687c00f,50.0,3.5,950,0,0,0,design physical graph; nominal bound is not a guarantee at perturbed true response
10,0.3,up_step,frozen_point,r56_seed010__up_step__frozen_point,1,1777,1396,1396,0.7855936972425436,0.7855936972425436,0,0.0,0,0.0,760,381.0167378676938,0.27293462597972334,375.32194350000043,19984.84671406278,-5.694794367693362,0,251,760,0.03131319289760279,12024,0,0.0,5,0,failed,"[""a_star < a_target on 760 assigned pairs""]",03051b2e26fd33f2c9196b83f087734aab91744200ceaedc763369c7ac6ad906,414330fb34d1ad6c134a6d8dc56a936422dcf13bc1be84fce307027f98c6d04d,a50bb21ce080459b77bffcc84d61dd7bdb919bb789b3e8bb74ee4be7d2241bb2,r51-free-action-design-only-v1,design_expected_payment,3.70109140000568,r53-service-outcomes-v1,objective_expected_payment_at_executed_response,design_response_ir,nominal_model_only_no_current_response_robust_guarantee,violated,completed,251,0,0,False,ffa937f3a51565ce6ef916575ae3965b1ddc3a7501d45745ff113b51cb363fe5,d1acf522a0b674e4d35c5387b40bdfcef2c5618311aada2f72c24673c687c00f,50.0,3.5,1396,0,0,0,design physical graph; nominal bound is not a guarantee at perturbed true response
11,0.3,down_step,fixed_envelope,r56_seed011__down_step__fixed_envelope,1,1777,930,930,0.5233539673607203,0.5233539673607203,0,0.0,0,0.0,0,534.092401127858,0.574292904438557,577.2758863599606,19988.29793074326,43.18348523210261,0,0,0,0.09605682985323052,12024,0,0.0,5,0,ok,[],4b2fe588fb753a114ad93ab8242cc08d51934dab841b3db8540b08727d1f57c8,1a895b68c1d6fd9b38e1dd5a73d67a1fb09950e21b4b614b2fa6aa378c9d286f,767a7bf3e860d7b5a949a2262eee2faf75dbbdce7216e368393e67d33b246417,r51-free-action-design-only-v1,continuous_envelope_payment_upper_bound,4.9694357000043965,r53-service-outcomes-v1,objective_expected_payment_at_executed_response,continuous_box_sufficient_reserve_v1,conditional_on_declared_cost_response_state_bounds_and_known_weighting,passed_observed,completed,0,0,0,False,ffa937f3a51565ce6ef916575ae3965b1ddc3a7501d45745ff113b51cb363fe5,d1acf522a0b674e4d35c5387b40bdfcef2c5618311aada2f72c24673c687c00f,50.0,3.5,930,0,0,0,design physical graph; nominal bound is not a guarantee at perturbed true response
11,0.3,down_step,frozen_point,r56_seed011__down_step__frozen_point,1,1777,1355,1107,0.7625211029825548,0.6229600450196962,248,0.18302583025830257,1,0.0007380073800738007,0,388.39553476298136,0.2866387710427907,409.30161704411233,19988.29793074326,20.906082281130978,0,0,0,0.004817981984396619,12024,0,0.0,5,0,failed,"[""IR violations: 1"",""QoS violations: 248""]",4b2fe588fb753a114ad93ab8242cc08d51934dab841b3db8540b08727d1f57c8,1a895b68c1d6fd9b38e1dd5a73d67a1fb09950e21b4b614b2fa6aa378c9d286f,5d7715c3582242608526e1fcc24cab348745e259796c30062a02f36a3480cf84,r51-free-action-design-only-v1,design_expected_payment,3.7199832999976934,r53-service-outcomes-v1,objective_expected_payment_at_executed_response,design_response_ir,nominal_model_only_no_current_response_robust_guarantee,violated,completed,0,0,0,False,ffa937f3a51565ce6ef916575ae3965b1ddc3a7501d45745ff113b51cb363fe5,d1acf522a0b674e4d35c5387b40bdfcef2c5618311aada2f72c24673c687c00f,50.0,3.5,1355,0,0,0,design physical graph; nominal bound is not a guarantee at perturbed true response
11,0.3,stable,fixed_envelope,r56_seed011__stable__fixed_envelope,1,1777,930,930,0.5233539673607203,0.5233539673607203,0,0.0,0,0.0,0,557.5671140967048,0.5995345312867794,576.6742593366648,19988.29793074326,19.107145239960005,0,0,0,0.12279629031438356,12024,0,0.0,5,0,ok,[],4b2fe588fb753a114ad93ab8242cc08d51934dab841b3db8540b08727d1f57c8,1a895b68c1d6fd9b38e1dd5a73d67a1fb09950e21b4b614b2fa6aa378c9d286f,767a7bf3e860d7b5a949a2262eee2faf75dbbdce7216e368393e67d33b246417,r51-free-action-design-only-v1,continuous_envelope_payment_upper_bound,4.635037399995781,r53-service-outcomes-v1,objective_expected_payment_at_executed_response,continuous_box_sufficient_reserve_v1,conditional_on_declared_cost_response_state_bounds_and_known_weighting,passed_observed,completed,0,0,0,False,ffa937f3a51565ce6ef916575ae3965b1ddc3a7501d45745ff113b51cb363fe5,d1acf522a0b674e4d35c5387b40bdfcef2c5618311aada2f72c24673c687c00f,50.0,3.5,930,0,0,0,design physical graph; nominal bound is not a guarantee at perturbed true response
11,0.3,stable,frozen_point,r56_seed011__stable__frozen_point,1,1777,1355,1355,0.7625211029825548,0.7625211029825548,0,0.0,0,0.0,0,408.233333716326,0.30127921307477934,408.233333716326,19988.29793074326,0.0,0,0,0,0.027447802375908853,12024,0,0.0,5,0,ok,[],4b2fe588fb753a114ad93ab8242cc08d51934dab841b3db8540b08727d1f57c8,1a895b68c1d6fd9b38e1dd5a73d67a1fb09950e21b4b614b2fa6aa378c9d286f,5d7715c3582242608526e1fcc24cab348745e259796c30062a02f36a3480cf84,r51-free-action-design-only-v1,design_expected_payment,3.8014496000032523,r53-service-outcomes-v1,objective_expected_payment_at_executed_response,design_response_ir,nominal_model_only_no_current_response_robust_guarantee,passed_observed,completed,0,0,0,False,ffa937f3a51565ce6ef916575ae3965b1ddc3a7501d45745ff113b51cb363fe5,d1acf522a0b674e4d35c5387b40bdfcef2c5618311aada2f72c24673c687c00f,50.0,3.5,1355,0,0,0,design physical graph; nominal bound is not a guarantee at perturbed true response
11,0.3,up_step,fixed_envelope,r56_seed011__up_step__fixed_envelope,1,1777,930,930,0.5233539673607203,0.5233539673607203,0,0.0,0,0.0,0,567.8437858157142,0.6105847159308755,576.4090187845115,19988.29793074326,8.565232968797318,0,0,0,0.12279629031438356,12024,0,0.0,5,0,ok,[],4b2fe588fb753a114ad93ab8242cc08d51934dab841b3db8540b08727d1f57c8,1a895b68c1d6fd9b38e1dd5a73d67a1fb09950e21b4b614b2fa6aa378c9d286f,767a7bf3e860d7b5a949a2262eee2faf75dbbdce7216e368393e67d33b246417,r51-free-action-design-only-v1,continuous_envelope_payment_upper_bound,4.584796700000879,r53-service-outcomes-v1,objective_expected_payment_at_executed_response,continuous_box_sufficient_reserve_v1,conditional_on_declared_cost_response_state_bounds_and_known_weighting,passed_observed,completed,0,0,0,False,ffa937f3a51565ce6ef916575ae3965b1ddc3a7501d45745ff113b51cb363fe5,d1acf522a0b674e4d35c5387b40bdfcef2c5618311aada2f72c24673c687c00f,50.0,3.5,930,0,0,0,design physical graph; nominal bound is not a guarantee at perturbed true response
11,0.3,up_step,frozen_point,r56_seed011__up_step__frozen_point,1,1777,1355,1355,0.7625211029825548,0.7625211029825548,0,0.0,0,0.0,734,413.76202676676616,0.3053594293481669,407.9442990501822,19988.29793074326,-5.817727716583931,0,250,733,0.027447802375908853,12024,0,0.0,5,0,failed,"[""a_star < a_target on 734 assigned pairs""]",4b2fe588fb753a114ad93ab8242cc08d51934dab841b3db8540b08727d1f57c8,1a895b68c1d6fd9b38e1dd5a73d67a1fb09950e21b4b614b2fa6aa378c9d286f,5d7715c3582242608526e1fcc24cab348745e259796c30062a02f36a3480cf84,r51-free-action-design-only-v1,design_expected_payment,3.891181400002097,r53-service-outcomes-v1,objective_expected_payment_at_executed_response,design_response_ir,nominal_model_only_no_current_response_robust_guarantee,violated,completed,250,0,0,False,ffa937f3a51565ce6ef916575ae3965b1ddc3a7501d45745ff113b51cb363fe5,d1acf522a0b674e4d35c5387b40bdfcef2c5618311aada2f72c24673c687c00f,50.0,3.5,1355,0,0,0,design physical graph; nominal bound is not a guarantee at perturbed true response
12,0.3,down_step,fixed_envelope,r56_seed012__down_step__fixed_envelope,1,1777,938,938,0.5278559369724254,0.5278559369724254,0,0.0,0,0.0,0,551.87898719237,0.5883571292029531,596.5124529040418,19908.245507208125,44.63346571167176,0,0,0,0.13165232541297156,12024,0,0.0,5,0,ok,[],491b3cd3915ecd3a7fc7016146d5b9f98e88183ce76e1cf50c4cbd3e07df45d6,2fce02875d2bbf7302104fe15f74a902813d09e8bb7ec0e8170e7c3ecfdae02a,f860a3116038dff933f71da5f744bc487a8cab36457bc169c553dd3cfb1d6caa,r51-free-action-design-only-v1,continuous_envelope_payment_upper_bound,4.792900200001895,r53-service-outcomes-v1,objective_expected_payment_at_executed_response,continuous_box_sufficient_reserve_v1,conditional_on_declared_cost_response_state_bounds_and_known_weighting,passed_observed,completed,0,0,0,False,ffa937f3a51565ce6ef916575ae3965b1ddc3a7501d45745ff113b51cb363fe5,d1acf522a0b674e4d35c5387b40bdfcef2c5618311aada2f72c24673c687c00f,50.0,3.5,938,0,0,0,design physical graph; nominal bound is not a guarantee at perturbed true response
12,0.3,down_step,frozen_point,r56_seed012__down_step__frozen_point,1,1777,1378,1123,0.7754642656162071,0.6319639842431064,255,0.18505079825834542,0,0.0,0,408.2157255778267,0.2962378269795549,430.909378220921,19908.245507208125,22.69365264309431,0,0,0,0.05362685816421098,12024,0,0.0,5,0,failed,"[""QoS violations: 255""]",491b3cd3915ecd3a7fc7016146d5b9f98e88183ce76e1cf50c4cbd3e07df45d6,2fce02875d2bbf7302104fe15f74a902813d09e8bb7ec0e8170e7c3ecfdae02a,0bb04fa9c9f6fc455f23114dc57226a5dfc7d491aa25d95c76995b4b7834c7a4,r51-free-action-design-only-v1,design_expected_payment,3.798201900004642,r53-service-outcomes-v1,objective_expected_payment_at_executed_response,design_response_ir,nominal_model_only_no_current_response_robust_guarantee,violated,completed,0,0,0,False,ffa937f3a51565ce6ef916575ae3965b1ddc3a7501d45745ff113b51cb363fe5,d1acf522a0b674e4d35c5387b40bdfcef2c5618311aada2f72c24673c687c00f,50.0,3.5,1378,0,0,0,design physical graph; nominal bound is not a guarantee at perturbed true response
12,0.3,stable,fixed_envelope,r56_seed012__stable__fixed_envelope,1,1777,938,938,0.5278559369724254,0.5278559369724254,0,0.0,0,0.0,0,576.1809999350671,0.61426545835295,595.9137328798554,19908.245507208125,19.732732944788268,0,0,0,0.15900828006244755,12024,0,0.0,5,0,ok,[],491b3cd3915ecd3a7fc7016146d5b9f98e88183ce76e1cf50c4cbd3e07df45d6,2fce02875d2bbf7302104fe15f74a902813d09e8bb7ec0e8170e7c3ecfdae02a,f860a3116038dff933f71da5f744bc487a8cab36457bc169c553dd3cfb1d6caa,r51-free-action-design-only-v1,continuous_envelope_payment_upper_bound,4.832774299997254,r53-service-outcomes-v1,objective_expected_payment_at_executed_response,continuous_box_sufficient_reserve_v1,conditional_on_declared_cost_response_state_bounds_and_known_weighting,passed_observed,completed,0,0,0,False,ffa937f3a51565ce6ef916575ae3965b1ddc3a7501d45745ff113b51cb363fe5,d1acf522a0b674e4d35c5387b40bdfcef2c5618311aada2f72c24673c687c00f,50.0,3.5,938,0,0,0,design physical graph; nominal bound is not a guarantee at perturbed true response
12,0.3,stable,frozen_point,r56_seed012__stable__frozen_point,1,1777,1378,1378,0.7754642656162071,0.7754642656162071,0,0.0,0,0.0,0,429.913291015433,0.3119835203305029,429.913291015433,19908.245507208125,0.0,0,0,0,0.05362685816421098,12024,0,0.0,5,0,ok,[],491b3cd3915ecd3a7fc7016146d5b9f98e88183ce76e1cf50c4cbd3e07df45d6,2fce02875d2bbf7302104fe15f74a902813d09e8bb7ec0e8170e7c3ecfdae02a,0bb04fa9c9f6fc455f23114dc57226a5dfc7d491aa25d95c76995b4b7834c7a4,r51-free-action-design-only-v1,design_expected_payment,3.6708286000066437,r53-service-outcomes-v1,objective_expected_payment_at_executed_response,design_response_ir,nominal_model_only_no_current_response_robust_guarantee,passed_observed,completed,0,0,0,False,ffa937f3a51565ce6ef916575ae3965b1ddc3a7501d45745ff113b51cb363fe5,d1acf522a0b674e4d35c5387b40bdfcef2c5618311aada2f72c24673c687c00f,50.0,3.5,1378,0,0,0,design physical graph; nominal bound is not a guarantee at perturbed true response
12,0.3,up_step,fixed_envelope,r56_seed012__up_step__fixed_envelope,1,1777,938,938,0.5278559369724254,0.5278559369724254,0,0.0,0,0.0,0,586.799272926994,0.6255855788134265,595.6547014358997,19908.245507208125,8.855428508905675,0,0,0,0.15900828006244755,12024,0,0.0,5,0,ok,[],491b3cd3915ecd3a7fc7016146d5b9f98e88183ce76e1cf50c4cbd3e07df45d6,2fce02875d2bbf7302104fe15f74a902813d09e8bb7ec0e8170e7c3ecfdae02a,f860a3116038dff933f71da5f744bc487a8cab36457bc169c553dd3cfb1d6caa,r51-free-action-design-only-v1,continuous_envelope_payment_upper_bound,5.847857399996428,r53-service-outcomes-v1,objective_expected_payment_at_executed_response,continuous_box_sufficient_reserve_v1,conditional_on_declared_cost_response_state_bounds_and_known_weighting,passed_observed,completed,0,0,0,False,ffa937f3a51565ce6ef916575ae3965b1ddc3a7501d45745ff113b51cb363fe5,d1acf522a0b674e4d35c5387b40bdfcef2c5618311aada2f72c24673c687c00f,50.0,3.5,938,0,0,0,design physical graph; nominal bound is not a guarantee at perturbed true response
12,0.3,up_step,frozen_point,r56_seed012__up_step__frozen_point,1,1777,1378,1378,0.7754642656162071,0.7754642656162071,0,0.0,0,0.0,751,435.936911600518,0.31635479796844557,429.6513860859511,19908.245507208125,-6.285525514566871,0,242,751,0.05362685816421098,12024,0,0.0,5,0,failed,"[""a_star < a_target on 751 assigned pairs""]",491b3cd3915ecd3a7fc7016146d5b9f98e88183ce76e1cf50c4cbd3e07df45d6,2fce02875d2bbf7302104fe15f74a902813d09e8bb7ec0e8170e7c3ecfdae02a,0bb04fa9c9f6fc455f23114dc57226a5dfc7d491aa25d95c76995b4b7834c7a4,r51-free-action-design-only-v1,design_expected_payment,3.852254299999913,r53-service-outcomes-v1,objective_expected_payment_at_executed_response,design_response_ir,nominal_model_only_no_current_response_robust_guarantee,violated,completed,242,0,0,False,ffa937f3a51565ce6ef916575ae3965b1ddc3a7501d45745ff113b51cb363fe5,d1acf522a0b674e4d35c5387b40bdfcef2c5618311aada2f72c24673c687c00f,50.0,3.5,1378,0,0,0,design physical graph; nominal bound is not a guarantee at perturbed true response
13,0.3,down_step,fixed_envelope,r56_seed013__down_step__fixed_envelope,1,1777,952,952,0.5357343837929094,0.5357343837929094,0,0.0,0,0.0,0,680.4831463404998,0.7147932209459033,735.4369413090772,20017.205649629894,54.95379496857731,0,0,0,0.05120421132064927,12024,0,0.0,5,0,ok,[],be3204f9d9f0e0769c2267a051d05091a681404e5053abdaa0940439740b662b,823b33f6f3775362cf5df849e891c4378fb482d1166fd14bcd56d252d440f9d5,62533e3b04cf21900703319da68f8114f0bf564e7c94aeaa9eee124d55c27a4c,r51-free-action-design-only-v1,continuous_envelope_payment_upper_bound,5.050539600000775,r53-service-outcomes-v1,objective_expected_payment_at_executed_response,continuous_box_sufficient_reserve_v1,conditional_on_declared_cost_response_state_bounds_and_known_weighting,passed_observed,completed,0,0,0,False,ffa937f3a51565ce6ef916575ae3965b1ddc3a7501d45745ff113b51cb363fe5,d1acf522a0b674e4d35c5387b40bdfcef2c5618311aada2f72c24673c687c00f,50.0,3.5,952,0,0,0,design physical graph; nominal bound is not a guarantee at perturbed true response
13,0.3,down_step,frozen_point,r56_seed013__down_step__frozen_point,1,1777,1365,1114,0.7681485649971863,0.6268992684299382,251,0.1838827838827839,0,0.0,0,510.0651384112706,0.3736740940741909,538.7070596836796,20017.205649629894,28.641921272409036,0,0,0,0.03331301465948866,12024,0,0.0,5,0,failed,"[""QoS violations: 251""]",be3204f9d9f0e0769c2267a051d05091a681404e5053abdaa0940439740b662b,823b33f6f3775362cf5df849e891c4378fb482d1166fd14bcd56d252d440f9d5,0af85bfc04ba73df9a631124018d466e96d2967e43843bdbe2ca5d9dcfc17763,r51-free-action-design-only-v1,design_expected_payment,3.855024200005573,r53-service-outcomes-v1,objective_expected_payment_at_executed_response,design_response_ir,nominal_model_only_no_current_response_robust_guarantee,violated,completed,0,0,0,False,ffa937f3a51565ce6ef916575ae3965b1ddc3a7501d45745ff113b51cb363fe5,d1acf522a0b674e4d35c5387b40bdfcef2c5618311aada2f72c24673c687c00f,50.0,3.5,1365,0,0,0,design physical graph; nominal bound is not a guarantee at perturbed true response
13,0.3,stable,fixed_envelope,r56_seed013__stable__fixed_envelope,1,1777,952,952,0.5357343837929094,0.5357343837929094,0,0.0,0,0.0,0,709.8926230068334,0.7456855283685225,734.9392845677113,20017.205649629894,25.04666156087785,0,0,0,0.07090990305246882,12024,0,0.0,5,0,ok,[],be3204f9d9f0e0769c2267a051d05091a681404e5053abdaa0940439740b662b,823b33f6f3775362cf5df849e891c4378fb482d1166fd14bcd56d252d440f9d5,62533e3b04cf21900703319da68f8114f0bf564e7c94aeaa9eee124d55c27a4c,r51-free-action-design-only-v1,continuous_envelope_payment_upper_bound,4.909091800000169,r53-service-outcomes-v1,objective_expected_payment_at_executed_response,continuous_box_sufficient_reserve_v1,conditional_on_declared_cost_response_state_bounds_and_known_weighting,passed_observed,completed,0,0,0,False,ffa937f3a51565ce6ef916575ae3965b1ddc3a7501d45745ff113b51cb363fe5,d1acf522a0b674e4d35c5387b40bdfcef2c5618311aada2f72c24673c687c00f,50.0,3.5,952,0,0,0,design physical graph; nominal bound is not a guarantee at perturbed true response
13,0.3,stable,frozen_point,r56_seed013__stable__frozen_point,1,1777,1365,1365,0.7681485649971863,0.7681485649971863,0,0.0,0,0.0,0,537.936704222133,0.39409282360595826,537.936704222133,20017.205649629894,0.0,0,0,0,0.05229517348710458,12024,0,0.0,5,0,ok,[],be3204f9d9f0e0769c2267a051d05091a681404e5053abdaa0940439740b662b,823b33f6f3775362cf5df849e891c4378fb482d1166fd14bcd56d252d440f9d5,0af85bfc04ba73df9a631124018d466e96d2967e43843bdbe2ca5d9dcfc17763,r51-free-action-design-only-v1,design_expected_payment,4.44086189999507,r53-service-outcomes-v1,objective_expected_payment_at_executed_response,design_response_ir,nominal_model_only_no_current_response_robust_guarantee,passed_observed,completed,0,0,0,False,ffa937f3a51565ce6ef916575ae3965b1ddc3a7501d45745ff113b51cb363fe5,d1acf522a0b674e4d35c5387b40bdfcef2c5618311aada2f72c24673c687c00f,50.0,3.5,1365,0,0,0,design physical graph; nominal bound is not a guarantee at perturbed true response
13,0.3,up_step,fixed_envelope,r56_seed013__up_step__fixed_envelope,1,1777,952,952,0.5357343837929094,0.5357343837929094,0,0.0,0,0.0,0,722.8915489260424,0.7593398623172715,734.7219612527068,20017.205649629894,11.830412326664373,0,0,0,0.0826957089076349,12024,0,0.0,5,0,ok,[],be3204f9d9f0e0769c2267a051d05091a681404e5053abdaa0940439740b662b,823b33f6f3775362cf5df849e891c4378fb482d1166fd14bcd56d252d440f9d5,62533e3b04cf21900703319da68f8114f0bf564e7c94aeaa9eee124d55c27a4c,r51-free-action-design-only-v1,continuous_envelope_payment_upper_bound,5.034817399995518,r53-service-outcomes-v1,objective_expected_payment_at_executed_response,continuous_box_sufficient_reserve_v1,conditional_on_declared_cost_response_state_bounds_and_known_weighting,passed_observed,completed,0,0,0,False,ffa937f3a51565ce6ef916575ae3965b1ddc3a7501d45745ff113b51cb363fe5,d1acf522a0b674e4d35c5387b40bdfcef2c5618311aada2f72c24673c687c00f,50.0,3.5,952,0,0,0,design physical graph; nominal bound is not a guarantee at perturbed true response
13,0.3,up_step,frozen_point,r56_seed013__up_step__frozen_point,1,1777,1365,1365,0.7681485649971863,0.7681485649971863,0,0.0,0,0.0,742,545.9891213400876,0.3999920302857785,537.7310168701475,20017.205649629894,-8.258104469940122,0,248,739,0.06388935478919153,12024,0,0.0,5,0,failed,"[""a_star < a_target on 742 assigned pairs""]",be3204f9d9f0e0769c2267a051d05091a681404e5053abdaa0940439740b662b,823b33f6f3775362cf5df849e891c4378fb482d1166fd14bcd56d252d440f9d5,0af85bfc04ba73df9a631124018d466e96d2967e43843bdbe2ca5d9dcfc17763,r51-free-action-design-only-v1,design_expected_payment,3.995334699997329,r53-service-outcomes-v1,objective_expected_payment_at_executed_response,design_response_ir,nominal_model_only_no_current_response_robust_guarantee,violated,completed,248,0,0,False,ffa937f3a51565ce6ef916575ae3965b1ddc3a7501d45745ff113b51cb363fe5,d1acf522a0b674e4d35c5387b40bdfcef2c5618311aada2f72c24673c687c00f,50.0,3.5,1365,0,0,0,design physical graph; nominal bound is not a guarantee at perturbed true response
14,0.3,down_step,fixed_envelope,r56_seed014__down_step__fixed_envelope,1,1777,949,949,0.53404614518852,0.53404614518852,0,0.0,0,0.0,0,528.2897195610884,0.5566804210338129,570.8139701209111,19945.234393897794,42.52425055982269,0,0,0,0.12095476156258579,12024,0,0.0,5,0,ok,[],13c1a120d99c1f4c3e281ff0237721be2fd7293951dcce6c58e485d842f78bd1,78a77f7c877c036179bb310f954ea4c2020a3fd921c77cfbe6ce43f774b04915,39e7f3e99b1b83d84759e28d5ce394a5b5c4638a5bf54d32ac6b14fe2fd90ad3,r51-free-action-design-only-v1,continuous_envelope_payment_upper_bound,4.907199999994191,r53-service-outcomes-v1,objective_expected_payment_at_executed_response,continuous_box_sufficient_reserve_v1,conditional_on_declared_cost_response_state_bounds_and_known_weighting,passed_observed,completed,0,0,0,False,ffa937f3a51565ce6ef916575ae3965b1ddc3a7501d45745ff113b51cb363fe5,d1acf522a0b674e4d35c5387b40bdfcef2c5618311aada2f72c24673c687c00f,50.0,3.5,949,0,0,0,design physical graph; nominal bound is not a guarantee at perturbed true response
14,0.3,down_step,frozen_point,r56_seed014__down_step__frozen_point,1,1777,1387,1133,0.7805289814293753,0.6375914462577378,254,0.18312905551550107,0,0.0,0,393.007236370628,0.28335056695791494,414.61584608496753,19945.234393897794,21.608609714339536,0,0,0,0.040270851198247276,12024,0,0.0,5,0,failed,"[""QoS violations: 254""]",13c1a120d99c1f4c3e281ff0237721be2fd7293951dcce6c58e485d842f78bd1,78a77f7c877c036179bb310f954ea4c2020a3fd921c77cfbe6ce43f774b04915,21074137958fb4a860eaf8bf6355a9314811688aebf62ca55de0cc3dbf785dbe,r51-free-action-design-only-v1,design_expected_payment,3.8393310000028578,r53-service-outcomes-v1,objective_expected_payment_at_executed_response,design_response_ir,nominal_model_only_no_current_response_robust_guarantee,violated,completed,0,0,0,False,ffa937f3a51565ce6ef916575ae3965b1ddc3a7501d45745ff113b51cb363fe5,d1acf522a0b674e4d35c5387b40bdfcef2c5618311aada2f72c24673c687c00f,50.0,3.5,1387,0,0,0,design physical graph; nominal bound is not a guarantee at perturbed true response
14,0.3,stable,fixed_envelope,r56_seed014__stable__fixed_envelope,1,1777,949,949,0.53404614518852,0.53404614518852,0,0.0,0,0.0,0,551.2532940155952,0.5808780758857695,570.2265953190504,19945.234393897794,18.973301303455173,0,0,0,0.12095476156258579,12024,0,0.0,5,0,ok,[],13c1a120d99c1f4c3e281ff0237721be2fd7293951dcce6c58e485d842f78bd1,78a77f7c877c036179bb310f954ea4c2020a3fd921c77cfbe6ce43f774b04915,39e7f3e99b1b83d84759e28d5ce394a5b5c4638a5bf54d32ac6b14fe2fd90ad3,r51-free-action-design-only-v1,continuous_envelope_payment_upper_bound,4.785283099998196,r53-service-outcomes-v1,objective_expected_payment_at_executed_response,continuous_box_sufficient_reserve_v1,conditional_on_declared_cost_response_state_bounds_and_known_weighting,passed_observed,completed,0,0,0,False,ffa937f3a51565ce6ef916575ae3965b1ddc3a7501d45745ff113b51cb363fe5,d1acf522a0b674e4d35c5387b40bdfcef2c5618311aada2f72c24673c687c00f,50.0,3.5,949,0,0,0,design physical graph; nominal bound is not a guarantee at perturbed true response
14,0.3,stable,frozen_point,r56_seed014__stable__frozen_point,1,1777,1387,1387,0.7805289814293753,0.7805289814293753,0,0.0,0,0.0,0,413.6331338492532,0.2982214375264984,413.6331338492532,19945.234393897794,0.0,0,0,0,0.0805403266190275,12024,0,0.0,5,0,ok,[],13c1a120d99c1f4c3e281ff0237721be2fd7293951dcce6c58e485d842f78bd1,78a77f7c877c036179bb310f954ea4c2020a3fd921c77cfbe6ce43f774b04915,21074137958fb4a860eaf8bf6355a9314811688aebf62ca55de0cc3dbf785dbe,r51-free-action-design-only-v1,design_expected_payment,4.023654000004171,r53-service-outcomes-v1,objective_expected_payment_at_executed_response,design_response_ir,nominal_model_only_no_current_response_robust_guarantee,passed_observed,completed,0,0,0,False,ffa937f3a51565ce6ef916575ae3965b1ddc3a7501d45745ff113b51cb363fe5,d1acf522a0b674e4d35c5387b40bdfcef2c5618311aada2f72c24673c687c00f,50.0,3.5,1387,0,0,0,design physical graph; nominal bound is not a guarantee at perturbed true response
14,0.3,up_step,fixed_envelope,r56_seed014__up_step__fixed_envelope,1,1777,949,949,0.53404614518852,0.53404614518852,0,0.0,0,0.0,0,561.454381281151,0.5916273775354594,569.9717313648478,19945.234393897794,8.517350083696783,0,0,0,0.12095476156258579,12024,0,0.0,5,0,ok,[],13c1a120d99c1f4c3e281ff0237721be2fd7293951dcce6c58e485d842f78bd1,78a77f7c877c036179bb310f954ea4c2020a3fd921c77cfbe6ce43f774b04915,39e7f3e99b1b83d84759e28d5ce394a5b5c4638a5bf54d32ac6b14fe2fd90ad3,r51-free-action-design-only-v1,continuous_envelope_payment_upper_bound,5.312043999998423,r53-service-outcomes-v1,objective_expected_payment_at_executed_response,continuous_box_sufficient_reserve_v1,conditional_on_declared_cost_response_state_bounds_and_known_weighting,passed_observed,completed,0,0,0,False,ffa937f3a51565ce6ef916575ae3965b1ddc3a7501d45745ff113b51cb363fe5,d1acf522a0b674e4d35c5387b40bdfcef2c5618311aada2f72c24673c687c00f,50.0,3.5,949,0,0,0,design physical graph; nominal bound is not a guarantee at perturbed true response
14,0.3,up_step,frozen_point,r56_seed014__up_step__frozen_point,1,1777,1387,1387,0.7805289814293753,0.7805289814293753,0,0.0,0,0.0,753,419.479595859279,0.30243662282572387,413.3707009317131,19945.234393897794,-6.1088949275659274,0,250,753,0.0805403266190275,12024,0,0.0,5,0,failed,"[""a_star < a_target on 753 assigned pairs""]",13c1a120d99c1f4c3e281ff0237721be2fd7293951dcce6c58e485d842f78bd1,78a77f7c877c036179bb310f954ea4c2020a3fd921c77cfbe6ce43f774b04915,21074137958fb4a860eaf8bf6355a9314811688aebf62ca55de0cc3dbf785dbe,r51-free-action-design-only-v1,design_expected_payment,3.9036828000025707,r53-service-outcomes-v1,objective_expected_payment_at_executed_response,design_response_ir,nominal_model_only_no_current_response_robust_guarantee,violated,completed,250,0,0,False,ffa937f3a51565ce6ef916575ae3965b1ddc3a7501d45745ff113b51cb363fe5,d1acf522a0b674e4d35c5387b40bdfcef2c5618311aada2f72c24673c687c00f,50.0,3.5,1387,0,0,0,design physical graph; nominal bound is not a guarantee at perturbed true response
15,0.3,down_step,fixed_envelope,r56_seed015__down_step__fixed_envelope,1,1777,944,944,0.5312324141812043,0.5312324141812043,0,0.0,0,0.0,0,660.7016594315439,0.6998958256690084,713.4433006284588,20048.296377733976,52.741641196914884,0,0,0,0.1155442379062726,12024,0,0.0,5,0,ok,[],691810dff3da21e5d750e129792c2a97ad701a8c0819e1e06d5fd43a9389d438,9fcd334f94780a37e5a1ff31a935a6155bb78dc342aa81c3eee26182d1e1529b,c28546158130b395c159d52cb7f2b2f89afece17f7a1d3fed3c3ae89be4fd3ef,r51-free-action-design-only-v1,continuous_envelope_payment_upper_bound,4.903021799997077,r53-service-outcomes-v1,objective_expected_payment_at_executed_response,continuous_box_sufficient_reserve_v1,conditional_on_declared_cost_response_state_bounds_and_known_weighting,passed_observed,completed,0,0,0,False,ffa937f3a51565ce6ef916575ae3965b1ddc3a7501d45745ff113b51cb363fe5,d1acf522a0b674e4d35c5387b40bdfcef2c5618311aada2f72c24673c687c00f,50.0,3.5,944,0,0,0,design physical graph; nominal bound is not a guarantee at perturbed true response
15,0.3,down_step,frozen_point,r56_seed015__down_step__frozen_point,1,1777,1384,1097,0.7788407428249859,0.6173325830050647,287,0.2073699421965318,0,0.0,0,501.16129516875225,0.3621107624051678,530.6692615676491,20048.296377733976,29.507966398896826,0,0,0,0.051937399111750396,12024,0,0.0,5,0,failed,"[""QoS violations: 287""]",691810dff3da21e5d750e129792c2a97ad701a8c0819e1e06d5fd43a9389d438,9fcd334f94780a37e5a1ff31a935a6155bb78dc342aa81c3eee26182d1e1529b,f60572eee31c2dad22ee85b99443ee896b9d09a1c648740cf63981c9427f29c8,r51-free-action-design-only-v1,design_expected_payment,4.007113700004993,r53-service-outcomes-v1,objective_expected_payment_at_executed_response,design_response_ir,nominal_model_only_no_current_response_robust_guarantee,violated,completed,0,0,0,False,ffa937f3a51565ce6ef916575ae3965b1ddc3a7501d45745ff113b51cb363fe5,d1acf522a0b674e4d35c5387b40bdfcef2c5618311aada2f72c24673c687c00f,50.0,3.5,1384,0,0,0,design physical graph; nominal bound is not a guarantee at perturbed true response
15,0.3,stable,fixed_envelope,r56_seed015__stable__fixed_envelope,1,1777,944,944,0.5312324141812043,0.5312324141812043,0,0.0,0,0.0,0,688.7790705967584,0.7296388459711424,712.9725308427408,20048.296377733976,24.19346024598235,0,0,0,0.1155442379062726,12024,0,0.0,5,0,ok,[],691810dff3da21e5d750e129792c2a97ad701a8c0819e1e06d5fd43a9389d438,9fcd334f94780a37e5a1ff31a935a6155bb78dc342aa81c3eee26182d1e1529b,c28546158130b395c159d52cb7f2b2f89afece17f7a1d3fed3c3ae89be4fd3ef,r51-free-action-design-only-v1,continuous_envelope_payment_upper_bound,5.0402814999979455,r53-service-outcomes-v1,objective_expected_payment_at_executed_response,continuous_box_sufficient_reserve_v1,conditional_on_declared_cost_response_state_bounds_and_known_weighting,passed_observed,completed,0,0,0,False,ffa937f3a51565ce6ef916575ae3965b1ddc3a7501d45745ff113b51cb363fe5,d1acf522a0b674e4d35c5387b40bdfcef2c5618311aada2f72c24673c687c00f,50.0,3.5,944,0,0,0,design physical graph; nominal bound is not a guarantee at perturbed true response
15,0.3,stable,frozen_point,r56_seed015__stable__frozen_point,1,1777,1384,1384,0.7788407428249859,0.7788407428249859,0,0.0,0,0.0,0,529.803462979796,0.3828059703611243,529.803462979796,20048.296377733976,0.0,0,0,0,0.06793711393444157,12024,0,0.0,5,0,ok,[],691810dff3da21e5d750e129792c2a97ad701a8c0819e1e06d5fd43a9389d438,9fcd334f94780a37e5a1ff31a935a6155bb78dc342aa81c3eee26182d1e1529b,f60572eee31c2dad22ee85b99443ee896b9d09a1c648740cf63981c9427f29c8,r51-free-action-design-only-v1,design_expected_payment,3.9380197999998927,r53-service-outcomes-v1,objective_expected_payment_at_executed_response,design_response_ir,nominal_model_only_no_current_response_robust_guarantee,passed_observed,completed,0,0,0,False,ffa937f3a51565ce6ef916575ae3965b1ddc3a7501d45745ff113b51cb363fe5,d1acf522a0b674e4d35c5387b40bdfcef2c5618311aada2f72c24673c687c00f,50.0,3.5,1384,0,0,0,design physical graph; nominal bound is not a guarantee at perturbed true response
15,0.3,up_step,fixed_envelope,r56_seed015__up_step__fixed_envelope,1,1777,944,944,0.5312324141812043,0.5312324141812043,0,0.0,0,0.0,0,701.1397728297934,0.7427328102010523,712.7666402350507,20048.296377733976,11.626867405257258,0,0,0,0.1155442379062726,12024,0,0.0,5,0,ok,[],691810dff3da21e5d750e129792c2a97ad701a8c0819e1e06d5fd43a9389d438,9fcd334f94780a37e5a1ff31a935a6155bb78dc342aa81c3eee26182d1e1529b,c28546158130b395c159d52cb7f2b2f89afece17f7a1d3fed3c3ae89be4fd3ef,r51-free-action-design-only-v1,continuous_envelope_payment_upper_bound,4.564645699996618,r53-service-outcomes-v1,objective_expected_payment_at_executed_response,continuous_box_sufficient_reserve_v1,conditional_on_declared_cost_response_state_bounds_and_known_weighting,passed_observed,completed,0,0,0,False,ffa937f3a51565ce6ef916575ae3965b1ddc3a7501d45745ff113b51cb363fe5,d1acf522a0b674e4d35c5387b40bdfcef2c5618311aada2f72c24673c687c00f,50.0,3.5,944,0,0,0,design physical graph; nominal bound is not a guarantee at perturbed true response
15,0.3,up_step,frozen_point,r56_seed015__up_step__frozen_point,1,1777,1384,1384,0.7788407428249859,0.7788407428249859,0,0.0,0,0.0,763,538.2697273379445,0.38892321339446856,529.5709454209468,20048.296377733976,-8.698781916997632,0,248,763,0.06793711393444157,12024,0,0.0,5,0,failed,"[""a_star < a_target on 763 assigned pairs""]",691810dff3da21e5d750e129792c2a97ad701a8c0819e1e06d5fd43a9389d438,9fcd334f94780a37e5a1ff31a935a6155bb78dc342aa81c3eee26182d1e1529b,f60572eee31c2dad22ee85b99443ee896b9d09a1c648740cf63981c9427f29c8,r51-free-action-design-only-v1,design_expected_payment,4.175332700004219,r53-service-outcomes-v1,objective_expected_payment_at_executed_response,design_response_ir,nominal_model_only_no_current_response_robust_guarantee,violated,completed,248,0,0,False,ffa937f3a51565ce6ef916575ae3965b1ddc3a7501d45745ff113b51cb363fe5,d1acf522a0b674e4d35c5387b40bdfcef2c5618311aada2f72c24673c687c00f,50.0,3.5,1384,0,0,0,design physical graph; nominal bound is not a guarantee at perturbed true response
16,0.3,down_step,fixed_envelope,r56_seed016__down_step__fixed_envelope,1,1777,933,933,0.5250422059651098,0.5250422059651098,0,0.0,0,0.0,0,599.2172136624697,0.6422478174302998,648.472940199139,20012.54966008693,49.25572653666927,0,0,0,0.12520609747538985,12024,0,0.0,5,0,ok,[],b181f6ff1fa37fddfc7830527ac2f8918a00292c2bf3017d1771500a65ee6bdd,7de147014cb3571fefee23b169c7509d75cfd8c46b1ffedc6db42b4cc5e5fcba,c923cc1b0101b4d6c0e62636bc25276329cc2f7e669320f4a02b9ecd9621e428,r51-free-action-design-only-v1,continuous_envelope_payment_upper_bound,4.746027399996819,r53-service-outcomes-v1,objective_expected_payment_at_executed_response,continuous_box_sufficient_reserve_v1,conditional_on_declared_cost_response_state_bounds_and_known_weighting,passed_observed,completed,0,0,0,False,ffa937f3a51565ce6ef916575ae3965b1ddc3a7501d45745ff113b51cb363fe5,d1acf522a0b674e4d35c5387b40bdfcef2c5618311aada2f72c24673c687c00f,50.0,3.5,933,0,0,0,design physical graph; nominal bound is not a guarantee at perturbed true response
16,0.3,down_step,frozen_point,r56_seed016__down_step__frozen_point,1,1777,1392,1121,0.7833427124366911,0.63083849184018,271,0.19468390804597702,0,0.0,0,451.2748529594002,0.3241917047122128,477.96068309175917,20012.54966008693,26.685830132358944,0,0,0,0.04161625919349596,12024,0,0.0,5,0,failed,"[""QoS violations: 271""]",b181f6ff1fa37fddfc7830527ac2f8918a00292c2bf3017d1771500a65ee6bdd,7de147014cb3571fefee23b169c7509d75cfd8c46b1ffedc6db42b4cc5e5fcba,39406fc53ad01b3716deee41c9e4e6af3e15e42b807d4d55d0dc7e378fb0b94c,r51-free-action-design-only-v1,design_expected_payment,3.8043988999997964,r53-service-outcomes-v1,objective_expected_payment_at_executed_response,design_response_ir,nominal_model_only_no_current_response_robust_guarantee,violated,completed,0,0,0,False,ffa937f3a51565ce6ef916575ae3965b1ddc3a7501d45745ff113b51cb363fe5,d1acf522a0b674e4d35c5387b40bdfcef2c5618311aada2f72c24673c687c00f,50.0,3.5,1392,0,0,0,design physical graph; nominal bound is not a guarantee at perturbed true response
16,0.3,stable,fixed_envelope,r56_seed016__stable__fixed_envelope,1,1777,933,933,0.5250422059651098,0.5250422059651098,0,0.0,0,0.0,0,626.1536720059408,0.6711186195133343,647.9857322800659,20012.54966008693,21.83206027412507,0,0,0,0.1363434966308256,12024,0,0.0,5,0,ok,[],b181f6ff1fa37fddfc7830527ac2f8918a00292c2bf3017d1771500a65ee6bdd,7de147014cb3571fefee23b169c7509d75cfd8c46b1ffedc6db42b4cc5e5fcba,c923cc1b0101b4d6c0e62636bc25276329cc2f7e669320f4a02b9ecd9621e428,r51-free-action-design-only-v1,continuous_envelope_payment_upper_bound,4.815033799997764,r53-service-outcomes-v1,objective_expected_payment_at_executed_response,continuous_box_sufficient_reserve_v1,conditional_on_declared_cost_response_state_bounds_and_known_weighting,passed_observed,completed,0,0,0,False,ffa937f3a51565ce6ef916575ae3965b1ddc3a7501d45745ff113b51cb363fe5,d1acf522a0b674e4d35c5387b40bdfcef2c5618311aada2f72c24673c687c00f,50.0,3.5,933,0,0,0,design physical graph; nominal bound is not a guarantee at perturbed true response
16,0.3,stable,frozen_point,r56_seed016__stable__frozen_point,1,1777,1392,1392,0.7833427124366911,0.7833427124366911,0,0.0,0,0.0,0,477.09499593116277,0.342740657996525,477.09499593116277,20012.54966008693,0.0,0,0,0,0.04161625919349596,12024,0,0.0,5,0,ok,[],b181f6ff1fa37fddfc7830527ac2f8918a00292c2bf3017d1771500a65ee6bdd,7de147014cb3571fefee23b169c7509d75cfd8c46b1ffedc6db42b4cc5e5fcba,39406fc53ad01b3716deee41c9e4e6af3e15e42b807d4d55d0dc7e378fb0b94c,r51-free-action-design-only-v1,design_expected_payment,3.670033800000965,r53-service-outcomes-v1,objective_expected_payment_at_executed_response,design_response_ir,nominal_model_only_no_current_response_robust_guarantee,passed_observed,completed,0,0,0,False,ffa937f3a51565ce6ef916575ae3965b1ddc3a7501d45745ff113b51cb363fe5,d1acf522a0b674e4d35c5387b40bdfcef2c5618311aada2f72c24673c687c00f,50.0,3.5,1392,0,0,0,design physical graph; nominal bound is not a guarantee at perturbed true response
16,0.3,up_step,fixed_envelope,r56_seed016__up_step__fixed_envelope,1,1777,933,933,0.5250422059651098,0.5250422059651098,0,0.0,0,0.0,0,638.0874295690935,0.6839093564513328,647.7776723086188,20012.54966008693,9.690242739525274,0,0,0,0.1363434966308256,12024,0,0.0,5,0,ok,[],b181f6ff1fa37fddfc7830527ac2f8918a00292c2bf3017d1771500a65ee6bdd,7de147014cb3571fefee23b169c7509d75cfd8c46b1ffedc6db42b4cc5e5fcba,c923cc1b0101b4d6c0e62636bc25276329cc2f7e669320f4a02b9ecd9621e428,r51-free-action-design-only-v1,continuous_envelope_payment_upper_bound,4.887957099999767,r53-service-outcomes-v1,objective_expected_payment_at_executed_response,continuous_box_sufficient_reserve_v1,conditional_on_declared_cost_response_state_bounds_and_known_weighting,passed_observed,completed,0,0,0,False,ffa937f3a51565ce6ef916575ae3965b1ddc3a7501d45745ff113b51cb363fe5,d1acf522a0b674e4d35c5387b40bdfcef2c5618311aada2f72c24673c687c00f,50.0,3.5,933,0,0,0,design physical graph; nominal bound is not a guarantee at perturbed true response
16,0.3,up_step,frozen_point,r56_seed016__up_step__frozen_point,1,1777,1392,1392,0.7833427124366911,0.7833427124366911,0,0.0,0,0.0,754,484.4900209406956,0.3480531759631434,476.86698610175233,20012.54966008693,-7.623034838943283,0,250,754,0.04161625919349596,12024,0,0.0,5,0,failed,"[""a_star < a_target on 754 assigned pairs""]",b181f6ff1fa37fddfc7830527ac2f8918a00292c2bf3017d1771500a65ee6bdd,7de147014cb3571fefee23b169c7509d75cfd8c46b1ffedc6db42b4cc5e5fcba,39406fc53ad01b3716deee41c9e4e6af3e15e42b807d4d55d0dc7e378fb0b94c,r51-free-action-design-only-v1,design_expected_payment,3.6546766000028583,r53-service-outcomes-v1,objective_expected_payment_at_executed_response,design_response_ir,nominal_model_only_no_current_response_robust_guarantee,violated,completed,250,0,0,False,ffa937f3a51565ce6ef916575ae3965b1ddc3a7501d45745ff113b51cb363fe5,d1acf522a0b674e4d35c5387b40bdfcef2c5618311aada2f72c24673c687c00f,50.0,3.5,1392,0,0,0,design physical graph; nominal bound is not a guarantee at perturbed true response
17,0.3,down_step,fixed_envelope,r56_seed017__down_step__fixed_envelope,1,1777,930,930,0.5233539673607203,0.5233539673607203,0,0.0,0,0.0,0,557.2115012853394,0.5991521519197198,600.5470791556593,20041.16484559333,43.33557787031987,0,0,0,0.09600660085258823,12024,0,0.0,5,0,ok,[],ce6437c834818a5c645503142eaed157a72bb9be46f8feb23720b37b8e362191,c6d2a1296d9a93fcc7355b94c45d0f4e3eecbf3e1017eac063a9f77854f39e7f,d9e44474b7d5371d4dea4ff1df11997a3e290e9a19e9260e5e1d7effb4e79818,r51-free-action-design-only-v1,continuous_envelope_payment_upper_bound,4.713050099999236,r53-service-outcomes-v1,objective_expected_payment_at_executed_response,continuous_box_sufficient_reserve_v1,conditional_on_declared_cost_response_state_bounds_and_known_weighting,passed_observed,completed,0,0,0,False,ffa937f3a51565ce6ef916575ae3965b1ddc3a7501d45745ff113b51cb363fe5,d1acf522a0b674e4d35c5387b40bdfcef2c5618311aada2f72c24673c687c00f,50.0,3.5,930,0,0,0,design physical graph; nominal bound is not a guarantee at perturbed true response
17,0.3,down_step,frozen_point,r56_seed017__down_step__frozen_point,1,1777,1378,1105,0.7754642656162071,0.6218345526167698,273,0.19811320754716982,0,0.0,0,417.59434318981243,0.3030437904135068,440.3704520795841,20041.16484559333,22.77610888977165,0,0,0,0.0367755732731648,12024,0,0.0,5,0,failed,"[""QoS violations: 273""]",ce6437c834818a5c645503142eaed157a72bb9be46f8feb23720b37b8e362191,c6d2a1296d9a93fcc7355b94c45d0f4e3eecbf3e1017eac063a9f77854f39e7f,f1cf33f6f2ae1f2ce9ceaf9dc25e2df95f053c49e85a26a0fa88a5529f5f32cf,r51-free-action-design-only-v1,design_expected_payment,4.056420000000799,r53-service-outcomes-v1,objective_expected_payment_at_executed_response,design_response_ir,nominal_model_only_no_current_response_robust_guarantee,violated,completed,0,0,0,False,ffa937f3a51565ce6ef916575ae3965b1ddc3a7501d45745ff113b51cb363fe5,d1acf522a0b674e4d35c5387b40bdfcef2c5618311aada2f72c24673c687c00f,50.0,3.5,1378,0,0,0,design physical graph; nominal bound is not a guarantee at perturbed true response
17,0.3,stable,fixed_envelope,r56_seed017__stable__fixed_envelope,1,1777,930,930,0.5233539673607203,0.5233539673607203,0,0.0,0,0.0,0,580.134955052012,0.6238010269376473,599.9435505734252,20041.16484559333,19.80859552141328,0,0,0,0.111803299369744,12024,0,0.0,5,0,ok,[],ce6437c834818a5c645503142eaed157a72bb9be46f8feb23720b37b8e362191,c6d2a1296d9a93fcc7355b94c45d0f4e3eecbf3e1017eac063a9f77854f39e7f,d9e44474b7d5371d4dea4ff1df11997a3e290e9a19e9260e5e1d7effb4e79818,r51-free-action-design-only-v1,continuous_envelope_payment_upper_bound,5.136440599999332,r53-service-outcomes-v1,objective_expected_payment_at_executed_response,continuous_box_sufficient_reserve_v1,conditional_on_declared_cost_response_state_bounds_and_known_weighting,passed_observed,completed,0,0,0,False,ffa937f3a51565ce6ef916575ae3965b1ddc3a7501d45745ff113b51cb363fe5,d1acf522a0b674e4d35c5387b40bdfcef2c5618311aada2f72c24673c687c00f,50.0,3.5,930,0,0,0,design physical graph; nominal bound is not a guarantee at perturbed true response
17,0.3,stable,frozen_point,r56_seed017__stable__frozen_point,1,1777,1378,1378,0.7754642656162071,0.7754642656162071,0,0.0,0,0.0,0,439.19365040672255,0.31871817881474784,439.19365040672255,20041.16484559333,0.0,0,0,0,0.05583496897070597,12024,0,0.0,5,0,ok,[],ce6437c834818a5c645503142eaed157a72bb9be46f8feb23720b37b8e362191,c6d2a1296d9a93fcc7355b94c45d0f4e3eecbf3e1017eac063a9f77854f39e7f,f1cf33f6f2ae1f2ce9ceaf9dc25e2df95f053c49e85a26a0fa88a5529f5f32cf,r51-free-action-design-only-v1,design_expected_payment,3.771699900004023,r53-service-outcomes-v1,objective_expected_payment_at_executed_response,design_response_ir,nominal_model_only_no_current_response_robust_guarantee,passed_observed,completed,0,0,0,False,ffa937f3a51565ce6ef916575ae3965b1ddc3a7501d45745ff113b51cb363fe5,d1acf522a0b674e4d35c5387b40bdfcef2c5618311aada2f72c24673c687c00f,50.0,3.5,1378,0,0,0,design physical graph; nominal bound is not a guarantee at perturbed true response
17,0.3,up_step,fixed_envelope,r56_seed017__up_step__fixed_envelope,1,1777,930,930,0.5233539673607203,0.5233539673607203,0,0.0,0,0.0,0,590.1843665902,0.6346068457959141,599.682538591732,20041.16484559333,9.498172001531998,0,0,0,0.111803299369744,12024,0,0.0,5,0,ok,[],ce6437c834818a5c645503142eaed157a72bb9be46f8feb23720b37b8e362191,c6d2a1296d9a93fcc7355b94c45d0f4e3eecbf3e1017eac063a9f77854f39e7f,d9e44474b7d5371d4dea4ff1df11997a3e290e9a19e9260e5e1d7effb4e79818,r51-free-action-design-only-v1,continuous_envelope_payment_upper_bound,4.9100658999959705,r53-service-outcomes-v1,objective_expected_payment_at_executed_response,continuous_box_sufficient_reserve_v1,conditional_on_declared_cost_response_state_bounds_and_known_weighting,passed_observed,completed,0,0,0,False,ffa937f3a51565ce6ef916575ae3965b1ddc3a7501d45745ff113b51cb363fe5,d1acf522a0b674e4d35c5387b40bdfcef2c5618311aada2f72c24673c687c00f,50.0,3.5,930,0,0,0,design physical graph; nominal bound is not a guarantee at perturbed true response
17,0.3,up_step,frozen_point,r56_seed017__up_step__frozen_point,1,1777,1378,1378,0.7754642656162071,0.7754642656162071,0,0.0,0,0.0,744,445.41193123149174,0.3232307193261914,438.87457394050136,20041.16484559333,-6.537357290990371,0,246,743,0.05583496897070597,12024,0,0.0,5,0,failed,"[""a_star < a_target on 744 assigned pairs""]",ce6437c834818a5c645503142eaed157a72bb9be46f8feb23720b37b8e362191,c6d2a1296d9a93fcc7355b94c45d0f4e3eecbf3e1017eac063a9f77854f39e7f,f1cf33f6f2ae1f2ce9ceaf9dc25e2df95f053c49e85a26a0fa88a5529f5f32cf,r51-free-action-design-only-v1,design_expected_payment,3.7090826999992714,r53-service-outcomes-v1,objective_expected_payment_at_executed_response,design_response_ir,nominal_model_only_no_current_response_robust_guarantee,violated,completed,246,0,0,False,ffa937f3a51565ce6ef916575ae3965b1ddc3a7501d45745ff113b51cb363fe5,d1acf522a0b674e4d35c5387b40bdfcef2c5618311aada2f72c24673c687c00f,50.0,3.5,1378,0,0,0,design physical graph; nominal bound is not a guarantee at perturbed true response
18,0.3,down_step,fixed_envelope,r56_seed018__down_step__fixed_envelope,1,1777,976,976,0.5492402926280248,0.5492402926280248,0,0.0,0,0.0,0,547.6538412421678,0.5611207389776309,591.9874978537187,19914.47020284537,44.33365661155085,0,0,0,0.09444807442481234,12024,0,0.0,5,0,ok,[],4e06085b53ec6c4eaf71c6531cffdd06487c8e37180a8d17152eb1ddefad9885,2a99de826c054d993c3fc1ba82ea9142146b0bfa899696836b08409cefd1d164,190976d48a9d7a830cfda06a79e46e153ab73c6a603afd71f35536b3bc2f5ce6,r51-free-action-design-only-v1,continuous_envelope_payment_upper_bound,4.58624140000029,r53-service-outcomes-v1,objective_expected_payment_at_executed_response,continuous_box_sufficient_reserve_v1,conditional_on_declared_cost_response_state_bounds_and_known_weighting,passed_observed,completed,0,0,0,False,ffa937f3a51565ce6ef916575ae3965b1ddc3a7501d45745ff113b51cb363fe5,d1acf522a0b674e4d35c5387b40bdfcef2c5618311aada2f72c24673c687c00f,50.0,3.5,976,0,0,0,design physical graph; nominal bound is not a guarantee at perturbed true response
18,0.3,down_step,frozen_point,r56_seed018__down_step__frozen_point,1,1777,1419,1162,0.7985368598761958,0.6539110861001688,257,0.18111346018322763,0,0.0,0,405.93852277827233,0.286073659463194,428.1578355423482,19914.47020284537,22.21931276407588,0,0,0,0.02989091639573002,12024,0,0.0,5,0,failed,"[""QoS violations: 257""]",4e06085b53ec6c4eaf71c6531cffdd06487c8e37180a8d17152eb1ddefad9885,2a99de826c054d993c3fc1ba82ea9142146b0bfa899696836b08409cefd1d164,8af0b63dbdf20df2f9fd78dc877672bd410fd58f51d6a412c9d20a895b1a764f,r51-free-action-design-only-v1,design_expected_payment,3.9879013000027044,r53-service-outcomes-v1,objective_expected_payment_at_executed_response,design_response_ir,nominal_model_only_no_current_response_robust_guarantee,violated,completed,0,0,0,False,ffa937f3a51565ce6ef916575ae3965b1ddc3a7501d45745ff113b51cb363fe5,d1acf522a0b674e4d35c5387b40bdfcef2c5618311aada2f72c24673c687c00f,50.0,3.5,1419,0,0,0,design physical graph; nominal bound is not a guarantee at perturbed true response
18,0.3,stable,fixed_envelope,r56_seed018__stable__fixed_envelope,1,1777,976,976,0.5492402926280248,0.5492402926280248,0,0.0,0,0.0,0,571.4777542971628,0.5855304859602078,591.4493650981574,19914.47020284537,19.97161080099454,0,0,0,0.09444807442481234,12024,0,0.0,5,0,ok,[],4e06085b53ec6c4eaf71c6531cffdd06487c8e37180a8d17152eb1ddefad9885,2a99de826c054d993c3fc1ba82ea9142146b0bfa899696836b08409cefd1d164,190976d48a9d7a830cfda06a79e46e153ab73c6a603afd71f35536b3bc2f5ce6,r51-free-action-design-only-v1,continuous_envelope_payment_upper_bound,4.9526112000021385,r53-service-outcomes-v1,objective_expected_payment_at_executed_response,continuous_box_sufficient_reserve_v1,conditional_on_declared_cost_response_state_bounds_and_known_weighting,passed_observed,completed,0,0,0,False,ffa937f3a51565ce6ef916575ae3965b1ddc3a7501d45745ff113b51cb363fe5,d1acf522a0b674e4d35c5387b40bdfcef2c5618311aada2f72c24673c687c00f,50.0,3.5,976,0,0,0,design physical graph; nominal bound is not a guarantee at perturbed true response
18,0.3,stable,frozen_point,r56_seed018__stable__frozen_point,1,1777,1419,1419,0.7985368598761958,0.7985368598761958,0,0.0,0,0.0,0,427.29521570902807,0.3011241830225709,427.29521570902807,19914.47020284537,0.0,0,0,0,0.04964509139796383,12024,0,0.0,5,0,ok,[],4e06085b53ec6c4eaf71c6531cffdd06487c8e37180a8d17152eb1ddefad9885,2a99de826c054d993c3fc1ba82ea9142146b0bfa899696836b08409cefd1d164,8af0b63dbdf20df2f9fd78dc877672bd410fd58f51d6a412c9d20a895b1a764f,r51-free-action-design-only-v1,design_expected_payment,3.7068722999974852,r53-service-outcomes-v1,objective_expected_payment_at_executed_response,design_response_ir,nominal_model_only_no_current_response_robust_guarantee,passed_observed,completed,0,0,0,False,ffa937f3a51565ce6ef916575ae3965b1ddc3a7501d45745ff113b51cb363fe5,d1acf522a0b674e4d35c5387b40bdfcef2c5618311aada2f72c24673c687c00f,50.0,3.5,1419,0,0,0,design physical graph; nominal bound is not a guarantee at perturbed true response
18,0.3,up_step,fixed_envelope,r56_seed018__up_step__fixed_envelope,1,1777,976,976,0.5492402926280248,0.5492402926280248,0,0.0,0,0.0,0,581.9959814690694,0.5963073580625712,591.217660458595,19914.47020284537,9.221678989525572,0,0,0,0.09444807442481234,12024,0,0.0,5,0,ok,[],4e06085b53ec6c4eaf71c6531cffdd06487c8e37180a8d17152eb1ddefad9885,2a99de826c054d993c3fc1ba82ea9142146b0bfa899696836b08409cefd1d164,190976d48a9d7a830cfda06a79e46e153ab73c6a603afd71f35536b3bc2f5ce6,r51-free-action-design-only-v1,continuous_envelope_payment_upper_bound,4.628804200001468,r53-service-outcomes-v1,objective_expected_payment_at_executed_response,continuous_box_sufficient_reserve_v1,conditional_on_declared_cost_response_state_bounds_and_known_weighting,passed_observed,completed,0,0,0,False,ffa937f3a51565ce6ef916575ae3965b1ddc3a7501d45745ff113b51cb363fe5,d1acf522a0b674e4d35c5387b40bdfcef2c5618311aada2f72c24673c687c00f,50.0,3.5,976,0,0,0,design physical graph; nominal bound is not a guarantee at perturbed true response
18,0.3,up_step,frozen_point,r56_seed018__up_step__frozen_point,1,1777,1419,1419,0.7985368598761958,0.7985368598761958,0,0.0,0,0.0,776,433.4069233690718,0.305431235637119,427.06925849176656,19914.47020284537,-6.337664877305258,0,248,776,0.04964509139796383,12024,0,0.0,5,0,failed,"[""a_star < a_target on 776 assigned pairs""]",4e06085b53ec6c4eaf71c6531cffdd06487c8e37180a8d17152eb1ddefad9885,2a99de826c054d993c3fc1ba82ea9142146b0bfa899696836b08409cefd1d164,8af0b63dbdf20df2f9fd78dc877672bd410fd58f51d6a412c9d20a895b1a764f,r51-free-action-design-only-v1,design_expected_payment,3.6103867999991053,r53-service-outcomes-v1,objective_expected_payment_at_executed_response,design_response_ir,nominal_model_only_no_current_response_robust_guarantee,violated,completed,248,0,0,False,ffa937f3a51565ce6ef916575ae3965b1ddc3a7501d45745ff113b51cb363fe5,d1acf522a0b674e4d35c5387b40bdfcef2c5618311aada2f72c24673c687c00f,50.0,3.5,1419,0,0,0,design physical graph; nominal bound is not a guarantee at perturbed true response
19,0.3,down_step,fixed_envelope,r56_seed019__down_step__fixed_envelope,1,1777,937,937,0.5272931907709623,0.5272931907709623,0,0.0,0,0.0,0,522.0269336829434,0.5571258630554359,564.6462319495523,20098.96781332902,42.619298266608894,0,0,0,0.13820403279208632,12024,0,0.0,5,0,ok,[],6ebeb0583d836380c6e7fd3b400cacfaefe7a058f845acd7530b3a830b8bd9f4,01a36f1fc6aa40a2da2d8ba1c0092086582689d3ea13694b339abbb0ebd8f278,acc06b849bf624e21ca9f65afee2d55f7eb8c8a274cb98ee1717f82caccd84d7,r51-free-action-design-only-v1,continuous_envelope_payment_upper_bound,4.938418300000194,r53-service-outcomes-v1,objective_expected_payment_at_executed_response,continuous_box_sufficient_reserve_v1,conditional_on_declared_cost_response_state_bounds_and_known_weighting,passed_observed,completed,0,0,0,False,ffa937f3a51565ce6ef916575ae3965b1ddc3a7501d45745ff113b51cb363fe5,d1acf522a0b674e4d35c5387b40bdfcef2c5618311aada2f72c24673c687c00f,50.0,3.5,937,0,0,0,design physical graph; nominal bound is not a guarantee at perturbed true response
19,0.3,down_step,frozen_point,r56_seed019__down_step__frozen_point,1,1777,1387,1123,0.7805289814293753,0.6319639842431064,264,0.19033886085075702,0,0.0,0,383.2507355426385,0.27631631978560817,404.4904338696221,20098.96781332902,21.239698326983614,0,0,0,0.05071693737352942,12024,0,0.0,5,0,failed,"[""QoS violations: 264""]",6ebeb0583d836380c6e7fd3b400cacfaefe7a058f845acd7530b3a830b8bd9f4,01a36f1fc6aa40a2da2d8ba1c0092086582689d3ea13694b339abbb0ebd8f278,e5b3931923dbf0dcb82ebebf48104747d0c2c003d264bf490176201530fd160a,r51-free-action-design-only-v1,design_expected_payment,3.669573400002264,r53-service-outcomes-v1,objective_expected_payment_at_executed_response,design_response_ir,nominal_model_only_no_current_response_robust_guarantee,violated,completed,0,0,0,False,ffa937f3a51565ce6ef916575ae3965b1ddc3a7501d45745ff113b51cb363fe5,d1acf522a0b674e4d35c5387b40bdfcef2c5618311aada2f72c24673c687c00f,50.0,3.5,1387,0,0,0,design physical graph; nominal bound is not a guarantee at perturbed true response
19,0.3,stable,fixed_envelope,r56_seed019__stable__fixed_envelope,1,1777,937,937,0.5272931907709623,0.5272931907709623,0,0.0,0,0.0,0,544.6496578050012,0.581269645469585,563.7754013235243,20098.96781332902,19.12574351852311,0,0,0,0.1412021612436012,12024,0,0.0,5,0,ok,[],6ebeb0583d836380c6e7fd3b400cacfaefe7a058f845acd7530b3a830b8bd9f4,01a36f1fc6aa40a2da2d8ba1c0092086582689d3ea13694b339abbb0ebd8f278,acc06b849bf624e21ca9f65afee2d55f7eb8c8a274cb98ee1717f82caccd84d7,r51-free-action-design-only-v1,continuous_envelope_payment_upper_bound,4.7081814000048325,r53-service-outcomes-v1,objective_expected_payment_at_executed_response,continuous_box_sufficient_reserve_v1,conditional_on_declared_cost_response_state_bounds_and_known_weighting,passed_observed,completed,0,0,0,False,ffa937f3a51565ce6ef916575ae3965b1ddc3a7501d45745ff113b51cb363fe5,d1acf522a0b674e4d35c5387b40bdfcef2c5618311aada2f72c24673c687c00f,50.0,3.5,937,0,0,0,design physical graph; nominal bound is not a guarantee at perturbed true response
19,0.3,stable,frozen_point,r56_seed019__stable__frozen_point,1,1777,1387,1387,0.7805289814293753,0.7805289814293753,0,0.0,0,0.0,0,403.01949340412625,0.2905692093757219,403.01949340412625,20098.96781332902,0.0,0,0,0,0.05071693737352942,12024,0,0.0,5,0,ok,[],6ebeb0583d836380c6e7fd3b400cacfaefe7a058f845acd7530b3a830b8bd9f4,01a36f1fc6aa40a2da2d8ba1c0092086582689d3ea13694b339abbb0ebd8f278,e5b3931923dbf0dcb82ebebf48104747d0c2c003d264bf490176201530fd160a,r51-free-action-design-only-v1,design_expected_payment,3.742358499999682,r53-service-outcomes-v1,objective_expected_payment_at_executed_response,design_response_ir,nominal_model_only_no_current_response_robust_guarantee,passed_observed,completed,0,0,0,False,ffa937f3a51565ce6ef916575ae3965b1ddc3a7501d45745ff113b51cb363fe5,d1acf522a0b674e4d35c5387b40bdfcef2c5618311aada2f72c24673c687c00f,50.0,3.5,1387,0,0,0,design physical graph; nominal bound is not a guarantee at perturbed true response
19,0.3,up_step,fixed_envelope,r56_seed019__up_step__fixed_envelope,1,1777,937,937,0.5272931907709623,0.5272931907709623,0,0.0,0,0.0,0,554.5821161062347,0.5918699211379239,563.3958327289298,20098.96781332902,8.813716622695097,0,0,0,0.1412021612436012,12024,0,0.0,5,0,ok,[],6ebeb0583d836380c6e7fd3b400cacfaefe7a058f845acd7530b3a830b8bd9f4,01a36f1fc6aa40a2da2d8ba1c0092086582689d3ea13694b339abbb0ebd8f278,acc06b849bf624e21ca9f65afee2d55f7eb8c8a274cb98ee1717f82caccd84d7,r51-free-action-design-only-v1,continuous_envelope_payment_upper_bound,5.3323218000005,r53-service-outcomes-v1,objective_expected_payment_at_executed_response,continuous_box_sufficient_reserve_v1,conditional_on_declared_cost_response_state_bounds_and_known_weighting,passed_observed,completed,0,0,0,False,ffa937f3a51565ce6ef916575ae3965b1ddc3a7501d45745ff113b51cb363fe5,d1acf522a0b674e4d35c5387b40bdfcef2c5618311aada2f72c24673c687c00f,50.0,3.5,937,0,0,0,design physical graph; nominal bound is not a guarantee at perturbed true response
19,0.3,up_step,frozen_point,r56_seed019__up_step__frozen_point,1,1777,1387,1387,0.7805289814293753,0.7805289814293753,0,0.0,0,0.0,756,408.67823913969295,0.29464905489523646,402.62769183949797,20098.96781332902,-6.050547300194978,0,246,752,0.05071693737352942,12024,0,0.0,5,0,failed,"[""a_star < a_target on 756 assigned pairs""]",6ebeb0583d836380c6e7fd3b400cacfaefe7a058f845acd7530b3a830b8bd9f4,01a36f1fc6aa40a2da2d8ba1c0092086582689d3ea13694b339abbb0ebd8f278,e5b3931923dbf0dcb82ebebf48104747d0c2c003d264bf490176201530fd160a,r51-free-action-design-only-v1,design_expected_payment,3.726249100000132,r53-service-outcomes-v1,objective_expected_payment_at_executed_response,design_response_ir,nominal_model_only_no_current_response_robust_guarantee,violated,completed,246,0,0,False,ffa937f3a51565ce6ef916575ae3965b1ddc3a7501d45745ff113b51cb363fe5,d1acf522a0b674e4d35c5387b40bdfcef2c5618311aada2f72c24673c687c00f,50.0,3.5,1387,0,0,0,design physical graph; nominal bound is not a guarantee at perturbed true response
20,0.3,down_step,fixed_envelope,r56_seed020__down_step__fixed_envelope,1,1777,925,925,0.5205402363534046,0.5205402363534046,0,0.0,0,0.0,0,526.968403426144,0.569695571271507,569.1808439595657,19941.12596174611,42.21244053342161,0,0,0,0.09103860437546664,12024,0,0.0,5,0,ok,[],96b2169c51449968d80927c787d3213033a1df65c7d507516fb0bd0384724aad,ffdb022e433269de95f5cb348bd16896ae4a9a7f8c62683a80a2ac0c0be3a2e4,37d3e3d7bf861e9e337c689a97f1c0a438d5522c3c481c053b4095b6d047a096,r51-free-action-design-only-v1,continuous_envelope_payment_upper_bound,4.648846500000218,r53-service-outcomes-v1,objective_expected_payment_at_executed_response,continuous_box_sufficient_reserve_v1,conditional_on_declared_cost_response_state_bounds_and_known_weighting,passed_observed,completed,0,0,0,False,ffa937f3a51565ce6ef916575ae3965b1ddc3a7501d45745ff113b51cb363fe5,d1acf522a0b674e4d35c5387b40bdfcef2c5618311aada2f72c24673c687c00f,50.0,3.5,925,0,0,0,design physical graph; nominal bound is not a guarantee at perturbed true response
20,0.3,down_step,frozen_point,r56_seed020__down_step__frozen_point,1,1777,1367,1100,0.7692740574001126,0.6190208216094542,267,0.19531821506949523,0,0.0,0,396.5701268211925,0.29010250681872163,418.9219991476408,19941.12596174611,22.3518723264483,0,0,0,0.042261451901494065,12024,0,0.0,5,0,failed,"[""QoS violations: 267""]",96b2169c51449968d80927c787d3213033a1df65c7d507516fb0bd0384724aad,ffdb022e433269de95f5cb348bd16896ae4a9a7f8c62683a80a2ac0c0be3a2e4,c78e0dd7ab5ae213fd9fc73e5fe79fae09e42bac05d36a07ab75882e0a3d05df,r51-free-action-design-only-v1,design_expected_payment,3.699790500002564,r53-service-outcomes-v1,objective_expected_payment_at_executed_response,design_response_ir,nominal_model_only_no_current_response_robust_guarantee,violated,completed,0,0,0,False,ffa937f3a51565ce6ef916575ae3965b1ddc3a7501d45745ff113b51cb363fe5,d1acf522a0b674e4d35c5387b40bdfcef2c5618311aada2f72c24673c687c00f,50.0,3.5,1367,0,0,0,design physical graph; nominal bound is not a guarantee at perturbed true response
20,0.3,stable,fixed_envelope,r56_seed020__stable__fixed_envelope,1,1777,925,925,0.5205402363534046,0.5205402363534046,0,0.0,0,0.0,0,549.5084389238546,0.5940631772149779,568.4849305229445,19941.12596174611,18.976491599089968,0,0,0,0.09103860437546664,12024,0,0.0,5,0,ok,[],96b2169c51449968d80927c787d3213033a1df65c7d507516fb0bd0384724aad,ffdb022e433269de95f5cb348bd16896ae4a9a7f8c62683a80a2ac0c0be3a2e4,37d3e3d7bf861e9e337c689a97f1c0a438d5522c3c481c053b4095b6d047a096,r51-free-action-design-only-v1,continuous_envelope_payment_upper_bound,4.905390800005989,r53-service-outcomes-v1,objective_expected_payment_at_executed_response,continuous_box_sufficient_reserve_v1,conditional_on_declared_cost_response_state_bounds_and_known_weighting,passed_observed,completed,0,0,0,False,ffa937f3a51565ce6ef916575ae3965b1ddc3a7501d45745ff113b51cb363fe5,d1acf522a0b674e4d35c5387b40bdfcef2c5618311aada2f72c24673c687c00f,50.0,3.5,925,0,0,0,design physical graph; nominal bound is not a guarantee at perturbed true response
20,0.3,stable,frozen_point,r56_seed020__stable__frozen_point,1,1777,1367,1367,0.7692740574001126,0.7692740574001126,0,0.0,0,0.0,0,417.7114119606815,0.305567967783966,417.7114119606815,19941.12596174611,0.0,0,0,0,0.046298696491279545,12024,0,0.0,5,0,ok,[],96b2169c51449968d80927c787d3213033a1df65c7d507516fb0bd0384724aad,ffdb022e433269de95f5cb348bd16896ae4a9a7f8c62683a80a2ac0c0be3a2e4,c78e0dd7ab5ae213fd9fc73e5fe79fae09e42bac05d36a07ab75882e0a3d05df,r51-free-action-design-only-v1,design_expected_payment,4.219791200004693,r53-service-outcomes-v1,objective_expected_payment_at_executed_response,design_response_ir,nominal_model_only_no_current_response_robust_guarantee,passed_observed,completed,0,0,0,False,ffa937f3a51565ce6ef916575ae3965b1ddc3a7501d45745ff113b51cb363fe5,d1acf522a0b674e4d35c5387b40bdfcef2c5618311aada2f72c24673c687c00f,50.0,3.5,1367,0,0,0,design physical graph; nominal bound is not a guarantee at perturbed true response
20,0.3,up_step,fixed_envelope,r56_seed020__up_step__fixed_envelope,1,1777,925,925,0.5205402363534046,0.5205402363534046,0,0.0,0,0.0,0,559.46333998044,0.6048252324112865,568.1897604299218,19941.12596174611,8.726420449481793,0,0,0,0.09103860437546664,12024,0,0.0,5,0,ok,[],96b2169c51449968d80927c787d3213033a1df65c7d507516fb0bd0384724aad,ffdb022e433269de95f5cb348bd16896ae4a9a7f8c62683a80a2ac0c0be3a2e4,37d3e3d7bf861e9e337c689a97f1c0a438d5522c3c481c053b4095b6d047a096,r51-free-action-design-only-v1,continuous_envelope_payment_upper_bound,4.623312899995653,r53-service-outcomes-v1,objective_expected_payment_at_executed_response,continuous_box_sufficient_reserve_v1,conditional_on_declared_cost_response_state_bounds_and_known_weighting,passed_observed,completed,0,0,0,False,ffa937f3a51565ce6ef916575ae3965b1ddc3a7501d45745ff113b51cb363fe5,d1acf522a0b674e4d35c5387b40bdfcef2c5618311aada2f72c24673c687c00f,50.0,3.5,925,0,0,0,design physical graph; nominal bound is not a guarantee at perturbed true response
20,0.3,up_step,frozen_point,r56_seed020__up_step__frozen_point,1,1777,1367,1367,0.7692740574001126,0.7692740574001126,0,0.0,0,0.0,729,423.79125065954236,0.31001554547150134,417.38789267304855,19941.12596174611,-6.403357986493802,0,249,717,0.046298696491279545,12024,0,0.0,5,0,failed,"[""a_star < a_target on 729 assigned pairs""]",96b2169c51449968d80927c787d3213033a1df65c7d507516fb0bd0384724aad,ffdb022e433269de95f5cb348bd16896ae4a9a7f8c62683a80a2ac0c0be3a2e4,c78e0dd7ab5ae213fd9fc73e5fe79fae09e42bac05d36a07ab75882e0a3d05df,r51-free-action-design-only-v1,design_expected_payment,3.6757398000045214,r53-service-outcomes-v1,objective_expected_payment_at_executed_response,design_response_ir,nominal_model_only_no_current_response_robust_guarantee,violated,completed,249,0,0,False,ffa937f3a51565ce6ef916575ae3965b1ddc3a7501d45745ff113b51cb363fe5,d1acf522a0b674e4d35c5387b40bdfcef2c5618311aada2f72c24673c687c00f,50.0,3.5,1367,0,0,0,design physical graph; nominal bound is not a guarantee at perturbed true response
21,0.3,down_step,fixed_envelope,r56_seed021__down_step__fixed_envelope,1,1777,918,918,0.5166010129431626,0.5166010129431626,0,0.0,0,0.0,0,509.69855955248556,0.5552271890549951,549.6396246878935,20054.841219310347,39.94106513540794,0,0,0,0.10179644195764292,12024,0,0.0,5,0,ok,[],3b707f130704c5fb9cd7e0fdd87f7e380b4131839c351cb4a4f9b5ca2d308fd4,58d805ad9138ba89335806d4ed8c02d45ee41ba03b6f4566a71373977db5f580,741bf27412f9e8ff656e00d9fb0254c20b004f0c1c9b257336e2d0f2d999e266,r51-free-action-design-only-v1,continuous_envelope_payment_upper_bound,5.603538000003027,r53-service-outcomes-v1,objective_expected_payment_at_executed_response,continuous_box_sufficient_reserve_v1,conditional_on_declared_cost_response_state_bounds_and_known_weighting,passed_observed,completed,0,0,0,False,ffa937f3a51565ce6ef916575ae3965b1ddc3a7501d45745ff113b51cb363fe5,d1acf522a0b674e4d35c5387b40bdfcef2c5618311aada2f72c24673c687c00f,50.0,3.5,918,0,0,0,design physical graph; nominal bound is not a guarantee at perturbed true response
21,0.3,down_step,frozen_point,r56_seed021__down_step__frozen_point,1,1777,1366,1083,0.7687113111986494,0.6094541361845808,283,0.20717423133235724,0,0.0,0,382.3132340899655,0.2798779166105165,403.52901310340155,20054.841219310347,21.215779013436077,0,0,0,0.03419856720408396,12024,0,0.0,5,0,failed,"[""QoS violations: 283""]",3b707f130704c5fb9cd7e0fdd87f7e380b4131839c351cb4a4f9b5ca2d308fd4,58d805ad9138ba89335806d4ed8c02d45ee41ba03b6f4566a71373977db5f580,01c2519d36f0c8664d30a75858791a7128f1f28e69d7fa72a842835d897680a3,r51-free-action-design-only-v1,design_expected_payment,3.7696590999985347,r53-service-outcomes-v1,objective_expected_payment_at_executed_response,design_response_ir,nominal_model_only_no_current_response_robust_guarantee,violated,completed,0,0,0,False,ffa937f3a51565ce6ef916575ae3965b1ddc3a7501d45745ff113b51cb363fe5,d1acf522a0b674e4d35c5387b40bdfcef2c5618311aada2f72c24673c687c00f,50.0,3.5,1366,0,0,0,design physical graph; nominal bound is not a guarantee at perturbed true response
21,0.3,stable,fixed_envelope,r56_seed021__stable__fixed_envelope,1,1777,918,918,0.5166010129431626,0.5166010129431626,0,0.0,0,0.0,0,530.7853712264748,0.5781975721421294,549.0468234005723,20054.841219310347,18.261452174097485,0,0,0,0.12367759567393845,12024,0,0.0,5,0,ok,[],3b707f130704c5fb9cd7e0fdd87f7e380b4131839c351cb4a4f9b5ca2d308fd4,58d805ad9138ba89335806d4ed8c02d45ee41ba03b6f4566a71373977db5f580,741bf27412f9e8ff656e00d9fb0254c20b004f0c1c9b257336e2d0f2d999e266,r51-free-action-design-only-v1,continuous_envelope_payment_upper_bound,4.609260999997787,r53-service-outcomes-v1,objective_expected_payment_at_executed_response,continuous_box_sufficient_reserve_v1,conditional_on_declared_cost_response_state_bounds_and_known_weighting,passed_observed,completed,0,0,0,False,ffa937f3a51565ce6ef916575ae3965b1ddc3a7501d45745ff113b51cb363fe5,d1acf522a0b674e4d35c5387b40bdfcef2c5618311aada2f72c24673c687c00f,50.0,3.5,918,0,0,0,design physical graph; nominal bound is not a guarantee at perturbed true response
21,0.3,stable,frozen_point,r56_seed021__stable__frozen_point,1,1777,1366,1366,0.7687113111986494,0.7687113111986494,0,0.0,0,0.0,0,402.4431372886125,0.2946143025538891,402.4431372886125,20054.841219310347,0.0,0,0,0,0.034501560468806675,12024,0,0.0,5,0,ok,[],3b707f130704c5fb9cd7e0fdd87f7e380b4131839c351cb4a4f9b5ca2d308fd4,58d805ad9138ba89335806d4ed8c02d45ee41ba03b6f4566a71373977db5f580,01c2519d36f0c8664d30a75858791a7128f1f28e69d7fa72a842835d897680a3,r51-free-action-design-only-v1,design_expected_payment,3.6765276999940397,r53-service-outcomes-v1,objective_expected_payment_at_executed_response,design_response_ir,nominal_model_only_no_current_response_robust_guarantee,passed_observed,completed,0,0,0,False,ffa937f3a51565ce6ef916575ae3965b1ddc3a7501d45745ff113b51cb363fe5,d1acf522a0b674e4d35c5387b40bdfcef2c5618311aada2f72c24673c687c00f,50.0,3.5,1366,0,0,0,design physical graph; nominal bound is not a guarantee at perturbed true response
21,0.3,up_step,fixed_envelope,r56_seed021__up_step__fixed_envelope,1,1777,918,918,0.5166010129431626,0.5166010129431626,0,0.0,0,0.0,0,540.005766913406,0.5882415761583943,548.78768340656,20054.841219310347,8.781916493153972,0,0,0,0.12367759567393845,12024,0,0.0,5,0,ok,[],3b707f130704c5fb9cd7e0fdd87f7e380b4131839c351cb4a4f9b5ca2d308fd4,58d805ad9138ba89335806d4ed8c02d45ee41ba03b6f4566a71373977db5f580,741bf27412f9e8ff656e00d9fb0254c20b004f0c1c9b257336e2d0f2d999e266,r51-free-action-design-only-v1,continuous_envelope_payment_upper_bound,5.558479799998167,r53-service-outcomes-v1,objective_expected_payment_at_executed_response,continuous_box_sufficient_reserve_v1,conditional_on_declared_cost_response_state_bounds_and_known_weighting,passed_observed,completed,0,0,0,False,ffa937f3a51565ce6ef916575ae3965b1ddc3a7501d45745ff113b51cb363fe5,d1acf522a0b674e4d35c5387b40bdfcef2c5618311aada2f72c24673c687c00f,50.0,3.5,918,0,0,0,design physical graph; nominal bound is not a guarantee at perturbed true response
21,0.3,up_step,frozen_point,r56_seed021__up_step__frozen_point,1,1777,1366,1366,0.7687113111986494,0.7687113111986494,0,0.0,0,0.0,750,408.27900991272065,0.2988865372713914,402.1558781536105,20054.841219310347,-6.1231317591101515,0,244,747,0.034501560468806675,12024,0,0.0,5,0,failed,"[""a_star < a_target on 750 assigned pairs""]",3b707f130704c5fb9cd7e0fdd87f7e380b4131839c351cb4a4f9b5ca2d308fd4,58d805ad9138ba89335806d4ed8c02d45ee41ba03b6f4566a71373977db5f580,01c2519d36f0c8664d30a75858791a7128f1f28e69d7fa72a842835d897680a3,r51-free-action-design-only-v1,design_expected_payment,4.12104189999809,r53-service-outcomes-v1,objective_expected_payment_at_executed_response,design_response_ir,nominal_model_only_no_current_response_robust_guarantee,violated,completed,244,0,0,False,ffa937f3a51565ce6ef916575ae3965b1ddc3a7501d45745ff113b51cb363fe5,d1acf522a0b674e4d35c5387b40bdfcef2c5618311aada2f72c24673c687c00f,50.0,3.5,1366,0,0,0,design physical graph; nominal bound is not a guarantee at perturbed true response
22,0.3,down_step,fixed_envelope,r56_seed022__down_step__fixed_envelope,1,1777,928,928,0.522228474957794,0.522228474957794,0,0.0,0,0.0,0,613.9201265659153,0.6615518605236157,662.3135339146954,20125.518777621914,48.3934073487801,0,0,0,0.08888812491793512,12024,0,0.0,5,0,ok,[],381189137792b30157ea52ed5b313568d4e16cdd9862691b2aa0b57f1719670e,bf021e14df88ddd2a72339d697ed79aa401d17a6067e6d29e97181fbf0186aaa,ac84a664f03b0d4553910d448e5a1f3939d12cab8191f87a8c7cf530dbd3a343,r51-free-action-design-only-v1,continuous_envelope_payment_upper_bound,4.6858732999971835,r53-service-outcomes-v1,objective_expected_payment_at_executed_response,continuous_box_sufficient_reserve_v1,conditional_on_declared_cost_response_state_bounds_and_known_weighting,passed_observed,completed,0,0,0,False,ffa937f3a51565ce6ef916575ae3965b1ddc3a7501d45745ff113b51cb363fe5,d1acf522a0b674e4d35c5387b40bdfcef2c5618311aada2f72c24673c687c00f,50.0,3.5,928,0,0,0,design physical graph; nominal bound is not a guarantee at perturbed true response
22,0.3,down_step,frozen_point,r56_seed022__down_step__frozen_point,1,1777,1366,1106,0.7687113111986494,0.622397298818233,260,0.1903367496339678,0,0.0,0,457.5108484747195,0.3349274146959879,482.6381972260814,20125.518777621914,25.127348751361865,0,0,0,0.04195631077629014,12024,0,0.0,5,0,failed,"[""QoS violations: 260""]",381189137792b30157ea52ed5b313568d4e16cdd9862691b2aa0b57f1719670e,bf021e14df88ddd2a72339d697ed79aa401d17a6067e6d29e97181fbf0186aaa,c3dfd6e318745c9c79b5ab83e1908a3ed8d40ea00bce11e2504e71d537804886,r51-free-action-design-only-v1,design_expected_payment,3.716306000002078,r53-service-outcomes-v1,objective_expected_payment_at_executed_response,design_response_ir,nominal_model_only_no_current_response_robust_guarantee,violated,completed,0,0,0,False,ffa937f3a51565ce6ef916575ae3965b1ddc3a7501d45745ff113b51cb363fe5,d1acf522a0b674e4d35c5387b40bdfcef2c5618311aada2f72c24673c687c00f,50.0,3.5,1366,0,0,0,design physical graph; nominal bound is not a guarantee at perturbed true response
22,0.3,stable,fixed_envelope,r56_seed022__stable__fixed_envelope,1,1777,928,928,0.522228474957794,0.522228474957794,0,0.0,0,0.0,0,639.6556505929043,0.6892841062423538,661.6028546538745,20125.518777621914,21.947204060970193,0,0,0,0.10688431604971835,12024,0,0.0,5,0,ok,[],381189137792b30157ea52ed5b313568d4e16cdd9862691b2aa0b57f1719670e,bf021e14df88ddd2a72339d697ed79aa401d17a6067e6d29e97181fbf0186aaa,ac84a664f03b0d4553910d448e5a1f3939d12cab8191f87a8c7cf530dbd3a343,r51-free-action-design-only-v1,continuous_envelope_payment_upper_bound,4.576718700001948,r53-service-outcomes-v1,objective_expected_payment_at_executed_response,continuous_box_sufficient_reserve_v1,conditional_on_declared_cost_response_state_bounds_and_known_weighting,passed_observed,completed,0,0,0,False,ffa937f3a51565ce6ef916575ae3965b1ddc3a7501d45745ff113b51cb363fe5,d1acf522a0b674e4d35c5387b40bdfcef2c5618311aada2f72c24673c687c00f,50.0,3.5,928,0,0,0,design physical graph; nominal bound is not a guarantee at perturbed true response
22,0.3,stable,frozen_point,r56_seed022__stable__frozen_point,1,1777,1366,1366,0.7687113111986494,0.7687113111986494,0,0.0,0,0.0,0,481.5190440899016,0.352502960534335,481.5190440899016,20125.518777621914,0.0,0,0,0,0.07719323736961511,12024,0,0.0,5,0,ok,[],381189137792b30157ea52ed5b313568d4e16cdd9862691b2aa0b57f1719670e,bf021e14df88ddd2a72339d697ed79aa401d17a6067e6d29e97181fbf0186aaa,c3dfd6e318745c9c79b5ab83e1908a3ed8d40ea00bce11e2504e71d537804886,r51-free-action-design-only-v1,design_expected_payment,4.308825899999647,r53-service-outcomes-v1,objective_expected_payment_at_executed_response,design_response_ir,nominal_model_only_no_current_response_robust_guarantee,passed_observed,completed,0,0,0,False,ffa937f3a51565ce6ef916575ae3965b1ddc3a7501d45745ff113b51cb363fe5,d1acf522a0b674e4d35c5387b40bdfcef2c5618311aada2f72c24673c687c00f,50.0,3.5,1366,0,0,0,design physical graph; nominal bound is not a guarantee at perturbed true response
22,0.3,up_step,fixed_envelope,r56_seed022__up_step__fixed_envelope,1,1777,928,928,0.522228474957794,0.522228474957794,0,0.0,0,0.0,0,651.0403177616975,0.7015520665535533,661.2928087287817,20125.518777621914,10.252490967084213,0,0,0,0.10688431604971835,12024,0,0.0,5,0,ok,[],381189137792b30157ea52ed5b313568d4e16cdd9862691b2aa0b57f1719670e,bf021e14df88ddd2a72339d697ed79aa401d17a6067e6d29e97181fbf0186aaa,ac84a664f03b0d4553910d448e5a1f3939d12cab8191f87a8c7cf530dbd3a343,r51-free-action-design-only-v1,continuous_envelope_payment_upper_bound,4.74346019999939,r53-service-outcomes-v1,objective_expected_payment_at_executed_response,continuous_box_sufficient_reserve_v1,conditional_on_declared_cost_response_state_bounds_and_known_weighting,passed_observed,completed,0,0,0,False,ffa937f3a51565ce6ef916575ae3965b1ddc3a7501d45745ff113b51cb363fe5,d1acf522a0b674e4d35c5387b40bdfcef2c5618311aada2f72c24673c687c00f,50.0,3.5,928,0,0,0,design physical graph; nominal bound is not a guarantee at perturbed true response
22,0.3,up_step,frozen_point,r56_seed022__up_step__frozen_point,1,1777,1366,1366,0.7687113111986494,0.7687113111986494,0,0.0,0,0.0,746,488.4826209600853,0.35760074740855435,481.22450207086854,20125.518777621914,-7.258118889216746,0,247,743,0.07829350685755834,12024,0,0.0,5,0,failed,"[""a_star < a_target on 746 assigned pairs""]",381189137792b30157ea52ed5b313568d4e16cdd9862691b2aa0b57f1719670e,bf021e14df88ddd2a72339d697ed79aa401d17a6067e6d29e97181fbf0186aaa,c3dfd6e318745c9c79b5ab83e1908a3ed8d40ea00bce11e2504e71d537804886,r51-free-action-design-only-v1,design_expected_payment,3.7050248999948963,r53-service-outcomes-v1,objective_expected_payment_at_executed_response,design_response_ir,nominal_model_only_no_current_response_robust_guarantee,violated,completed,247,0,0,False,ffa937f3a51565ce6ef916575ae3965b1ddc3a7501d45745ff113b51cb363fe5,d1acf522a0b674e4d35c5387b40bdfcef2c5618311aada2f72c24673c687c00f,50.0,3.5,1366,0,0,0,design physical graph; nominal bound is not a guarantee at perturbed true response
23,0.3,down_step,fixed_envelope,r56_seed023__down_step__fixed_envelope,1,1777,927,927,0.5216657287563309,0.5216657287563309,0,0.0,0,0.0,0,598.9597470426098,0.646127019463441,645.7879738008227,20122.82780016809,46.82822675821285,0,0,0,0.10987722957183746,12024,0,0.0,5,0,ok,[],5dabb48ad7d4c393996fb5e85043c891c61d2070b28a44b7767ab3a374d456dd,5cbf77e7332643c9984e587d1794d7a157176001f9e910983c4f4c4f42ec5327,2c06c298e2c336a19daac543c6026bb6aa6df7662cccc6f149405c1e79c2662f,r51-free-action-design-only-v1,continuous_envelope_payment_upper_bound,4.755050100000517,r53-service-outcomes-v1,objective_expected_payment_at_executed_response,continuous_box_sufficient_reserve_v1,conditional_on_declared_cost_response_state_bounds_and_known_weighting,passed_observed,completed,0,0,0,False,ffa937f3a51565ce6ef916575ae3965b1ddc3a7501d45745ff113b51cb363fe5,d1acf522a0b674e4d35c5387b40bdfcef2c5618311aada2f72c24673c687c00f,50.0,3.5,927,0,0,0,design physical graph; nominal bound is not a guarantee at perturbed true response
23,0.3,down_step,frozen_point,r56_seed023__down_step__frozen_point,1,1777,1367,1103,0.7692740574001126,0.6207090602138435,264,0.19312362838332114,0,0.0,0,453.03943920120867,0.331411440527585,477.17494744281066,20122.82780016809,24.135508241601997,0,0,0,0.020500350221962782,12024,0,0.0,5,0,failed,"[""QoS violations: 264""]",5dabb48ad7d4c393996fb5e85043c891c61d2070b28a44b7767ab3a374d456dd,5cbf77e7332643c9984e587d1794d7a157176001f9e910983c4f4c4f42ec5327,47b51b600069495df24c80f82b1ad90c29f90a3267f9b93e474c89263d762a10,r51-free-action-design-only-v1,design_expected_payment,3.727977499998815,r53-service-outcomes-v1,objective_expected_payment_at_executed_response,design_response_ir,nominal_model_only_no_current_response_robust_guarantee,violated,completed,0,0,0,False,ffa937f3a51565ce6ef916575ae3965b1ddc3a7501d45745ff113b51cb363fe5,d1acf522a0b674e4d35c5387b40bdfcef2c5618311aada2f72c24673c687c00f,50.0,3.5,1367,0,0,0,design physical graph; nominal bound is not a guarantee at perturbed true response
23,0.3,stable,fixed_envelope,r56_seed023__stable__fixed_envelope,1,1777,927,927,0.5216657287563309,0.5216657287563309,0,0.0,0,0.0,0,623.4614826934346,0.6725582337577504,645.3167968983907,20122.82780016809,21.85531420495613,0,0,0,0.15275247666007485,12024,0,0.0,5,0,ok,[],5dabb48ad7d4c393996fb5e85043c891c61d2070b28a44b7767ab3a374d456dd,5cbf77e7332643c9984e587d1794d7a157176001f9e910983c4f4c4f42ec5327,2c06c298e2c336a19daac543c6026bb6aa6df7662cccc6f149405c1e79c2662f,r51-free-action-design-only-v1,continuous_envelope_payment_upper_bound,4.82136729999911,r53-service-outcomes-v1,objective_expected_payment_at_executed_response,continuous_box_sufficient_reserve_v1,conditional_on_declared_cost_response_state_bounds_and_known_weighting,passed_observed,completed,0,0,0,False,ffa937f3a51565ce6ef916575ae3965b1ddc3a7501d45745ff113b51cb363fe5,d1acf522a0b674e4d35c5387b40bdfcef2c5618311aada2f72c24673c687c00f,50.0,3.5,927,0,0,0,design physical graph; nominal bound is not a guarantee at perturbed true response
23,0.3,stable,frozen_point,r56_seed023__stable__frozen_point,1,1777,1367,1367,0.7692740574001126,0.7692740574001126,0,0.0,0,0.0,0,476.4020066982647,0.34850183372221266,476.4020066982647,20122.82780016809,0.0,0,0,0,0.0612547806207113,12024,0,0.0,5,0,ok,[],5dabb48ad7d4c393996fb5e85043c891c61d2070b28a44b7767ab3a374d456dd,5cbf77e7332643c9984e587d1794d7a157176001f9e910983c4f4c4f42ec5327,47b51b600069495df24c80f82b1ad90c29f90a3267f9b93e474c89263d762a10,r51-free-action-design-only-v1,design_expected_payment,3.775236399997084,r53-service-outcomes-v1,objective_expected_payment_at_executed_response,design_response_ir,nominal_model_only_no_current_response_robust_guarantee,passed_observed,completed,0,0,0,False,ffa937f3a51565ce6ef916575ae3965b1ddc3a7501d45745ff113b51cb363fe5,d1acf522a0b674e4d35c5387b40bdfcef2c5618311aada2f72c24673c687c00f,50.0,3.5,1367,0,0,0,design physical graph; nominal bound is not a guarantee at perturbed true response
23,0.3,up_step,fixed_envelope,r56_seed023__up_step__fixed_envelope,1,1777,927,927,0.5216657287563309,0.5216657287563309,0,0.0,0,0.0,0,634.2762916678366,0.6842246943558108,645.112574097713,20122.82780016809,10.836282429876405,0,0,0,0.15275247666007485,12024,0,0.0,5,0,ok,[],5dabb48ad7d4c393996fb5e85043c891c61d2070b28a44b7767ab3a374d456dd,5cbf77e7332643c9984e587d1794d7a157176001f9e910983c4f4c4f42ec5327,2c06c298e2c336a19daac543c6026bb6aa6df7662cccc6f149405c1e79c2662f,r51-free-action-design-only-v1,continuous_envelope_payment_upper_bound,4.682200300005206,r53-service-outcomes-v1,objective_expected_payment_at_executed_response,continuous_box_sufficient_reserve_v1,conditional_on_declared_cost_response_state_bounds_and_known_weighting,passed_observed,completed,0,0,0,False,ffa937f3a51565ce6ef916575ae3965b1ddc3a7501d45745ff113b51cb363fe5,d1acf522a0b674e4d35c5387b40bdfcef2c5618311aada2f72c24673c687c00f,50.0,3.5,927,0,0,0,design physical graph; nominal bound is not a guarantee at perturbed true response
23,0.3,up_step,frozen_point,r56_seed023__up_step__frozen_point,1,1777,1367,1367,0.7692740574001126,0.7692740574001126,0,0.0,0,0.0,739,483.03815726250957,0.35335636961412553,476.19432996870535,20122.82780016809,-6.843827293804225,0,248,738,0.0612547806207113,12024,0,0.0,5,0,failed,"[""a_star < a_target on 739 assigned pairs""]",5dabb48ad7d4c393996fb5e85043c891c61d2070b28a44b7767ab3a374d456dd,5cbf77e7332643c9984e587d1794d7a157176001f9e910983c4f4c4f42ec5327,47b51b600069495df24c80f82b1ad90c29f90a3267f9b93e474c89263d762a10,r51-free-action-design-only-v1,design_expected_payment,3.6979414999950677,r53-service-outcomes-v1,objective_expected_payment_at_executed_response,design_response_ir,nominal_model_only_no_current_response_robust_guarantee,violated,completed,248,0,0,False,ffa937f3a51565ce6ef916575ae3965b1ddc3a7501d45745ff113b51cb363fe5,d1acf522a0b674e4d35c5387b40bdfcef2c5618311aada2f72c24673c687c00f,50.0,3.5,1367,0,0,0,design physical graph; nominal bound is not a guarantee at perturbed true response
24,0.3,down_step,fixed_envelope,r56_seed024__down_step__fixed_envelope,1,1777,932,932,0.5244794597636466,0.5244794597636466,0,0.0,0,0.0,0,530.5845187910534,0.5692966939818169,571.6253991482231,19979.23418751638,41.040880357169726,0,0,0,0.1045753973197997,12024,0,0.0,5,0,ok,[],328293436246e00e18ae4e0435ecf9f9547bf245eb5aef8cb09123e18fda8693,de0a8225fef4f44f7f4cb7cdad2fbc8c0f68a453cbd8981d3d9340764ca8ddf4,53597f9d721092b4dcfc7acb78728e52080aeb46fb2071e7519a7a04e62c5032,r51-free-action-design-only-v1,continuous_envelope_payment_upper_bound,4.84448490000068,r53-service-outcomes-v1,objective_expected_payment_at_executed_response,continuous_box_sufficient_reserve_v1,conditional_on_declared_cost_response_state_bounds_and_known_weighting,passed_observed,completed,0,0,0,False,ffa937f3a51565ce6ef916575ae3965b1ddc3a7501d45745ff113b51cb363fe5,d1acf522a0b674e4d35c5387b40bdfcef2c5618311aada2f72c24673c687c00f,50.0,3.5,932,0,0,0,design physical graph; nominal bound is not a guarantee at perturbed true response
24,0.3,down_step,frozen_point,r56_seed024__down_step__frozen_point,1,1777,1350,1094,0.7597073719752392,0.6156443444006753,256,0.18962962962962962,0,0.0,0,369.6540900091697,0.2738178444512368,389.83342353486637,19979.23418751638,20.179333525696677,0,0,0,0.025206324475645497,12024,0,0.0,5,0,failed,"[""QoS violations: 256""]",328293436246e00e18ae4e0435ecf9f9547bf245eb5aef8cb09123e18fda8693,de0a8225fef4f44f7f4cb7cdad2fbc8c0f68a453cbd8981d3d9340764ca8ddf4,d23326f40528a453a4b32d19bba3969937f304fafe09d460556d72471cbab954,r51-free-action-design-only-v1,design_expected_payment,3.6566294000003836,r53-service-outcomes-v1,objective_expected_payment_at_executed_response,design_response_ir,nominal_model_only_no_current_response_robust_guarantee,violated,completed,0,0,0,False,ffa937f3a51565ce6ef916575ae3965b1ddc3a7501d45745ff113b51cb363fe5,d1acf522a0b674e4d35c5387b40bdfcef2c5618311aada2f72c24673c687c00f,50.0,3.5,1350,0,0,0,design physical graph; nominal bound is not a guarantee at perturbed true response
24,0.3,stable,fixed_envelope,r56_seed024__stable__fixed_envelope,1,1777,932,932,0.5244794597636466,0.5244794597636466,0,0.0,0,0.0,0,552.4399317150811,0.5927467078487995,570.9914291564932,19979.23418751638,18.55149744141204,0,0,0,0.11160996138280835,12024,0,0.0,5,0,ok,[],328293436246e00e18ae4e0435ecf9f9547bf245eb5aef8cb09123e18fda8693,de0a8225fef4f44f7f4cb7cdad2fbc8c0f68a453cbd8981d3d9340764ca8ddf4,53597f9d721092b4dcfc7acb78728e52080aeb46fb2071e7519a7a04e62c5032,r51-free-action-design-only-v1,continuous_envelope_payment_upper_bound,4.569934400002239,r53-service-outcomes-v1,objective_expected_payment_at_executed_response,continuous_box_sufficient_reserve_v1,conditional_on_declared_cost_response_state_bounds_and_known_weighting,passed_observed,completed,0,0,0,False,ffa937f3a51565ce6ef916575ae3965b1ddc3a7501d45745ff113b51cb363fe5,d1acf522a0b674e4d35c5387b40bdfcef2c5618311aada2f72c24673c687c00f,50.0,3.5,932,0,0,0,design physical graph; nominal bound is not a guarantee at perturbed true response
24,0.3,stable,frozen_point,r56_seed024__stable__frozen_point,1,1777,1350,1350,0.7597073719752392,0.7597073719752392,0,0.0,0,0.0,0,388.7248929363536,0.2879443651380397,388.7248929363536,19979.23418751638,0.0,0,0,0,0.05706495568608887,12024,0,0.0,5,0,ok,[],328293436246e00e18ae4e0435ecf9f9547bf245eb5aef8cb09123e18fda8693,de0a8225fef4f44f7f4cb7cdad2fbc8c0f68a453cbd8981d3d9340764ca8ddf4,d23326f40528a453a4b32d19bba3969937f304fafe09d460556d72471cbab954,r51-free-action-design-only-v1,design_expected_payment,3.7209419999999227,r53-service-outcomes-v1,objective_expected_payment_at_executed_response,design_response_ir,nominal_model_only_no_current_response_robust_guarantee,passed_observed,completed,0,0,0,False,ffa937f3a51565ce6ef916575ae3965b1ddc3a7501d45745ff113b51cb363fe5,d1acf522a0b674e4d35c5387b40bdfcef2c5618311aada2f72c24673c687c00f,50.0,3.5,1350,0,0,0,design physical graph; nominal bound is not a guarantee at perturbed true response
24,0.3,up_step,fixed_envelope,r56_seed024__up_step__fixed_envelope,1,1777,932,932,0.5244794597636466,0.5244794597636466,0,0.0,0,0.0,0,561.9726653128612,0.6029749627820399,570.7201363435723,19979.23418751638,8.747471030711154,0,0,0,0.11160996138280835,12024,0,0.0,5,0,ok,[],328293436246e00e18ae4e0435ecf9f9547bf245eb5aef8cb09123e18fda8693,de0a8225fef4f44f7f4cb7cdad2fbc8c0f68a453cbd8981d3d9340764ca8ddf4,53597f9d721092b4dcfc7acb78728e52080aeb46fb2071e7519a7a04e62c5032,r51-free-action-design-only-v1,continuous_envelope_payment_upper_bound,4.5689767000003485,r53-service-outcomes-v1,objective_expected_payment_at_executed_response,continuous_box_sufficient_reserve_v1,conditional_on_declared_cost_response_state_bounds_and_known_weighting,passed_observed,completed,0,0,0,False,ffa937f3a51565ce6ef916575ae3965b1ddc3a7501d45745ff113b51cb363fe5,d1acf522a0b674e4d35c5387b40bdfcef2c5618311aada2f72c24673c687c00f,50.0,3.5,932,0,0,0,design physical graph; nominal bound is not a guarantee at perturbed true response
24,0.3,up_step,frozen_point,r56_seed024__up_step__frozen_point,1,1777,1350,1350,0.7597073719752392,0.7597073719752392,0,0.0,0,0.0,729,394.23679058092944,0.29202725228216997,388.43192317337855,19979.23418751638,-5.804867407550887,0,248,726,0.06282630444902176,12024,0,0.0,5,0,failed,"[""a_star < a_target on 729 assigned pairs""]",328293436246e00e18ae4e0435ecf9f9547bf245eb5aef8cb09123e18fda8693,de0a8225fef4f44f7f4cb7cdad2fbc8c0f68a453cbd8981d3d9340764ca8ddf4,d23326f40528a453a4b32d19bba3969937f304fafe09d460556d72471cbab954,r51-free-action-design-only-v1,design_expected_payment,3.958180000001448,r53-service-outcomes-v1,objective_expected_payment_at_executed_response,design_response_ir,nominal_model_only_no_current_response_robust_guarantee,violated,completed,248,0,0,False,ffa937f3a51565ce6ef916575ae3965b1ddc3a7501d45745ff113b51cb363fe5,d1acf522a0b674e4d35c5387b40bdfcef2c5618311aada2f72c24673c687c00f,50.0,3.5,1350,0,0,0,design physical graph; nominal bound is not a guarantee at perturbed true response
25,0.3,down_step,fixed_envelope,r56_seed025__down_step__fixed_envelope,1,1777,964,964,0.5424873382104671,0.5424873382104671,0,0.0,0,0.0,0,534.0227583186606,0.5539655169280712,576.9647541319557,20000.91047892362,42.94199581329508,0,0,0,0.08018447493132241,12024,0,0.0,5,0,ok,[],36a597d60084db5a135c16f14130c7eee9598f0d13185317d632a02dd94761c7,6c0c841eea61aef160fc95bc89e111795e88191a68d4024701e4bee06b3ec576,60c79cb328d6d382413ba5429e9ff6af56e65726ee35d61aa6e593a34f8f7731,r51-free-action-design-only-v1,continuous_envelope_payment_upper_bound,4.58333130000392,r53-service-outcomes-v1,objective_expected_payment_at_executed_response,continuous_box_sufficient_reserve_v1,conditional_on_declared_cost_response_state_bounds_and_known_weighting,passed_observed,completed,0,0,0,False,ffa937f3a51565ce6ef916575ae3965b1ddc3a7501d45745ff113b51cb363fe5,d1acf522a0b674e4d35c5387b40bdfcef2c5618311aada2f72c24673c687c00f,50.0,3.5,964,0,0,0,design physical graph; nominal bound is not a guarantee at perturbed true response
25,0.3,down_step,frozen_point,r56_seed025__down_step__frozen_point,1,1777,1378,1152,0.7754642656162071,0.6482836240855374,226,0.16400580551523947,0,0.0,0,396.63414361652434,0.2878331956578551,418.4061612276779,20000.91047892362,21.772017611153558,0,0,0,0.0221798980457944,12024,0,0.0,5,0,failed,"[""QoS violations: 226""]",36a597d60084db5a135c16f14130c7eee9598f0d13185317d632a02dd94761c7,6c0c841eea61aef160fc95bc89e111795e88191a68d4024701e4bee06b3ec576,fdd9f03d874361057a5fd1a17b4b8984c0aea6e894e6a0bb376ec335ffad6ada,r51-free-action-design-only-v1,design_expected_payment,3.66107689999626,r53-service-outcomes-v1,objective_expected_payment_at_executed_response,design_response_ir,nominal_model_only_no_current_response_robust_guarantee,violated,completed,0,0,0,False,ffa937f3a51565ce6ef916575ae3965b1ddc3a7501d45745ff113b51cb363fe5,d1acf522a0b674e4d35c5387b40bdfcef2c5618311aada2f72c24673c687c00f,50.0,3.5,1378,0,0,0,design physical graph; nominal bound is not a guarantee at perturbed true response
25,0.3,stable,fixed_envelope,r56_seed025__stable__fixed_envelope,1,1777,964,964,0.5424873382104671,0.5424873382104671,0,0.0,0,0.0,0,557.1631483605295,0.5779700709134123,576.2904979992004,20000.91047892362,19.12734963867092,0,0,0,0.10945961251976227,12024,0,0.0,5,0,ok,[],36a597d60084db5a135c16f14130c7eee9598f0d13185317d632a02dd94761c7,6c0c841eea61aef160fc95bc89e111795e88191a68d4024701e4bee06b3ec576,60c79cb328d6d382413ba5429e9ff6af56e65726ee35d61aa6e593a34f8f7731,r51-free-action-design-only-v1,continuous_envelope_payment_upper_bound,4.538464500001282,r53-service-outcomes-v1,objective_expected_payment_at_executed_response,continuous_box_sufficient_reserve_v1,conditional_on_declared_cost_response_state_bounds_and_known_weighting,passed_observed,completed,0,0,0,False,ffa937f3a51565ce6ef916575ae3965b1ddc3a7501d45745ff113b51cb363fe5,d1acf522a0b674e4d35c5387b40bdfcef2c5618311aada2f72c24673c687c00f,50.0,3.5,964,0,0,0,design physical graph; nominal bound is not a guarantee at perturbed true response
25,0.3,stable,frozen_point,r56_seed025__stable__frozen_point,1,1777,1378,1378,0.7754642656162071,0.7754642656162071,0,0.0,0,0.0,0,417.34799620198294,0.3028650190145014,417.34799620198294,20000.91047892362,0.0,0,0,0,0.04908099447519729,12024,0,0.0,5,0,ok,[],36a597d60084db5a135c16f14130c7eee9598f0d13185317d632a02dd94761c7,6c0c841eea61aef160fc95bc89e111795e88191a68d4024701e4bee06b3ec576,fdd9f03d874361057a5fd1a17b4b8984c0aea6e894e6a0bb376ec335ffad6ada,r51-free-action-design-only-v1,design_expected_payment,3.792664300002798,r53-service-outcomes-v1,objective_expected_payment_at_executed_response,design_response_ir,nominal_model_only_no_current_response_robust_guarantee,passed_observed,completed,0,0,0,False,ffa937f3a51565ce6ef916575ae3965b1ddc3a7501d45745ff113b51cb363fe5,d1acf522a0b674e4d35c5387b40bdfcef2c5618311aada2f72c24673c687c00f,50.0,3.5,1378,0,0,0,design physical graph; nominal bound is not a guarantee at perturbed true response
25,0.3,up_step,fixed_envelope,r56_seed025__up_step__fixed_envelope,1,1777,964,964,0.5424873382104671,0.5424873382104671,0,0.0,0,0.0,0,567.2797762041341,0.5884644981370686,575.994512880414,20000.91047892362,8.714736676279927,0,0,0,0.10945961251976227,12024,0,0.0,5,0,ok,[],36a597d60084db5a135c16f14130c7eee9598f0d13185317d632a02dd94761c7,6c0c841eea61aef160fc95bc89e111795e88191a68d4024701e4bee06b3ec576,60c79cb328d6d382413ba5429e9ff6af56e65726ee35d61aa6e593a34f8f7731,r51-free-action-design-only-v1,continuous_envelope_payment_upper_bound,4.8460267999980715,r53-service-outcomes-v1,objective_expected_payment_at_executed_response,continuous_box_sufficient_reserve_v1,conditional_on_declared_cost_response_state_bounds_and_known_weighting,passed_observed,completed,0,0,0,False,ffa937f3a51565ce6ef916575ae3965b1ddc3a7501d45745ff113b51cb363fe5,d1acf522a0b674e4d35c5387b40bdfcef2c5618311aada2f72c24673c687c00f,50.0,3.5,964,0,0,0,design physical graph; nominal bound is not a guarantee at perturbed true response
25,0.3,up_step,frozen_point,r56_seed025__up_step__frozen_point,1,1777,1378,1378,0.7754642656162071,0.7754642656162071,0,0.0,0,0.0,756,423.3150866461307,0.3071952733281064,417.0636413187337,20000.91047892362,-6.251445327396993,0,249,756,0.04908099447519729,12024,0,0.0,5,0,failed,"[""a_star < a_target on 756 assigned pairs""]",36a597d60084db5a135c16f14130c7eee9598f0d13185317d632a02dd94761c7,6c0c841eea61aef160fc95bc89e111795e88191a68d4024701e4bee06b3ec576,fdd9f03d874361057a5fd1a17b4b8984c0aea6e894e6a0bb376ec335ffad6ada,r51-free-action-design-only-v1,design_expected_payment,3.657314900003257,r53-service-outcomes-v1,objective_expected_payment_at_executed_response,design_response_ir,nominal_model_only_no_current_response_robust_guarantee,violated,completed,249,0,0,False,ffa937f3a51565ce6ef916575ae3965b1ddc3a7501d45745ff113b51cb363fe5,d1acf522a0b674e4d35c5387b40bdfcef2c5618311aada2f72c24673c687c00f,50.0,3.5,1378,0,0,0,design physical graph; nominal bound is not a guarantee at perturbed true response
26,0.3,down_step,fixed_envelope,r56_seed026__down_step__fixed_envelope,1,1777,930,930,0.5233539673607203,0.5233539673607203,0,0.0,0,0.0,0,511.0260111033175,0.5494903345196962,551.4837433362204,19931.252024191966,40.45773223290291,0,0,0,0.10859736267090117,12024,0,0.0,5,0,ok,[],86814ae11ff5e617ae1e3b12c73d5d91af3fd0b0a69040ac018c56df92667410,178c03f73cf003bed52555d49422c2e002eeb77293adec1661465a85d34ec92c,719093c1713c1e73b9a313f629b85a82ad17e31c9209717b4ffce2c298f8473c,r51-free-action-design-only-v1,continuous_envelope_payment_upper_bound,4.743094199999177,r53-service-outcomes-v1,objective_expected_payment_at_executed_response,continuous_box_sufficient_reserve_v1,conditional_on_declared_cost_response_state_bounds_and_known_weighting,passed_observed,completed,0,0,0,False,ffa937f3a51565ce6ef916575ae3965b1ddc3a7501d45745ff113b51cb363fe5,d1acf522a0b674e4d35c5387b40bdfcef2c5618311aada2f72c24673c687c00f,50.0,3.5,930,0,0,0,design physical graph; nominal bound is not a guarantee at perturbed true response
26,0.3,down_step,frozen_point,r56_seed026__down_step__frozen_point,1,1777,1394,1116,0.7844682048396173,0.6280247608328644,278,0.1994261119081779,0,0.0,0,374.09283666298353,0.2683592802460427,395.0088231216844,19931.252024191966,20.915986458700843,0,0,0,0.03458806090007574,12024,0,0.0,5,0,failed,"[""QoS violations: 278""]",86814ae11ff5e617ae1e3b12c73d5d91af3fd0b0a69040ac018c56df92667410,178c03f73cf003bed52555d49422c2e002eeb77293adec1661465a85d34ec92c,40ea07f5d6f3686398fb7a7f550cbda42eb3512620db287828d6f89a889bb96f,r51-free-action-design-only-v1,design_expected_payment,3.7023647999958484,r53-service-outcomes-v1,objective_expected_payment_at_executed_response,design_response_ir,nominal_model_only_no_current_response_robust_guarantee,violated,completed,0,0,0,False,ffa937f3a51565ce6ef916575ae3965b1ddc3a7501d45745ff113b51cb363fe5,d1acf522a0b674e4d35c5387b40bdfcef2c5618311aada2f72c24673c687c00f,50.0,3.5,1394,0,0,0,design physical graph; nominal bound is not a guarantee at perturbed true response
26,0.3,stable,fixed_envelope,r56_seed026__stable__fixed_envelope,1,1777,930,930,0.5233539673607203,0.5233539673607203,0,0.0,0,0.0,0,532.2192306083798,0.5722787425896557,550.799775570749,19931.252024191966,18.58054496236923,0,0,0,0.10859736267090117,12024,0,0.0,5,0,ok,[],86814ae11ff5e617ae1e3b12c73d5d91af3fd0b0a69040ac018c56df92667410,178c03f73cf003bed52555d49422c2e002eeb77293adec1661465a85d34ec92c,719093c1713c1e73b9a313f629b85a82ad17e31c9209717b4ffce2c298f8473c,r51-free-action-design-only-v1,continuous_envelope_payment_upper_bound,4.7715467999951215,r53-service-outcomes-v1,objective_expected_payment_at_executed_response,continuous_box_sufficient_reserve_v1,conditional_on_declared_cost_response_state_bounds_and_known_weighting,passed_observed,completed,0,0,0,False,ffa937f3a51565ce6ef916575ae3965b1ddc3a7501d45745ff113b51cb363fe5,d1acf522a0b674e4d35c5387b40bdfcef2c5618311aada2f72c24673c687c00f,50.0,3.5,930,0,0,0,design physical graph; nominal bound is not a guarantee at perturbed true response
26,0.3,stable,frozen_point,r56_seed026__stable__frozen_point,1,1777,1394,1394,0.7844682048396173,0.7844682048396173,0,0.0,0,0.0,0,393.73038330023144,0.2824464729556897,393.73038330023144,19931.252024191966,0.0,0,0,0,0.051763788652196024,12024,0,0.0,5,0,ok,[],86814ae11ff5e617ae1e3b12c73d5d91af3fd0b0a69040ac018c56df92667410,178c03f73cf003bed52555d49422c2e002eeb77293adec1661465a85d34ec92c,40ea07f5d6f3686398fb7a7f550cbda42eb3512620db287828d6f89a889bb96f,r51-free-action-design-only-v1,design_expected_payment,3.749941399997624,r53-service-outcomes-v1,objective_expected_payment_at_executed_response,design_response_ir,nominal_model_only_no_current_response_robust_guarantee,passed_observed,completed,0,0,0,False,ffa937f3a51565ce6ef916575ae3965b1ddc3a7501d45745ff113b51cb363fe5,d1acf522a0b674e4d35c5387b40bdfcef2c5618311aada2f72c24673c687c00f,50.0,3.5,1394,0,0,0,design physical graph; nominal bound is not a guarantee at perturbed true response
26,0.3,up_step,fixed_envelope,r56_seed026__up_step__fixed_envelope,1,1777,930,930,0.5233539673607203,0.5233539673607203,0,0.0,0,0.0,0,541.5068630309783,0.5822654441193315,550.5084521094874,19931.252024191966,9.001589078509141,0,0,0,0.10859736267090117,12024,0,0.0,5,0,ok,[],86814ae11ff5e617ae1e3b12c73d5d91af3fd0b0a69040ac018c56df92667410,178c03f73cf003bed52555d49422c2e002eeb77293adec1661465a85d34ec92c,719093c1713c1e73b9a313f629b85a82ad17e31c9209717b4ffce2c298f8473c,r51-free-action-design-only-v1,continuous_envelope_payment_upper_bound,4.728550300002098,r53-service-outcomes-v1,objective_expected_payment_at_executed_response,continuous_box_sufficient_reserve_v1,conditional_on_declared_cost_response_state_bounds_and_known_weighting,passed_observed,completed,0,0,0,False,ffa937f3a51565ce6ef916575ae3965b1ddc3a7501d45745ff113b51cb363fe5,d1acf522a0b674e4d35c5387b40bdfcef2c5618311aada2f72c24673c687c00f,50.0,3.5,930,0,0,0,design physical graph; nominal bound is not a guarantee at perturbed true response
26,0.3,up_step,frozen_point,r56_seed026__up_step__frozen_point,1,1777,1394,1394,0.7844682048396173,0.7844682048396173,0,0.0,0,0.0,756,399.3567214027189,0.2864825835026678,393.3890386055049,19931.252024191966,-5.9676827972140245,0,248,755,0.051763788652196024,12024,0,0.0,5,0,failed,"[""a_star < a_target on 756 assigned pairs""]",86814ae11ff5e617ae1e3b12c73d5d91af3fd0b0a69040ac018c56df92667410,178c03f73cf003bed52555d49422c2e002eeb77293adec1661465a85d34ec92c,40ea07f5d6f3686398fb7a7f550cbda42eb3512620db287828d6f89a889bb96f,r51-free-action-design-only-v1,design_expected_payment,3.7530822999979137,r53-service-outcomes-v1,objective_expected_payment_at_executed_response,design_response_ir,nominal_model_only_no_current_response_robust_guarantee,violated,completed,248,0,0,False,ffa937f3a51565ce6ef916575ae3965b1ddc3a7501d45745ff113b51cb363fe5,d1acf522a0b674e4d35c5387b40bdfcef2c5618311aada2f72c24673c687c00f,50.0,3.5,1394,0,0,0,design physical graph; nominal bound is not a guarantee at perturbed true response
27,0.3,down_step,fixed_envelope,r56_seed027__down_step__fixed_envelope,1,1777,963,963,0.5419245920090039,0.5419245920090039,0,0.0,0,0.0,0,526.7106533629676,0.54694771896466,566.3831063852159,19867.601667185856,39.672453022248305,0,0,0,0.13876859952460585,12024,0,0.0,5,0,ok,[],96c601f5c4a2647bb60781f0f17ca618a2a366221f3310f7a8873d567cb59074,a7e6a4a6b5d5941556084131d6558f6610bf21024fdddccab76b0550416518ab,78a38e65d2d292e167361d89ea5b2e8850cdaca91f2f6f2dba98013847c92de6,r51-free-action-design-only-v1,continuous_envelope_payment_upper_bound,4.5836759000012535,r53-service-outcomes-v1,objective_expected_payment_at_executed_response,continuous_box_sufficient_reserve_v1,conditional_on_declared_cost_response_state_bounds_and_known_weighting,passed_observed,completed,0,0,0,False,ffa937f3a51565ce6ef916575ae3965b1ddc3a7501d45745ff113b51cb363fe5,d1acf522a0b674e4d35c5387b40bdfcef2c5618311aada2f72c24673c687c00f,50.0,3.5,963,0,0,0,design physical graph; nominal bound is not a guarantee at perturbed true response
27,0.3,down_step,frozen_point,r56_seed027__down_step__frozen_point,1,1777,1394,1134,0.7844682048396173,0.6381541924592009,260,0.18651362984218078,0,0.0,0,383.6293489724977,0.275200393810974,403.3476966295215,19867.601667185856,19.7183476570238,0,0,0,0.05899491430316567,12024,0,0.0,5,0,failed,"[""QoS violations: 260""]",96c601f5c4a2647bb60781f0f17ca618a2a366221f3310f7a8873d567cb59074,a7e6a4a6b5d5941556084131d6558f6610bf21024fdddccab76b0550416518ab,54e30fd38ee2a3e56f3e4cf11302c348fbd70be820a8d5b8b280bf99c35e5084,r51-free-action-design-only-v1,design_expected_payment,3.6970418999990216,r53-service-outcomes-v1,objective_expected_payment_at_executed_response,design_response_ir,nominal_model_only_no_current_response_robust_guarantee,violated,completed,0,0,0,False,ffa937f3a51565ce6ef916575ae3965b1ddc3a7501d45745ff113b51cb363fe5,d1acf522a0b674e4d35c5387b40bdfcef2c5618311aada2f72c24673c687c00f,50.0,3.5,1394,0,0,0,design physical graph; nominal bound is not a guarantee at perturbed true response
27,0.3,stable,fixed_envelope,r56_seed027__stable__fixed_envelope,1,1777,963,963,0.5419245920090039,0.5419245920090039,0,0.0,0,0.0,0,547.0016304729945,0.5680183078639611,565.6849407993564,19867.601667185856,18.683310326361834,0,0,0,0.15627912131718258,12024,0,0.0,5,0,ok,[],96c601f5c4a2647bb60781f0f17ca618a2a366221f3310f7a8873d567cb59074,a7e6a4a6b5d5941556084131d6558f6610bf21024fdddccab76b0550416518ab,78a38e65d2d292e167361d89ea5b2e8850cdaca91f2f6f2dba98013847c92de6,r51-free-action-design-only-v1,continuous_envelope_payment_upper_bound,4.574589299998479,r53-service-outcomes-v1,objective_expected_payment_at_executed_response,continuous_box_sufficient_reserve_v1,conditional_on_declared_cost_response_state_bounds_and_known_weighting,passed_observed,completed,0,0,0,False,ffa937f3a51565ce6ef916575ae3965b1ddc3a7501d45745ff113b51cb363fe5,d1acf522a0b674e4d35c5387b40bdfcef2c5618311aada2f72c24673c687c00f,50.0,3.5,963,0,0,0,design physical graph; nominal bound is not a guarantee at perturbed true response
27,0.3,stable,frozen_point,r56_seed027__stable__frozen_point,1,1777,1394,1394,0.7844682048396173,0.7844682048396173,0,0.0,0,0.0,0,402.1981376967251,0.2885209022214671,402.1981376967251,19867.601667185856,0.0,0,0,0,0.07257286774660068,12024,0,0.0,5,0,ok,[],96c601f5c4a2647bb60781f0f17ca618a2a366221f3310f7a8873d567cb59074,a7e6a4a6b5d5941556084131d6558f6610bf21024fdddccab76b0550416518ab,54e30fd38ee2a3e56f3e4cf11302c348fbd70be820a8d5b8b280bf99c35e5084,r51-free-action-design-only-v1,design_expected_payment,3.6350600000005215,r53-service-outcomes-v1,objective_expected_payment_at_executed_response,design_response_ir,nominal_model_only_no_current_response_robust_guarantee,passed_observed,completed,0,0,0,False,ffa937f3a51565ce6ef916575ae3965b1ddc3a7501d45745ff113b51cb363fe5,d1acf522a0b674e4d35c5387b40bdfcef2c5618311aada2f72c24673c687c00f,50.0,3.5,1394,0,0,0,design physical graph; nominal bound is not a guarantee at perturbed true response
27,0.3,up_step,fixed_envelope,r56_seed027__up_step__fixed_envelope,1,1777,963,963,0.5419245920090039,0.5419245920090039,0,0.0,0,0.0,0,555.9074214953548,0.5772662736192677,565.3821365918329,19867.601667185856,9.474715096478121,0,0,0,0.15627912131718258,12024,0,0.0,5,0,ok,[],96c601f5c4a2647bb60781f0f17ca618a2a366221f3310f7a8873d567cb59074,a7e6a4a6b5d5941556084131d6558f6610bf21024fdddccab76b0550416518ab,78a38e65d2d292e167361d89ea5b2e8850cdaca91f2f6f2dba98013847c92de6,r51-free-action-design-only-v1,continuous_envelope_payment_upper_bound,4.558447099996556,r53-service-outcomes-v1,objective_expected_payment_at_executed_response,continuous_box_sufficient_reserve_v1,conditional_on_declared_cost_response_state_bounds_and_known_weighting,passed_observed,completed,0,0,0,False,ffa937f3a51565ce6ef916575ae3965b1ddc3a7501d45745ff113b51cb363fe5,d1acf522a0b674e4d35c5387b40bdfcef2c5618311aada2f72c24673c687c00f,50.0,3.5,963,0,0,0,design physical graph; nominal bound is not a guarantee at perturbed true response
27,0.3,up_step,frozen_point,r56_seed027__up_step__frozen_point,1,1777,1394,1394,0.7844682048396173,0.7844682048396173,0,0.0,0,0.0,756,407.3944388995157,0.29224852144872004,401.894680216522,19867.601667185856,-5.499758682993729,0,247,751,0.07257286774660068,12024,0,0.0,5,0,failed,"[""a_star < a_target on 756 assigned pairs""]",96c601f5c4a2647bb60781f0f17ca618a2a366221f3310f7a8873d567cb59074,a7e6a4a6b5d5941556084131d6558f6610bf21024fdddccab76b0550416518ab,54e30fd38ee2a3e56f3e4cf11302c348fbd70be820a8d5b8b280bf99c35e5084,r51-free-action-design-only-v1,design_expected_payment,3.68464110000059,r53-service-outcomes-v1,objective_expected_payment_at_executed_response,design_response_ir,nominal_model_only_no_current_response_robust_guarantee,violated,completed,247,0,0,False,ffa937f3a51565ce6ef916575ae3965b1ddc3a7501d45745ff113b51cb363fe5,d1acf522a0b674e4d35c5387b40bdfcef2c5618311aada2f72c24673c687c00f,50.0,3.5,1394,0,0,0,design physical graph; nominal bound is not a guarantee at perturbed true response
28,0.3,down_step,fixed_envelope,r56_seed028__down_step__fixed_envelope,1,1777,913,913,0.5137872819358469,0.5137872819358469,0,0.0,0,0.0,0,586.5451795669595,0.6424372174884551,633.9141035614049,20045.904725857705,47.36892399444537,0,0,0,0.11461955022435368,12024,0,0.0,5,0,ok,[],5d2eb66c2a30afecc5e07b1b3c62ecd8e5eefd1e18565ce54f53b97353cd36b0,492a080d500393bbbdef539f841b844741804f3cc5776ff3a68613e2a8345204,919bbd6cd1f1b2f6684ba89b51562bb01c737b4111dd17c2ec8fda642f24c6b8,r51-free-action-design-only-v1,continuous_envelope_payment_upper_bound,4.625169899998582,r53-service-outcomes-v1,objective_expected_payment_at_executed_response,continuous_box_sufficient_reserve_v1,conditional_on_declared_cost_response_state_bounds_and_known_weighting,passed_observed,completed,0,0,0,False,ffa937f3a51565ce6ef916575ae3965b1ddc3a7501d45745ff113b51cb363fe5,d1acf522a0b674e4d35c5387b40bdfcef2c5618311aada2f72c24673c687c00f,50.0,3.5,913,0,0,0,design physical graph; nominal bound is not a guarantee at perturbed true response
28,0.3,down_step,frozen_point,r56_seed028__down_step__frozen_point,1,1777,1398,1119,0.7867191896454699,0.6297129994372538,279,0.19957081545064378,0,0.0,0,454.998005169002,0.32546352301073106,480.74184661001055,20045.904725857705,25.743841441008556,0,0,0,0.038625800866129684,12024,0,0.0,5,0,failed,"[""QoS violations: 279""]",5d2eb66c2a30afecc5e07b1b3c62ecd8e5eefd1e18565ce54f53b97353cd36b0,492a080d500393bbbdef539f841b844741804f3cc5776ff3a68613e2a8345204,907442daceedeb6285221e0f32e1f22997f634dad0a7658733cd8f7e820b7011,r51-free-action-design-only-v1,design_expected_payment,3.674185200005013,r53-service-outcomes-v1,objective_expected_payment_at_executed_response,design_response_ir,nominal_model_only_no_current_response_robust_guarantee,violated,completed,0,0,0,False,ffa937f3a51565ce6ef916575ae3965b1ddc3a7501d45745ff113b51cb363fe5,d1acf522a0b674e4d35c5387b40bdfcef2c5618311aada2f72c24673c687c00f,50.0,3.5,1398,0,0,0,design physical graph; nominal bound is not a guarantee at perturbed true response
28,0.3,stable,fixed_envelope,r56_seed028__stable__fixed_envelope,1,1777,913,913,0.5137872819358469,0.5137872819358469,0,0.0,0,0.0,0,612.2890156034721,0.6706341901461906,633.491724815736,20045.904725857705,21.202709212263926,0,0,0,0.12646777200012393,12024,0,0.0,5,0,ok,[],5d2eb66c2a30afecc5e07b1b3c62ecd8e5eefd1e18565ce54f53b97353cd36b0,492a080d500393bbbdef539f841b844741804f3cc5776ff3a68613e2a8345204,919bbd6cd1f1b2f6684ba89b51562bb01c737b4111dd17c2ec8fda642f24c6b8,r51-free-action-design-only-v1,continuous_envelope_payment_upper_bound,4.623909000001731,r53-service-outcomes-v1,objective_expected_payment_at_executed_response,continuous_box_sufficient_reserve_v1,conditional_on_declared_cost_response_state_bounds_and_known_weighting,passed_observed,completed,0,0,0,False,ffa937f3a51565ce6ef916575ae3965b1ddc3a7501d45745ff113b51cb363fe5,d1acf522a0b674e4d35c5387b40bdfcef2c5618311aada2f72c24673c687c00f,50.0,3.5,913,0,0,0,design physical graph; nominal bound is not a guarantee at perturbed true response
28,0.3,stable,frozen_point,r56_seed028__stable__frozen_point,1,1777,1398,1398,0.7867191896454699,0.7867191896454699,0,0.0,0,0.0,0,480.04851034839726,0.34338233930500517,480.04851034839726,20045.904725857705,0.0,0,0,0,0.05850608845968433,12024,0,0.0,5,0,ok,[],5d2eb66c2a30afecc5e07b1b3c62ecd8e5eefd1e18565ce54f53b97353cd36b0,492a080d500393bbbdef539f841b844741804f3cc5776ff3a68613e2a8345204,907442daceedeb6285221e0f32e1f22997f634dad0a7658733cd8f7e820b7011,r51-free-action-design-only-v1,design_expected_payment,3.6338579999937792,r53-service-outcomes-v1,objective_expected_payment_at_executed_response,design_response_ir,nominal_model_only_no_current_response_robust_guarantee,passed_observed,completed,0,0,0,False,ffa937f3a51565ce6ef916575ae3965b1ddc3a7501d45745ff113b51cb363fe5,d1acf522a0b674e4d35c5387b40bdfcef2c5618311aada2f72c24673c687c00f,50.0,3.5,1398,0,0,0,design physical graph; nominal bound is not a guarantee at perturbed true response
28,0.3,up_step,fixed_envelope,r56_seed028__up_step__fixed_envelope,1,1777,913,913,0.5137872819358469,0.5137872819358469,0,0.0,0,0.0,0,623.6076001620725,0.6830313254787213,633.3106316103697,20045.904725857705,9.703031448297224,0,0,0,0.12646777200012393,12024,0,0.0,5,0,ok,[],5d2eb66c2a30afecc5e07b1b3c62ecd8e5eefd1e18565ce54f53b97353cd36b0,492a080d500393bbbdef539f841b844741804f3cc5776ff3a68613e2a8345204,919bbd6cd1f1b2f6684ba89b51562bb01c737b4111dd17c2ec8fda642f24c6b8,r51-free-action-design-only-v1,continuous_envelope_payment_upper_bound,4.598206800001208,r53-service-outcomes-v1,objective_expected_payment_at_executed_response,continuous_box_sufficient_reserve_v1,conditional_on_declared_cost_response_state_bounds_and_known_weighting,passed_observed,completed,0,0,0,False,ffa937f3a51565ce6ef916575ae3965b1ddc3a7501d45745ff113b51cb363fe5,d1acf522a0b674e4d35c5387b40bdfcef2c5618311aada2f72c24673c687c00f,50.0,3.5,913,0,0,0,design physical graph; nominal bound is not a guarantee at perturbed true response
28,0.3,up_step,frozen_point,r56_seed028__up_step__frozen_point,1,1777,1398,1398,0.7867191896454699,0.7867191896454699,0,0.0,0,0.0,750,487.2351479934784,0.34852299570348955,479.86810667668993,20045.904725857705,-7.367041316788459,0,251,748,0.05850608845968433,12024,0,0.0,5,0,failed,"[""a_star < a_target on 750 assigned pairs""]",5d2eb66c2a30afecc5e07b1b3c62ecd8e5eefd1e18565ce54f53b97353cd36b0,492a080d500393bbbdef539f841b844741804f3cc5776ff3a68613e2a8345204,907442daceedeb6285221e0f32e1f22997f634dad0a7658733cd8f7e820b7011,r51-free-action-design-only-v1,design_expected_payment,3.655963299999712,r53-service-outcomes-v1,objective_expected_payment_at_executed_response,design_response_ir,nominal_model_only_no_current_response_robust_guarantee,violated,completed,251,0,0,False,ffa937f3a51565ce6ef916575ae3965b1ddc3a7501d45745ff113b51cb363fe5,d1acf522a0b674e4d35c5387b40bdfcef2c5618311aada2f72c24673c687c00f,50.0,3.5,1398,0,0,0,design physical graph; nominal bound is not a guarantee at perturbed true response
29,0.3,down_step,fixed_envelope,r56_seed029__down_step__fixed_envelope,1,1777,963,963,0.5419245920090039,0.5419245920090039,0,0.0,0,0.0,0,516.6718882023864,0.5365232483929246,555.388997104099,19817.50147231378,38.71710890171255,0,0,0,0.10369641883993569,12024,0,0.0,5,0,ok,[],5c4fbae6ff962091c507b2f7f3e1c49d012acd6cdc0baf08a31fa025b480b515,d6b66e56ec1efaf3a6cf505c0a59aa8ef8c6708aa5b4ec9b11aeede95af3725e,56939bcd6dbcc664ec632b90618e468912bfbcfed0cd88111857147811004e59,r51-free-action-design-only-v1,continuous_envelope_payment_upper_bound,4.711565300000075,r53-service-outcomes-v1,objective_expected_payment_at_executed_response,continuous_box_sufficient_reserve_v1,conditional_on_declared_cost_response_state_bounds_and_known_weighting,passed_observed,completed,0,0,0,False,ffa937f3a51565ce6ef916575ae3965b1ddc3a7501d45745ff113b51cb363fe5,d1acf522a0b674e4d35c5387b40bdfcef2c5618311aada2f72c24673c687c00f,50.0,3.5,963,0,0,0,design physical graph; nominal bound is not a guarantee at perturbed true response
29,0.3,down_step,frozen_point,r56_seed029__down_step__frozen_point,1,1777,1377,1123,0.7749015194147439,0.6319639842431064,254,0.18445896877269427,0,0.0,0,362.2727855120737,0.26308844263767156,381.43708332117086,19817.50147231378,19.16429780909715,0,0,0,0.028293999776697498,12024,0,0.0,5,0,failed,"[""QoS violations: 254""]",5c4fbae6ff962091c507b2f7f3e1c49d012acd6cdc0baf08a31fa025b480b515,d6b66e56ec1efaf3a6cf505c0a59aa8ef8c6708aa5b4ec9b11aeede95af3725e,4e2ac44da5e42d8fa6cb8bbde77c43febdefe8e948d1896bf58e24fbbf2f87fb,r51-free-action-design-only-v1,design_expected_payment,3.660331299994141,r53-service-outcomes-v1,objective_expected_payment_at_executed_response,design_response_ir,nominal_model_only_no_current_response_robust_guarantee,violated,completed,0,0,0,False,ffa937f3a51565ce6ef916575ae3965b1ddc3a7501d45745ff113b51cb363fe5,d1acf522a0b674e4d35c5387b40bdfcef2c5618311aada2f72c24673c687c00f,50.0,3.5,1377,0,0,0,design physical graph; nominal bound is not a guarantee at perturbed true response
29,0.3,stable,fixed_envelope,r56_seed029__stable__fixed_envelope,1,1777,963,963,0.5419245920090039,0.5419245920090039,0,0.0,0,0.0,0,537.3137468255812,0.5579582002342485,554.6950168317148,19817.50147231378,17.381270006133605,0,0,0,0.10369641883993569,12024,0,0.0,5,0,ok,[],5c4fbae6ff962091c507b2f7f3e1c49d012acd6cdc0baf08a31fa025b480b515,d6b66e56ec1efaf3a6cf505c0a59aa8ef8c6708aa5b4ec9b11aeede95af3725e,56939bcd6dbcc664ec632b90618e468912bfbcfed0cd88111857147811004e59,r51-free-action-design-only-v1,continuous_envelope_payment_upper_bound,4.690889500001504,r53-service-outcomes-v1,objective_expected_payment_at_executed_response,continuous_box_sufficient_reserve_v1,conditional_on_declared_cost_response_state_bounds_and_known_weighting,passed_observed,completed,0,0,0,False,ffa937f3a51565ce6ef916575ae3965b1ddc3a7501d45745ff113b51cb363fe5,d1acf522a0b674e4d35c5387b40bdfcef2c5618311aada2f72c24673c687c00f,50.0,3.5,963,0,0,0,design physical graph; nominal bound is not a guarantee at perturbed true response
29,0.3,stable,frozen_point,r56_seed029__stable__frozen_point,1,1777,1377,1377,0.7749015194147439,0.7749015194147439,0,0.0,0,0.0,0,380.2762171645726,0.2761628301848748,380.2762171645726,19817.50147231378,0.0,0,0,0,0.0662505455205728,12024,0,0.0,5,0,ok,[],5c4fbae6ff962091c507b2f7f3e1c49d012acd6cdc0baf08a31fa025b480b515,d6b66e56ec1efaf3a6cf505c0a59aa8ef8c6708aa5b4ec9b11aeede95af3725e,4e2ac44da5e42d8fa6cb8bbde77c43febdefe8e948d1896bf58e24fbbf2f87fb,r51-free-action-design-only-v1,design_expected_payment,3.8040371000024606,r53-service-outcomes-v1,objective_expected_payment_at_executed_response,design_response_ir,nominal_model_only_no_current_response_robust_guarantee,passed_observed,completed,0,0,0,False,ffa937f3a51565ce6ef916575ae3965b1ddc3a7501d45745ff113b51cb363fe5,d1acf522a0b674e4d35c5387b40bdfcef2c5618311aada2f72c24673c687c00f,50.0,3.5,1377,0,0,0,design physical graph; nominal bound is not a guarantee at perturbed true response
29,0.3,up_step,fixed_envelope,r56_seed029__up_step__fixed_envelope,1,1777,963,963,0.5419245920090039,0.5419245920090039,0,0.0,0,0.0,0,546.1309151652596,0.5671141382816818,554.3993622339971,19817.50147231378,8.268447068737487,0,0,0,0.10369641883993569,12024,0,0.0,5,0,ok,[],5c4fbae6ff962091c507b2f7f3e1c49d012acd6cdc0baf08a31fa025b480b515,d6b66e56ec1efaf3a6cf505c0a59aa8ef8c6708aa5b4ec9b11aeede95af3725e,56939bcd6dbcc664ec632b90618e468912bfbcfed0cd88111857147811004e59,r51-free-action-design-only-v1,continuous_envelope_payment_upper_bound,4.6508571000013035,r53-service-outcomes-v1,objective_expected_payment_at_executed_response,continuous_box_sufficient_reserve_v1,conditional_on_declared_cost_response_state_bounds_and_known_weighting,passed_observed,completed,0,0,0,False,ffa937f3a51565ce6ef916575ae3965b1ddc3a7501d45745ff113b51cb363fe5,d1acf522a0b674e4d35c5387b40bdfcef2c5618311aada2f72c24673c687c00f,50.0,3.5,963,0,0,0,design physical graph; nominal bound is not a guarantee at perturbed true response
29,0.3,up_step,frozen_point,r56_seed029__up_step__frozen_point,1,1777,1377,1377,0.7749015194147439,0.7749015194147439,0,0.0,0,0.0,746,385.36725623099625,0.2798600263115441,379.9705562697101,19817.50147231378,-5.396699961286174,0,247,743,0.0729638168325526,12024,0,0.0,5,0,failed,"[""a_star < a_target on 746 assigned pairs""]",5c4fbae6ff962091c507b2f7f3e1c49d012acd6cdc0baf08a31fa025b480b515,d6b66e56ec1efaf3a6cf505c0a59aa8ef8c6708aa5b4ec9b11aeede95af3725e,4e2ac44da5e42d8fa6cb8bbde77c43febdefe8e948d1896bf58e24fbbf2f87fb,r51-free-action-design-only-v1,design_expected_payment,3.752935399999842,r53-service-outcomes-v1,objective_expected_payment_at_executed_response,design_response_ir,nominal_model_only_no_current_response_robust_guarantee,violated,completed,247,0,0,False,ffa937f3a51565ce6ef916575ae3965b1ddc3a7501d45745ff113b51cb363fe5,d1acf522a0b674e4d35c5387b40bdfcef2c5618311aada2f72c24673c687c00f,50.0,3.5,1377,0,0,0,design physical graph; nominal bound is not a guarantee at perturbed true response
30,0.3,down_step,fixed_envelope,r56_seed030__down_step__fixed_envelope,1,1777,949,949,0.53404614518852,0.53404614518852,0,0.0,0,0.0,0,502.8811933821215,0.5299064208452282,543.2963306097635,19821.694378257554,40.415137227641935,0,0,0,0.07217888152849883,12024,0,0.0,5,0,ok,[],763417ec44588b0ed03d369347833f70b9c514cd9e3d017254e5ec1132e1d548,e076dbc3d8c8f2a70bcaa2c86408577fb63dc9ec65c4383c65c97d67eef1abd9,8fcf26372565fafe9ada7a53a97e963398d061cd021900cfe208bb04f828760e,r51-free-action-design-only-v1,continuous_envelope_payment_upper_bound,4.713969600001292,r53-service-outcomes-v1,objective_expected_payment_at_executed_response,continuous_box_sufficient_reserve_v1,conditional_on_declared_cost_response_state_bounds_and_known_weighting,passed_observed,completed,0,0,0,False,ffa937f3a51565ce6ef916575ae3965b1ddc3a7501d45745ff113b51cb363fe5,d1acf522a0b674e4d35c5387b40bdfcef2c5618311aada2f72c24673c687c00f,50.0,3.5,949,0,0,0,design physical graph; nominal bound is not a guarantee at perturbed true response
30,0.3,down_step,frozen_point,r56_seed030__down_step__frozen_point,1,1777,1367,1102,0.7692740574001126,0.6201463140123804,265,0.1938551572787125,1,0.000731528895391368,0,356.7003084256522,0.26093658260837765,376.49409474770187,19821.694378257554,19.79378632204964,0,0,0,0.005698332180154808,12024,0,0.0,5,0,failed,"[""IR violations: 1"",""QoS violations: 265""]",763417ec44588b0ed03d369347833f70b9c514cd9e3d017254e5ec1132e1d548,e076dbc3d8c8f2a70bcaa2c86408577fb63dc9ec65c4383c65c97d67eef1abd9,3dea6aa3202e903775f0b16d2a9e117ffd78471ed54c0753812bfe020f161be6,r51-free-action-design-only-v1,design_expected_payment,3.6393497999961255,r53-service-outcomes-v1,objective_expected_payment_at_executed_response,design_response_ir,nominal_model_only_no_current_response_robust_guarantee,violated,completed,0,0,0,False,ffa937f3a51565ce6ef916575ae3965b1ddc3a7501d45745ff113b51cb363fe5,d1acf522a0b674e4d35c5387b40bdfcef2c5618311aada2f72c24673c687c00f,50.0,3.5,1367,0,0,0,design physical graph; nominal bound is not a guarantee at perturbed true response
30,0.3,stable,fixed_envelope,r56_seed030__stable__fixed_envelope,1,1777,949,949,0.53404614518852,0.53404614518852,0,0.0,0,0.0,0,524.1685765594152,0.5523378045936936,542.4446658331251,19821.694378257554,18.276089273709886,0,0,0,0.09707922807785702,12024,0,0.0,5,0,ok,[],763417ec44588b0ed03d369347833f70b9c514cd9e3d017254e5ec1132e1d548,e076dbc3d8c8f2a70bcaa2c86408577fb63dc9ec65c4383c65c97d67eef1abd9,8fcf26372565fafe9ada7a53a97e963398d061cd021900cfe208bb04f828760e,r51-free-action-design-only-v1,continuous_envelope_payment_upper_bound,4.65490359999967,r53-service-outcomes-v1,objective_expected_payment_at_executed_response,continuous_box_sufficient_reserve_v1,conditional_on_declared_cost_response_state_bounds_and_known_weighting,passed_observed,completed,0,0,0,False,ffa937f3a51565ce6ef916575ae3965b1ddc3a7501d45745ff113b51cb363fe5,d1acf522a0b674e4d35c5387b40bdfcef2c5618311aada2f72c24673c687c00f,50.0,3.5,949,0,0,0,design physical graph; nominal bound is not a guarantee at perturbed true response
30,0.3,stable,frozen_point,r56_seed030__stable__frozen_point,1,1777,1367,1367,0.7692740574001126,0.7692740574001126,0,0.0,0,0.0,0,374.9508417601453,0.2742873750988627,374.9508417601453,19821.694378257554,0.0,0,0,0,0.02429112473351075,12024,0,0.0,5,0,ok,[],763417ec44588b0ed03d369347833f70b9c514cd9e3d017254e5ec1132e1d548,e076dbc3d8c8f2a70bcaa2c86408577fb63dc9ec65c4383c65c97d67eef1abd9,3dea6aa3202e903775f0b16d2a9e117ffd78471ed54c0753812bfe020f161be6,r51-free-action-design-only-v1,design_expected_payment,3.7100537000005716,r53-service-outcomes-v1,objective_expected_payment_at_executed_response,design_response_ir,nominal_model_only_no_current_response_robust_guarantee,passed_observed,completed,0,0,0,False,ffa937f3a51565ce6ef916575ae3965b1ddc3a7501d45745ff113b51cb363fe5,d1acf522a0b674e4d35c5387b40bdfcef2c5618311aada2f72c24673c687c00f,50.0,3.5,1367,0,0,0,design physical graph; nominal bound is not a guarantee at perturbed true response
30,0.3,up_step,fixed_envelope,r56_seed030__up_step__fixed_envelope,1,1777,949,949,0.53404614518852,0.53404614518852,0,0.0,0,0.0,0,533.5305036572875,0.5622028489539384,542.0641318153632,19821.694378257554,8.533628158075771,0,0,0,0.09780608192279105,12024,0,0.0,5,0,ok,[],763417ec44588b0ed03d369347833f70b9c514cd9e3d017254e5ec1132e1d548,e076dbc3d8c8f2a70bcaa2c86408577fb63dc9ec65c4383c65c97d67eef1abd9,8fcf26372565fafe9ada7a53a97e963398d061cd021900cfe208bb04f828760e,r51-free-action-design-only-v1,continuous_envelope_payment_upper_bound,4.628852200003166,r53-service-outcomes-v1,objective_expected_payment_at_executed_response,continuous_box_sufficient_reserve_v1,conditional_on_declared_cost_response_state_bounds_and_known_weighting,passed_observed,completed,0,0,0,False,ffa937f3a51565ce6ef916575ae3965b1ddc3a7501d45745ff113b51cb363fe5,d1acf522a0b674e4d35c5387b40bdfcef2c5618311aada2f72c24673c687c00f,50.0,3.5,949,0,0,0,design physical graph; nominal bound is not a guarantee at perturbed true response
30,0.3,up_step,frozen_point,r56_seed030__up_step__frozen_point,1,1777,1367,1367,0.7692740574001126,0.7692740574001126,0,0.0,0,0.0,755,380.09864075671464,0.27805313881251986,374.5164906905092,19821.694378257554,-5.582150066205429,0,249,754,0.02429112473351075,12024,0,0.0,5,0,failed,"[""a_star < a_target on 755 assigned pairs""]",763417ec44588b0ed03d369347833f70b9c514cd9e3d017254e5ec1132e1d548,e076dbc3d8c8f2a70bcaa2c86408577fb63dc9ec65c4383c65c97d67eef1abd9,3dea6aa3202e903775f0b16d2a9e117ffd78471ed54c0753812bfe020f161be6,r51-free-action-design-only-v1,design_expected_payment,3.727399900002638,r53-service-outcomes-v1,objective_expected_payment_at_executed_response,design_response_ir,nominal_model_only_no_current_response_robust_guarantee,violated,completed,249,0,0,False,ffa937f3a51565ce6ef916575ae3965b1ddc3a7501d45745ff113b51cb363fe5,d1acf522a0b674e4d35c5387b40bdfcef2c5618311aada2f72c24673c687c00f,50.0,3.5,1367,0,0,0,design physical graph; nominal bound is not a guarantee at perturbed true response
