workload,seed,method,N,M,tasks,assigned,qualified,payment,pps,service_coverage,mean_quality,qos_violations,qos_violation_rate,ir_violations,under_incentive_rate,target_violations,target_miss_rate,legal_edge_rate,platform_utility,mean_base_payment,negative_intercept_rate,core_runtime_s,instrumented_runtime_s,event_tape_hash,diagnostic_status,execution_status,decision_cost_basis,contract_protocol_version,design_reserve,available_budget,reserve_over_budget_slots,settlement_over_reserve_slots,settlement_over_budget_slots,candidate_rows,legal_rows,candidate_graph_sha256,config_sha256
high,1,MOI,34,4,3531,2516,2516,1035.179596418682,0.4114386313269801,0.712546020957236,0.8654501319206863,0,0.0,0,0.0,0,0.0,0.2663857677902622,5591.871317850438,0.0,0.0,3.6324972000002163,3.7630654999993567,16b210ab5de19259937049a5995c23055e404d735543a977cf42479798ad80cb,ok,completed,design_expected_payment,r51-free-action-design-only-v1,1035.179596418682,7976.68985049328,0,0,0,23496,6259,e60a9613cc052e89d5f54455389db3597a9004f2d0eaa3214d6c414d8926d44a,801fb7691d3e034dfd71f7e44c1e75cbc81a9985776e809f4c56a428649640e5
high,1,PASI,34,4,3531,2516,2516,922.749151261689,0.36675244485758707,0.712546020957236,0.8658364813405101,0,0.0,0,0.0,0,0.0,0.2663857677902622,5696.802710395769,0.0,0.0,3.6558456999991904,3.7603856999994605,16b210ab5de19259937049a5995c23055e404d735543a977cf42479798ad80cb,ok,completed,design_expected_payment,r51-free-action-design-only-v1,922.749151261689,7976.68985049328,0,0,0,23496,6259,e60a9613cc052e89d5f54455389db3597a9004f2d0eaa3214d6c414d8926d44a,801fb7691d3e034dfd71f7e44c1e75cbc81a9985776e809f4c56a428649640e5
high,1,QUAC-F,34,4,3531,2516,2516,246.1868331187991,0.0978485028294114,0.712546020957236,0.8733080690034976,0,0.0,0,0.0,0,0.0,0.2663857677902622,6261.088661699871,-0.47447294514927135,1.0,3.626684099999693,3.741557700002886,16b210ab5de19259937049a5995c23055e404d735543a977cf42479798ad80cb,ok,completed,design_expected_payment,r51-free-action-design-only-v1,246.1868331187991,7976.68985049328,0,0,0,23496,6259,e60a9613cc052e89d5f54455389db3597a9004f2d0eaa3214d6c414d8926d44a,801fb7691d3e034dfd71f7e44c1e75cbc81a9985776e809f4c56a428649640e5
high,2,MOI,34,4,3531,2511,2511,834.4192074643008,0.33230553861581075,0.7111299915038233,0.8667054356217851,0,0.0,0,0.0,0,0.0,0.2591079332652366,5734.803910286867,0.0,0.0,3.7674977999995463,3.8812179999986256,c556b8d478ddd855d432d0cf3d629e4c55372b27abeb3e5983c9258252d346fe,ok,completed,design_expected_payment,r51-free-action-design-only-v1,834.4192074643008,7937.011670474265,0,0,0,23496,6088,ec6fb6e3e70e4e4cfaf432beb8c8e81197411dc276b4156fadadf46c4149536b,38527d21d874ca254d011b0561edc12bb4ed2ab978bbe4b074577aecc8ba057a
high,2,PASI,34,4,3531,2511,2511,701.6603484264806,0.2794346270117406,0.7111299915038233,0.8668523288857609,0,0.0,0,0.0,0,0.0,0.2591079332652366,5862.986464233199,0.0,0.0,3.7185678999994707,3.848374099998182,c556b8d478ddd855d432d0cf3d629e4c55372b27abeb3e5983c9258252d346fe,ok,completed,design_expected_payment,r51-free-action-design-only-v1,701.6603484264806,7937.011670474265,0,0,0,23496,6088,ec6fb6e3e70e4e4cfaf432beb8c8e81197411dc276b4156fadadf46c4149536b,38527d21d874ca254d011b0561edc12bb4ed2ab978bbe4b074577aecc8ba057a
high,2,QUAC-F,34,4,3531,2511,2511,215.90151393068527,0.08598228352476514,0.7111299915038233,0.8746379364720177,0,0.0,0,0.0,0,0.0,0.2591079332652366,6246.605244675549,-0.41086693458803747,1.0,3.592328599999746,3.707193799997185,c556b8d478ddd855d432d0cf3d629e4c55372b27abeb3e5983c9258252d346fe,ok,completed,design_expected_payment,r51-free-action-design-only-v1,215.90151393068527,7937.011670474265,0,0,0,23496,6088,ec6fb6e3e70e4e4cfaf432beb8c8e81197411dc276b4156fadadf46c4149536b,38527d21d874ca254d011b0561edc12bb4ed2ab978bbe4b074577aecc8ba057a
high,3,MOI,34,4,3531,2478,2478,980.7880597542168,0.39579824848838446,0.7017841971112999,0.8671713098851018,0,0.0,0,0.0,0,0.0,0.26021450459652706,5528.733351095274,0.0,0.0,3.680651900001976,3.798595000000205,50f61c2d7c7e6980858af791ea879289ab0a3f6b1a06aad7f0fac9cd3a9f945b,ok,completed,design_expected_payment,r51-free-action-design-only-v1,980.7880597542168,7963.836384993796,0,0,0,23496,6114,c44b94beec3a0f3f02bc5e6fa6cd1528e66f2f4dc81fc3d375d0a2fa4a82c358,6ef41724d402a990ee0310cfba0102463f48d628669651a020afa9508c308ee5
high,3,PASI,34,4,3531,2478,2478,910.7707067513771,0.36754265809175835,0.7017841971112999,0.8674291169374562,0,0.0,0,0.0,0,0.0,0.26021450459652706,5592.628978854979,0.0,0.0,3.779593399998703,3.9066906000007293,50f61c2d7c7e6980858af791ea879289ab0a3f6b1a06aad7f0fac9cd3a9f945b,ok,completed,design_expected_payment,r51-free-action-design-only-v1,910.7707067513771,7963.836384993796,0,0,0,23496,6114,c44b94beec3a0f3f02bc5e6fa6cd1528e66f2f4dc81fc3d375d0a2fa4a82c358,6ef41724d402a990ee0310cfba0102463f48d628669651a020afa9508c308ee5
high,3,QUAC-F,34,4,3531,2478,2478,227.30341788443684,0.09172857864585829,0.7017841971112999,0.8763998836870913,0,0.0,0,0.0,0,0.0,0.26021450459652706,6170.402321340251,-0.43160972724879876,1.0,3.643381900001259,3.814075700000103,50f61c2d7c7e6980858af791ea879289ab0a3f6b1a06aad7f0fac9cd3a9f945b,ok,completed,design_expected_payment,r51-free-action-design-only-v1,227.30341788443684,7963.836384993796,0,0,0,23496,6114,c44b94beec3a0f3f02bc5e6fa6cd1528e66f2f4dc81fc3d375d0a2fa4a82c358,6ef41724d402a990ee0310cfba0102463f48d628669651a020afa9508c308ee5
high,4,MOI,34,4,3531,2484,2484,958.5392000800186,0.38588534624799464,0.703483432455395,0.8666108377047294,0,0.0,0,0.0,0,0.0,0.26549199863806605,5569.272389368434,0.0,0.0,3.6416200999992725,3.8350934000009147,0b75b443e42a22cffa099383d7c342f7cfa4b0d5a3164b61541134438bb2477b,ok,completed,design_expected_payment,r51-free-action-design-only-v1,958.5392000800186,7970.477557413017,0,0,0,23496,6238,b3523e2089dbd7a32da94bd9af1457f53f613cc29afd93e90d9e37732b37fa40,6cabc2981553f6d869685a9dc6297077104b878a9175deb23cfcaf0aab407686
high,4,PASI,34,4,3531,2484,2484,844.4059622523274,0.3399379880242864,0.703483432455395,0.8670020779476761,0,0.0,0,0.0,0,0.0,0.26549199863806605,5675.412105245247,0.0,0.0,3.6601350999990245,3.860686899999564,0b75b443e42a22cffa099383d7c342f7cfa4b0d5a3164b61541134438bb2477b,ok,completed,design_expected_payment,r51-free-action-design-only-v1,844.4059622523274,7970.477557413017,0,0,0,23496,6238,b3523e2089dbd7a32da94bd9af1457f53f613cc29afd93e90d9e37732b37fa40,6cabc2981553f6d869685a9dc6297077104b878a9175deb23cfcaf0aab407686
high,4,QUAC-F,34,4,3531,2484,2484,239.59871218346052,0.09645680844744788,0.703483432455395,0.8738355667184847,0,0.0,0,0.0,0,0.0,0.26549199863806605,6179.775185514267,-0.4674258914652071,1.0,3.69657240000015,3.8035149999996065,0b75b443e42a22cffa099383d7c342f7cfa4b0d5a3164b61541134438bb2477b,ok,completed,design_expected_payment,r51-free-action-design-only-v1,239.59871218346052,7970.477557413017,0,0,0,23496,6238,b3523e2089dbd7a32da94bd9af1457f53f613cc29afd93e90d9e37732b37fa40,6cabc2981553f6d869685a9dc6297077104b878a9175deb23cfcaf0aab407686
high,5,MOI,34,4,3531,2502,2502,901.161780659839,0.3601765710071299,0.7085811384876806,0.8660800279842527,0,0.0,0,0.0,0,0.0,0.25966121893088184,5697.166329547343,0.0,0.0,3.7477848999988055,3.927578099999664,838c25a3256ffa546f505831c0a66f66a618e58d2e5368f2a0bdf5824af0949b,ok,completed,design_expected_payment,r51-free-action-design-only-v1,901.161780659839,7980.7507585768035,0,0,0,23496,6101,9c91d040fe812b98e9b759b6161595b173d2d116b16ce3708a8597be62bb4e8a,e98bea3768dd09dbe833671ec06e236387e333788fd0f3bd84152e44b55055a6
high,5,PASI,34,4,3531,2502,2502,763.974061656002,0.30534534838369387,0.7085811384876806,0.8668747128166143,0,0.0,0,0.0,0,0.0,0.25966121893088184,5821.557727741974,0.0,0.0,3.697531699999672,3.8538072999981523,838c25a3256ffa546f505831c0a66f66a618e58d2e5368f2a0bdf5824af0949b,ok,completed,design_expected_payment,r51-free-action-design-only-v1,763.974061656002,7980.7507585768035,0,0,0,23496,6101,9c91d040fe812b98e9b759b6161595b173d2d116b16ce3708a8597be62bb4e8a,e98bea3768dd09dbe833671ec06e236387e333788fd0f3bd84152e44b55055a6
high,5,QUAC-F,34,4,3531,2502,2502,231.63608897141756,0.09258037129153379,0.7085811384876806,0.8743966265500879,0,0.0,0,0.0,0,0.0,0.25966121893088184,6252.94903781961,-0.4535442074248367,1.0,3.5447804999967047,3.717418899999757,838c25a3256ffa546f505831c0a66f66a618e58d2e5368f2a0bdf5824af0949b,ok,completed,design_expected_payment,r51-free-action-design-only-v1,231.63608897141756,7980.7507585768035,0,0,0,23496,6101,9c91d040fe812b98e9b759b6161595b173d2d116b16ce3708a8597be62bb4e8a,e98bea3768dd09dbe833671ec06e236387e333788fd0f3bd84152e44b55055a6
high,6,MOI,34,4,3531,2523,2523,863.4387932591585,0.3422270286401738,0.7145284621920136,0.8656745611785072,0,0.0,0,0.0,0,0.0,0.26391726251276815,5762.080051394288,1.5548531908215901e-06,0.0,3.5726947000002838,3.693142899999657,ff48b72b0815997dcc7fa4c6b1032d8f436707fee00f69bebd1d56732603a32f,ok,completed,design_expected_payment,r51-free-action-design-only-v1,863.4387932591585,7953.303198377519,0,0,0,23496,6201,2e819b4fd88809fe30a8e26b180554e99e1dc9845ddda4dd3314189e44d73369,22345ad31fcfda04381add2bd275d67e67ebef25a944fc0639c0baa7ab0d96f9
high,6,PASI,34,4,3531,2523,2523,709.3091492318734,0.28113719747597044,0.7145284621920136,0.8660480464405464,0,0.0,0,0.0,0,0.0,0.26391726251276815,5912.2754645178575,0.0,0.0,3.6176966999992146,3.737151500001346,ff48b72b0815997dcc7fa4c6b1032d8f436707fee00f69bebd1d56732603a32f,ok,completed,design_expected_payment,r51-free-action-design-only-v1,709.3091492318734,7953.303198377519,0,0,0,23496,6201,2e819b4fd88809fe30a8e26b180554e99e1dc9845ddda4dd3314189e44d73369,22345ad31fcfda04381add2bd275d67e67ebef25a944fc0639c0baa7ab0d96f9
high,6,QUAC-F,34,4,3531,2523,2523,234.76650660257624,0.09305053769424346,0.7145284621920136,0.8735097476780058,0,0.0,0,0.0,0,0.0,0.26391726251276815,6290.48099945395,-0.44319851342051514,1.0,3.5682979000011983,3.7010795999995025,ff48b72b0815997dcc7fa4c6b1032d8f436707fee00f69bebd1d56732603a32f,ok,completed,design_expected_payment,r51-free-action-design-only-v1,234.76650660257624,7953.303198377519,0,0,0,23496,6201,2e819b4fd88809fe30a8e26b180554e99e1dc9845ddda4dd3314189e44d73369,22345ad31fcfda04381add2bd275d67e67ebef25a944fc0639c0baa7ab0d96f9
high,7,MOI,34,4,3531,2484,2484,746.625675098708,0.3005739432764525,0.703483432455395,0.8656196686045079,0,0.0,0,0.0,0,0.0,0.2597037793667007,5798.6790272863,0.0,0.0,3.77439830000003,3.9410355999971216,924e0b3a2da73a8d5e6ae90365cefcf0203c49b4b0fe24d1888d5a023ad88ff6,ok,completed,design_expected_payment,r51-free-action-design-only-v1,746.625675098708,7975.040676059589,0,0,0,23496,6102,a4a74c297dd7facbcadc3f2bfea242294af7bea2cb4a29c627d99e29a9dfb6e7,543e711cbdd506bd2ea6f0dba6158e0edf442316f00446af0af42e46b7e24bcf
high,7,PASI,34,4,3531,2484,2484,626.2738022967294,0.25212310881510847,0.703483432455395,0.866293655757362,0,0.0,0,0.0,0,0.0,0.2597037793667007,5910.266641759552,0.0,0.0,3.7232354000007035,3.864671499999531,924e0b3a2da73a8d5e6ae90365cefcf0203c49b4b0fe24d1888d5a023ad88ff6,ok,completed,design_expected_payment,r51-free-action-design-only-v1,626.2738022967294,7975.040676059589,0,0,0,23496,6102,a4a74c297dd7facbcadc3f2bfea242294af7bea2cb4a29c627d99e29a9dfb6e7,543e711cbdd506bd2ea6f0dba6158e0edf442316f00446af0af42e46b7e24bcf
high,7,QUAC-F,34,4,3531,2484,2484,216.73699708759347,0.08725321943944987,0.703483432455395,0.8750441807312123,0,0.0,0,0.0,0,0.0,0.2597037793667007,6227.810936629061,-0.41655105531471665,1.0,3.716101100002561,3.8367775000006077,924e0b3a2da73a8d5e6ae90365cefcf0203c49b4b0fe24d1888d5a023ad88ff6,ok,completed,design_expected_payment,r51-free-action-design-only-v1,216.73699708759347,7975.040676059589,0,0,0,23496,6102,a4a74c297dd7facbcadc3f2bfea242294af7bea2cb4a29c627d99e29a9dfb6e7,543e711cbdd506bd2ea6f0dba6158e0edf442316f00446af0af42e46b7e24bcf
high,8,MOI,34,4,3531,2541,2541,930.369854560787,0.3661431934517068,0.719626168224299,0.8671280651697293,0,0.0,0,0.0,0,0.0,0.2631086142322097,5734.864495299987,0.0,0.0,3.841636600001948,3.9704930000007153,49db6685984d132c90885f06d2564667bee08397c4f2060f3d7a86ab97891ea2,ok,completed,design_expected_payment,r51-free-action-design-only-v1,930.369854560787,7912.833095683789,0,0,0,23496,6182,2e4d842490f744be05f504ad4e589f453696f55663201363d55bb7b564314928,91a9e559143595592c592e7b22af6c64b726cc047a5177a52818ca53c45be89e
high,8,PASI,34,4,3531,2541,2541,789.5089674720455,0.3107079761794748,0.719626168224299,0.8675490289025215,0,0.0,0,0.0,0,0.0,0.2631086142322097,5865.253610342905,0.0,0.0,3.8123741000017617,3.945016300000134,49db6685984d132c90885f06d2564667bee08397c4f2060f3d7a86ab97891ea2,ok,completed,design_expected_payment,r51-free-action-design-only-v1,789.5089674720455,7912.833095683789,0,0,0,23496,6182,2e4d842490f744be05f504ad4e589f453696f55663201363d55bb7b564314928,91a9e559143595592c592e7b22af6c64b726cc047a5177a52818ca53c45be89e
high,8,QUAC-F,34,4,3531,2541,2541,242.632786102787,0.09548712558157695,0.719626168224299,0.8754342394602069,0,0.0,0,0.0,0,0.0,0.2631086142322097,6300.617506480425,-0.4554003115418526,1.0,3.680718200001138,3.7972689000016544,49db6685984d132c90885f06d2564667bee08397c4f2060f3d7a86ab97891ea2,ok,completed,design_expected_payment,r51-free-action-design-only-v1,242.632786102787,7912.833095683789,0,0,0,23496,6182,2e4d842490f744be05f504ad4e589f453696f55663201363d55bb7b564314928,91a9e559143595592c592e7b22af6c64b726cc047a5177a52818ca53c45be89e
high,9,MOI,34,4,3531,2494,2494,1007.2275597944708,0.4038602886104534,0.7063154913622204,0.8672110583356922,0,0.0,0,0.0,0,0.0,0.2591930541368744,5508.337625326227,0.0,0.0,3.509180600001855,3.703593700000056,1fde485430f548883cdf32ed5d2c48264bdc7f4259f8f859d3c62127552383fd,ok,completed,design_expected_payment,r51-free-action-design-only-v1,1007.2275597944708,7889.860852122323,0,0,0,23496,6090,05644c349dadd2679e3020242271f6c70707fe1f74822a0aab58fe3b5ac86b1b,4f12ff12d2bbb6dd4806e31685112584552ef44c3443d3d10a95f95337930c5c
high,9,PASI,34,4,3531,2494,2494,854.7103543427188,0.3427066376674895,0.7063154913622204,0.8676923340705317,0,0.0,0,0.0,0,0.0,0.2591930541368744,5653.170332123573,0.0,0.0,3.59928249999939,3.808600000000297,1fde485430f548883cdf32ed5d2c48264bdc7f4259f8f859d3c62127552383fd,ok,completed,design_expected_payment,r51-free-action-design-only-v1,854.7103543427188,7889.860852122323,0,0,0,23496,6090,05644c349dadd2679e3020242271f6c70707fe1f74822a0aab58fe3b5ac86b1b,4f12ff12d2bbb6dd4806e31685112584552ef44c3443d3d10a95f95337930c5c
high,9,QUAC-F,34,4,3531,2494,2494,246.5382752494167,0.09885255623473004,0.7063154913622204,0.874877223396197,0,0.0,0,0.0,0,0.0,0.2591930541368744,6160.795872717568,-0.4763759192951236,1.0,3.4677641000016592,3.6584774000002653,1fde485430f548883cdf32ed5d2c48264bdc7f4259f8f859d3c62127552383fd,ok,completed,design_expected_payment,r51-free-action-design-only-v1,246.5382752494167,7889.860852122323,0,0,0,23496,6090,05644c349dadd2679e3020242271f6c70707fe1f74822a0aab58fe3b5ac86b1b,4f12ff12d2bbb6dd4806e31685112584552ef44c3443d3d10a95f95337930c5c
high,10,MOI,34,4,3531,2501,2501,814.3842410861423,0.3256234470556347,0.708297932596998,0.8665379277126953,0,0.0,0,0.0,0,0.0,0.2662580864828056,5711.547457919197,2.1407209481426893e-06,0.0,3.8573756000005233,3.9624282000004314,432cd91c3fd944112ee4b5e4efb3c614d83106ada73a296243fc72ba1bfe0516,ok,completed,design_expected_payment,r51-free-action-design-only-v1,814.3842410861423,7895.696114474589,0,0,0,23496,6256,ae2f818058c1f2abf5435b1a214d3adaed90fbe8b8524612ee7f9075b830725b,14103d0b41df1dd34250de06225a9cb5bbc43a215669f94cbec28fcaa4aaf681
high,10,PASI,34,4,3531,2501,2501,697.8887505496432,0.2790438826667906,0.708297932596998,0.8667573688683915,0,0.0,0,0.0,0,0.0,0.2662580864828056,5822.51079799844,0.0,0.0,3.7902041000015743,3.912564599999314,432cd91c3fd944112ee4b5e4efb3c614d83106ada73a296243fc72ba1bfe0516,ok,completed,design_expected_payment,r51-free-action-design-only-v1,697.8887505496432,7895.696114474589,0,0,0,23496,6256,ae2f818058c1f2abf5435b1a214d3adaed90fbe8b8524612ee7f9075b830725b,14103d0b41df1dd34250de06225a9cb5bbc43a215669f94cbec28fcaa4aaf681
high,10,QUAC-F,34,4,3531,2501,2501,220.57752814348913,0.08819573296420997,0.708297932596998,0.8753593034041967,0,0.0,0,0.0,0,0.0,0.2662580864828056,6191.155451459345,-0.43410060415210755,1.0,3.773653500000364,3.8975500000015018,432cd91c3fd944112ee4b5e4efb3c614d83106ada73a296243fc72ba1bfe0516,ok,completed,design_expected_payment,r51-free-action-design-only-v1,220.57752814348913,7895.696114474589,0,0,0,23496,6256,ae2f818058c1f2abf5435b1a214d3adaed90fbe8b8524612ee7f9075b830725b,14103d0b41df1dd34250de06225a9cb5bbc43a215669f94cbec28fcaa4aaf681
high,11,MOI,34,4,3531,2474,2474,839.8290091155303,0.3394620085349759,0.7006513735485698,0.8660902065188866,0,0.0,0,0.0,0,0.0,0.2614487572352741,5646.249314602261,0.0,0.0,3.721252800001821,3.8303487000011955,c621a358acaebd178b39cb4ef11caf6f5a23200e6690d33bbc3f897bbd7ecd29,ok,completed,design_expected_payment,r51-free-action-design-only-v1,839.8290091155303,7950.017844416936,0,0,0,23496,6143,1dc5d8d83c4ff7f26667a371d655b4dba6d74adf688f0f6888c0ba104d87df45,6ea9b95f753a2417fcf72609d172e2efac35d15296c33f18585d1cc5e89eded4
high,11,PASI,34,4,3531,2474,2474,729.5281289101686,0.2948779825829299,0.7006513735485698,0.866267681828128,0,0.0,0,0.0,0,0.0,0.2614487572352741,5751.366959030035,0.0,0.0,3.880055400000856,4.008411300001171,c621a358acaebd178b39cb4ef11caf6f5a23200e6690d33bbc3f897bbd7ecd29,ok,completed,design_expected_payment,r51-free-action-design-only-v1,729.5281289101686,7950.017844416936,0,0,0,23496,6143,1dc5d8d83c4ff7f26667a371d655b4dba6d74adf688f0f6888c0ba104d87df45,6ea9b95f753a2417fcf72609d172e2efac35d15296c33f18585d1cc5e89eded4
high,11,QUAC-F,34,4,3531,2474,2474,234.35664260281598,0.09472782643606144,0.7006513735485698,0.8747336375431988,0,0.0,0,0.0,0,0.0,0.2614487572352741,6146.726899593365,-0.44240172176734405,1.0,3.517125300000771,3.649614999998448,c621a358acaebd178b39cb4ef11caf6f5a23200e6690d33bbc3f897bbd7ecd29,ok,completed,design_expected_payment,r51-free-action-design-only-v1,234.35664260281598,7950.017844416936,0,0,0,23496,6143,1dc5d8d83c4ff7f26667a371d655b4dba6d74adf688f0f6888c0ba104d87df45,6ea9b95f753a2417fcf72609d172e2efac35d15296c33f18585d1cc5e89eded4
high,12,MOI,34,4,3531,2504,2504,926.2356971141636,0.36990243494974584,0.7091475502690456,0.8699716559011024,0,0.0,0,0.0,0,0.0,0.2599591419816139,5592.7747634895495,0.0,0.0,3.471494999997958,3.594790600000124,00498703125fdc5b6b840f6fc8a6616121a0c232a959d4a64e3d013e19256c3c,ok,completed,design_expected_payment,r51-free-action-design-only-v1,926.2356971141636,7891.564101438458,0,0,0,23496,6108,141971c4c9f87dcd134fd815fdf20a03c64a66303785cd229689f296e00e5f36,8f8c1df2a96879196e04ccb110b7b6e237eeeb797618c5f284c4d3eba6e28638
high,12,PASI,34,4,3531,2504,2504,808.0558118871876,0.32270599516261483,0.7091475502690456,0.8702055058513908,0,0.0,0,0.0,0,0.0,0.2599591419816139,5705.522978437342,0.0,0.0,3.493635800001357,3.620897500000865,00498703125fdc5b6b840f6fc8a6616121a0c232a959d4a64e3d013e19256c3c,ok,completed,design_expected_payment,r51-free-action-design-only-v1,808.0558118871876,7891.564101438458,0,0,0,23496,6108,141971c4c9f87dcd134fd815fdf20a03c64a66303785cd229689f296e00e5f36,8f8c1df2a96879196e04ccb110b7b6e237eeeb797618c5f284c4d3eba6e28638
high,12,QUAC-F,34,4,3531,2504,2504,237.13908057326387,0.09470410566024914,0.7091475502690456,0.8779774638304962,0,0.0,0,0.0,0,0.0,0.2599591419816139,6185.469679708232,-0.4564520065442472,1.0,3.619318299999577,3.726717199999257,00498703125fdc5b6b840f6fc8a6616121a0c232a959d4a64e3d013e19256c3c,ok,completed,design_expected_payment,r51-free-action-design-only-v1,237.13908057326387,7891.564101438458,0,0,0,23496,6108,141971c4c9f87dcd134fd815fdf20a03c64a66303785cd229689f296e00e5f36,8f8c1df2a96879196e04ccb110b7b6e237eeeb797618c5f284c4d3eba6e28638
high,13,MOI,34,4,3531,2499,2499,1076.3539567702494,0.4307138682554019,0.707731520815633,0.8651784295794243,0,0.0,0,0.0,0,0.0,0.25893769152196117,5528.866823146263,0.0,0.0,3.681656100001419,3.8324045999979717,8ff3c0b2a4b5a982d6dd6705492fa1adab9149d08c75a16779720d3a95b27f9a,ok,completed,design_expected_payment,r51-free-action-design-only-v1,1076.3539567702494,8005.966816546171,0,0,0,23496,6084,9074fe90fcb9cc353470b45d003d201b6fcb043506454aab79686b78c76659f3,aa4a963b5212f1490d32e8c959ac48b8116b30546e261b72cad4b340bdc773ab
high,13,PASI,34,4,3531,2499,2499,982.5153170391442,0.39316339217252666,0.707731520815633,0.8653845897405121,0,0.0,0,0.0,0,0.0,0.25893769152196117,5615.922529380616,0.0,0.0,3.62180939999962,3.756707100001222,8ff3c0b2a4b5a982d6dd6705492fa1adab9149d08c75a16779720d3a95b27f9a,ok,completed,design_expected_payment,r51-free-action-design-only-v1,982.5153170391442,8005.966816546171,0,0,0,23496,6084,9074fe90fcb9cc353470b45d003d201b6fcb043506454aab79686b78c76659f3,aa4a963b5212f1490d32e8c959ac48b8116b30546e261b72cad4b340bdc773ab
high,13,QUAC-F,34,4,3531,2499,2499,234.27025521049143,0.0937456003243263,0.707731520815633,0.8731970519497215,0,0.0,0,0.0,0,0.0,0.25893769152196117,6275.116493887335,-0.45790862236738744,1.0,3.6851980999999796,3.838683599999058,8ff3c0b2a4b5a982d6dd6705492fa1adab9149d08c75a16779720d3a95b27f9a,ok,completed,design_expected_payment,r51-free-action-design-only-v1,234.27025521049143,8005.966816546171,0,0,0,23496,6084,9074fe90fcb9cc353470b45d003d201b6fcb043506454aab79686b78c76659f3,aa4a963b5212f1490d32e8c959ac48b8116b30546e261b72cad4b340bdc773ab
high,14,MOI,34,4,3531,2497,2497,831.9516507201864,0.33318047686030694,0.7071651090342679,0.8670147534540691,0,0.0,0,0.0,0,0.0,0.2559584610146408,5753.811485053767,0.0,0.0,4.020657499997469,4.149701999998797,5ad17a17c7a2cbfcb54ed58046d5e3b6beb9a5e2d7791d532d912294512965ef,ok,completed,design_expected_payment,r51-free-action-design-only-v1,831.9516507201864,7994.818562051611,0,0,0,23496,6014,27e53d29734b221c9bac3a41c68ba0d735e45a596930c2c9ca7853d54b2b9f75,3a60ddfbf016f31f35c7127046f755ce81f8cb4efb24ff2420a698a4567e78ec
high,14,PASI,34,4,3531,2497,2497,733.7491993576751,0.29385230250607736,0.7071651090342679,0.8675252347958458,0,0.0,0,0.0,0,0.0,0.2559584610146408,5845.7458115417485,0.0,0.0,4.083345400002145,4.205512100001215,5ad17a17c7a2cbfcb54ed58046d5e3b6beb9a5e2d7791d532d912294512965ef,ok,completed,design_expected_payment,r51-free-action-design-only-v1,733.7491993576751,7994.818562051611,0,0,0,23496,6014,27e53d29734b221c9bac3a41c68ba0d735e45a596930c2c9ca7853d54b2b9f75,3a60ddfbf016f31f35c7127046f755ce81f8cb4efb24ff2420a698a4567e78ec
high,14,QUAC-F,34,4,3531,2497,2497,211.93204448005,0.08487466739289147,0.7071651090342679,0.875057467702962,0,0.0,0,0.0,0,0.0,0.2559584610146408,6271.501346732557,-0.38944494705207716,1.0,4.041657899997517,4.181627400001162,5ad17a17c7a2cbfcb54ed58046d5e3b6beb9a5e2d7791d532d912294512965ef,ok,completed,design_expected_payment,r51-free-action-design-only-v1,211.93204448005,7994.818562051611,0,0,0,23496,6014,27e53d29734b221c9bac3a41c68ba0d735e45a596930c2c9ca7853d54b2b9f75,3a60ddfbf016f31f35c7127046f755ce81f8cb4efb24ff2420a698a4567e78ec
high,15,MOI,34,4,3531,2490,2490,1025.6107903987383,0.41189188369427243,0.7051826677994902,0.8644589243515675,0,0.0,0,0.0,0,0.0,0.2643854273067756,5518.202324326336,0.0,0.0,3.898940399998537,4.015443899999809,96c1b4d07d52159b1e958ee43e318f18db7054fed2371fcb08ad8c53c2ed3b1c,ok,completed,design_expected_payment,r51-free-action-design-only-v1,1025.6107903987383,7964.525069253245,0,0,0,23496,6212,ab50d6d16b442b10180b2ee2f4953e9e66ff1d97c5c57a09b308c23e6d74368e,7764af9c02ec7a27ecffd149cb692c0fa442575cab18603c4717063fae9001f5
high,15,PASI,34,4,3531,2490,2490,947.6056697341821,0.3805645259976635,0.7051826677994902,0.8644526313110407,0,0.0,0,0.0,0,0.0,0.2643854273067756,5593.570350349937,0.0,0.0,4.114789600000222,4.247207399999752,96c1b4d07d52159b1e958ee43e318f18db7054fed2371fcb08ad8c53c2ed3b1c,ok,completed,design_expected_payment,r51-free-action-design-only-v1,947.6056697341821,7964.525069253245,0,0,0,23496,6212,ab50d6d16b442b10180b2ee2f4953e9e66ff1d97c5c57a09b308c23e6d74368e,7764af9c02ec7a27ecffd149cb692c0fa442575cab18603c4717063fae9001f5
high,15,QUAC-F,34,4,3531,2490,2490,225.49575616361886,0.09056054464402365,0.7051826677994902,0.8737155542993106,0,0.0,0,0.0,0,0.0,0.2643854273067756,6204.571302062928,-0.44586741502935884,1.0,3.7216351999995823,3.8569152999989456,96c1b4d07d52159b1e958ee43e318f18db7054fed2371fcb08ad8c53c2ed3b1c,ok,completed,design_expected_payment,r51-free-action-design-only-v1,225.49575616361886,7964.525069253245,0,0,0,23496,6212,ab50d6d16b442b10180b2ee2f4953e9e66ff1d97c5c57a09b308c23e6d74368e,7764af9c02ec7a27ecffd149cb692c0fa442575cab18603c4717063fae9001f5
high,16,MOI,34,4,3531,2507,2507,966.8116830823424,0.38564486760364675,0.7099971679410931,0.8663191250842187,0,0.0,0,0.0,0,0.0,0.2612359550561798,5602.600992391617,0.0,0.0,3.6946911999984877,3.8701553999999305,b53317f25b5ae211367a80918596d2b509d1ff4c470b04c4f86e22ad82d33b90,ok,completed,design_expected_payment,r51-free-action-design-only-v1,966.8116830823424,7941.058670738163,0,0,0,23496,6138,2751157e1905b0b1f79d85004bf8e9c476772c898e43bfe8d4a914d9e24c5d53,1145892ab49a5b37e73f463f8c9827c75f3d628d1e8e964d0a3ffd04f8f0968d
high,16,PASI,34,4,3531,2507,2507,857.5139009667002,0.34204782647255694,0.7099971679410931,0.866473223635142,0,0.0,0,0.0,0,0.0,0.2612359550561798,5707.888197140382,0.0,0.0,3.7672008000008645,3.8972395999990113,b53317f25b5ae211367a80918596d2b509d1ff4c470b04c4f86e22ad82d33b90,ok,completed,design_expected_payment,r51-free-action-design-only-v1,857.5139009667002,7941.058670738163,0,0,0,23496,6138,2751157e1905b0b1f79d85004bf8e9c476772c898e43bfe8d4a914d9e24c5d53,1145892ab49a5b37e73f463f8c9827c75f3d628d1e8e964d0a3ffd04f8f0968d
high,16,QUAC-F,34,4,3531,2507,2507,236.99661610861253,0.09453395137958218,0.7099971679410931,0.87460900181271,0,0.0,0,0.0,0,0.0,0.2612359550561798,6230.707448108655,-0.44031202034393785,1.0,3.7736525000000256,3.888495299997885,b53317f25b5ae211367a80918596d2b509d1ff4c470b04c4f86e22ad82d33b90,ok,completed,design_expected_payment,r51-free-action-design-only-v1,236.99661610861253,7941.058670738163,0,0,0,23496,6138,2751157e1905b0b1f79d85004bf8e9c476772c898e43bfe8d4a914d9e24c5d53,1145892ab49a5b37e73f463f8c9827c75f3d628d1e8e964d0a3ffd04f8f0968d
high,17,MOI,34,4,3531,2510,2510,927.8394818511113,0.3696571640841081,0.7108467856131407,0.8691366392281269,0,0.0,0,0.0,0,0.0,0.26455566905005107,5572.470241215565,0.0,0.0,3.832104299999628,4.117107899997791,2617e8a94047f5b3ea66cd0e7a0ac8a81ca67ccb257dce112b22e810dc0f0970,ok,completed,design_expected_payment,r51-free-action-design-only-v1,927.8394818511113,7853.88571442252,0,0,0,23496,6216,e09c0cb7bf613f4d92e9b094dd3061dc9256083af3c6f7d97022567875ec36c2,111491579c8a1880ef7ee50c55c199732d2653cf3027f5d4446e4cef5da22cfa
high,17,PASI,34,4,3531,2510,2510,838.1924317070302,0.33394120785140646,0.7108467856131407,0.8695901468185189,0,0.0,0,0.0,0,0.0,0.26455566905005107,5656.829960450131,0.0,0.0,3.8282155000015337,4.119901599999139,2617e8a94047f5b3ea66cd0e7a0ac8a81ca67ccb257dce112b22e810dc0f0970,ok,completed,design_expected_payment,r51-free-action-design-only-v1,838.1924317070302,7853.88571442252,0,0,0,23496,6216,e09c0cb7bf613f4d92e9b094dd3061dc9256083af3c6f7d97022567875ec36c2,111491579c8a1880ef7ee50c55c199732d2653cf3027f5d4446e4cef5da22cfa
high,17,QUAC-F,34,4,3531,2510,2510,216.50750997224566,0.08625797210049628,0.7108467856131407,0.8765082041966258,0,0.0,0,0.0,0,0.0,0.26455566905005107,6190.939294727739,-0.42560414296504023,1.0,3.692214300001069,3.995895500000188,2617e8a94047f5b3ea66cd0e7a0ac8a81ca67ccb257dce112b22e810dc0f0970,ok,completed,design_expected_payment,r51-free-action-design-only-v1,216.50750997224566,7853.88571442252,0,0,0,23496,6216,e09c0cb7bf613f4d92e9b094dd3061dc9256083af3c6f7d97022567875ec36c2,111491579c8a1880ef7ee50c55c199732d2653cf3027f5d4446e4cef5da22cfa
high,18,MOI,34,4,3531,2532,2532,883.0282208553701,0.3487473226127054,0.7170773152081563,0.8682121256095577,0,0.0,0,0.0,0,0.0,0.2591504937010555,5757.413015088003,0.0,0.0,3.565601300000708,3.6697573000019474,b54af569468992963dee8195f0249d57405532b570526f24c223ae9da2a91cf1,ok,completed,design_expected_payment,r51-free-action-design-only-v1,883.0282208553701,7931.179658874222,0,0,0,23496,6089,b2164bc34f219a41bd28af541ef2b26af2810025778734f06f0cca51e19828e2,846de6ee0b5b0e4811ff15e25a38a01403dc5c48bb5403ad746a0bdad3487b1a
high,18,PASI,34,4,3531,2532,2532,766.5249099351245,0.3027349565304599,0.7170773152081563,0.8684786624285478,0,0.0,0,0.0,0,0.0,0.2591504937010555,5865.998272800496,0.0,0.0,3.7196681999994325,3.8419424000021536,b54af569468992963dee8195f0249d57405532b570526f24c223ae9da2a91cf1,ok,completed,design_expected_payment,r51-free-action-design-only-v1,766.5249099351245,7931.179658874222,0,0,0,23496,6089,b2164bc34f219a41bd28af541ef2b26af2810025778734f06f0cca51e19828e2,846de6ee0b5b0e4811ff15e25a38a01403dc5c48bb5403ad746a0bdad3487b1a
high,18,QUAC-F,34,4,3531,2532,2532,228.6277270744336,0.09029531085088215,0.7170773152081563,0.8749918067748538,0,0.0,0,0.0,0,0.0,0.2591504937010555,6312.6997612979485,-0.43357884892161885,1.0,3.502064500000415,3.61625020000065,b54af569468992963dee8195f0249d57405532b570526f24c223ae9da2a91cf1,ok,completed,design_expected_payment,r51-free-action-design-only-v1,228.6277270744336,7931.179658874222,0,0,0,23496,6089,b2164bc34f219a41bd28af541ef2b26af2810025778734f06f0cca51e19828e2,846de6ee0b5b0e4811ff15e25a38a01403dc5c48bb5403ad746a0bdad3487b1a
high,19,MOI,34,4,3531,2509,2509,846.541357990792,0.337401896369387,0.7105635797224582,0.8647203103489778,0,0.0,0,0.0,0,0.0,0.26425774599931906,5771.134639972475,0.0,0.0,3.6728861999981746,3.7779718000019784,7be76415aac0de8fd38df05545b6d5d059bdc4cf8b4f7404fa55c4d5f3f02cd1,ok,completed,design_expected_payment,r51-free-action-design-only-v1,846.541357990792,7952.171507757129,0,0,0,23496,6209,dbef863e669ee7f9568b8e04bc9cf6844fa03402e63e0d184a565bf06683fcc6,bae05f2a60f79c362c922699fd5ad01a9f713e1483d6526669b56a9c00039a02
high,19,PASI,34,4,3531,2509,2509,723.6413184862648,0.2884182217960402,0.7105635797224582,0.8651417837585021,0,0.0,0,0.0,0,0.0,0.26425774599931906,5883.709921539334,0.0,0.0,3.5607127000002947,3.6783292000000074,7be76415aac0de8fd38df05545b6d5d059bdc4cf8b4f7404fa55c4d5f3f02cd1,ok,completed,design_expected_payment,r51-free-action-design-only-v1,723.6413184862648,7952.171507757129,0,0,0,23496,6209,dbef863e669ee7f9568b8e04bc9cf6844fa03402e63e0d184a565bf06683fcc6,bae05f2a60f79c362c922699fd5ad01a9f713e1483d6526669b56a9c00039a02
high,19,QUAC-F,34,4,3531,2509,2509,219.64650275062348,0.0875434446993318,0.7105635797224582,0.8742164146065982,0,0.0,0,0.0,0,0.0,0.26425774599931906,6285.0398148503355,-0.42300701519345824,1.0,3.624427700000524,3.751791599999706,7be76415aac0de8fd38df05545b6d5d059bdc4cf8b4f7404fa55c4d5f3f02cd1,ok,completed,design_expected_payment,r51-free-action-design-only-v1,219.64650275062348,7952.171507757129,0,0,0,23496,6209,dbef863e669ee7f9568b8e04bc9cf6844fa03402e63e0d184a565bf06683fcc6,bae05f2a60f79c362c922699fd5ad01a9f713e1483d6526669b56a9c00039a02
high,20,MOI,34,4,3531,2486,2486,903.2913917592663,0.36335132411877163,0.7040498442367601,0.8685093137046472,0,0.0,0,0.0,0,0.0,0.26102315287708544,5621.4994267058355,1.617444036694464e-07,0.0,3.6457025000017893,3.7949431000015466,aee4fa82ef78318c1e66cc4c7b6c055a07d5c22a0956bcc6636a947b25c039b3,ok,completed,design_expected_payment,r51-free-action-design-only-v1,903.2913917592663,7956.4290565881365,0,0,0,23496,6133,34b6a1b2e592587dddba2e448ad5dfa4bb26d4bec6d4e018a4813244b3498783,0e22456f6ff4275f7f18db76ffc8dfc4257f8365545dc96f0ae107b44c8f3002
high,20,PASI,34,4,3531,2486,2486,788.8579653107292,0.3173201791274052,0.7040498442367601,0.8686838752663348,0,0.0,0,0.0,0,0.0,0.26102315287708544,5729.469985499767,0.0,0.0,3.652762800000346,3.7845511000014085,aee4fa82ef78318c1e66cc4c7b6c055a07d5c22a0956bcc6636a947b25c039b3,ok,completed,design_expected_payment,r51-free-action-design-only-v1,788.8579653107292,7956.4290565881365,0,0,0,23496,6133,34b6a1b2e592587dddba2e448ad5dfa4bb26d4bec6d4e018a4813244b3498783,0e22456f6ff4275f7f18db76ffc8dfc4257f8365545dc96f0ae107b44c8f3002
high,20,QUAC-F,34,4,3531,2486,2486,240.81310553835033,0.09686770134286014,0.7040498442367601,0.8770528919317901,0,0.0,0,0.0,0,0.0,0.26102315287708544,6186.959184126672,-0.4465275929299573,1.0,3.626427999999578,3.7351647000032244,aee4fa82ef78318c1e66cc4c7b6c055a07d5c22a0956bcc6636a947b25c039b3,ok,completed,design_expected_payment,r51-free-action-design-only-v1,240.81310553835033,7956.4290565881365,0,0,0,23496,6133,34b6a1b2e592587dddba2e448ad5dfa4bb26d4bec6d4e018a4813244b3498783,0e22456f6ff4275f7f18db76ffc8dfc4257f8365545dc96f0ae107b44c8f3002
high,21,MOI,34,4,3531,2509,2509,854.0340887205707,0.340388237832033,0.7105635797224582,0.8647454565626097,0,0.0,0,0.0,0,0.0,0.2634916581545795,5713.855992895457,0.0,0.0,3.743353900001239,3.87666050000189,d6f9fe5cba504bd774a11a04f7270894301a1d56f6df18ce1e29571defb01d7f,ok,completed,design_expected_payment,r51-free-action-design-only-v1,854.0340887205707,7910.357966945778,0,0,0,23496,6191,940b178c7b38e471cbb656ebd731152dde5e08e998c076ff334e990775a3472b,84973075fe06de05738439fd46f29ac4a04aa6c769c22a20c9258f41582aec21
high,21,PASI,34,4,3531,2509,2509,728.9453611061978,0.2905322284201665,0.7105635797224582,0.8650626013012367,0,0.0,0,0.0,0,0.0,0.2634916581545795,5832.01111383271,0.0,0.0,3.744767000000138,3.8529875999993237,d6f9fe5cba504bd774a11a04f7270894301a1d56f6df18ce1e29571defb01d7f,ok,completed,design_expected_payment,r51-free-action-design-only-v1,728.9453611061978,7910.357966945778,0,0,0,23496,6191,940b178c7b38e471cbb656ebd731152dde5e08e998c076ff334e990775a3472b,84973075fe06de05738439fd46f29ac4a04aa6c769c22a20c9258f41582aec21
high,21,QUAC-F,34,4,3531,2509,2509,224.1200924452345,0.0893264617159165,0.7105635797224582,0.874633074391246,0,0.0,0,0.0,0,0.0,0.2634916581545795,6224.592611156413,-0.41637099237578135,1.0,3.659690299999056,3.784555799997179,d6f9fe5cba504bd774a11a04f7270894301a1d56f6df18ce1e29571defb01d7f,ok,completed,design_expected_payment,r51-free-action-design-only-v1,224.1200924452345,7910.357966945778,0,0,0,23496,6191,940b178c7b38e471cbb656ebd731152dde5e08e998c076ff334e990775a3472b,84973075fe06de05738439fd46f29ac4a04aa6c769c22a20c9258f41582aec21
high,22,MOI,34,4,3531,2487,2487,931.9459090781368,0.3747269437386959,0.7043330501274426,0.8662359513173965,0,0.0,0,0.0,0,0.0,0.259618658495063,5593.642401975516,0.0,0.0,3.8254888000010396,4.114595399998507,eaddf94d0ec204ad704c73f3b7fc2451af0fd57266acb1ea7474cd27227964b7,ok,completed,design_expected_payment,r51-free-action-design-only-v1,931.9459090781368,7946.696385720679,0,0,0,23496,6100,ebc049bc3ed5762b2c1a5be3458dec329584f31240d81ca06af4d790e3beaaab,c1c7510192437d0cf2595e3014b423cd5135b6f0c2b23fe24d2f3c1ec6e967ff
high,22,PASI,34,4,3531,2487,2487,825.9420445209716,0.3321037573465909,0.7043330501274426,0.8664609874083457,0,0.0,0,0.0,0,0.0,0.259618658495063,5694.285604381339,0.0,0.0,3.9872809999978926,4.124300100000255,eaddf94d0ec204ad704c73f3b7fc2451af0fd57266acb1ea7474cd27227964b7,ok,completed,design_expected_payment,r51-free-action-design-only-v1,825.9420445209716,7946.696385720679,0,0,0,23496,6100,ebc049bc3ed5762b2c1a5be3458dec329584f31240d81ca06af4d790e3beaaab,c1c7510192437d0cf2595e3014b423cd5135b6f0c2b23fe24d2f3c1ec6e967ff
high,22,QUAC-F,34,4,3531,2487,2487,225.8921041196346,0.09082915324472642,0.7043330501274426,0.8753221424997379,0,0.0,0,0.0,0,0.0,0.259618658495063,6187.399563449875,-0.43645008679229874,1.0,3.771590799999103,4.037845500002732,eaddf94d0ec204ad704c73f3b7fc2451af0fd57266acb1ea7474cd27227964b7,ok,completed,design_expected_payment,r51-free-action-design-only-v1,225.8921041196346,7946.696385720679,0,0,0,23496,6100,ebc049bc3ed5762b2c1a5be3458dec329584f31240d81ca06af4d790e3beaaab,c1c7510192437d0cf2595e3014b423cd5135b6f0c2b23fe24d2f3c1ec6e967ff
high,23,MOI,34,4,3531,2468,2468,951.1393638243999,0.38538872116061584,0.6989521382044747,0.8641476904483893,0,0.0,0,0.0,0,0.0,0.2565543071161049,5546.744581697387,0.0,0.0,3.745560600000317,3.8509956000016246,59caa35927d2038c60004b21220d992ed66bd71d2281e7ee4fbb696ade318404,ok,completed,design_expected_payment,r51-free-action-design-only-v1,951.1393638243999,8037.4596738530945,0,0,0,23496,6028,d28ab22677248eb1ad0ab57f4e02a0ff68213b82a56fc9b0b34f2e9e57ed45a9,47e15a1278d7d96f3a1b08ae8f2684657f7b9018b3c1e998ee86a6917003b756
high,23,PASI,34,4,3531,2468,2468,849.7192689118771,0.34429467946186265,0.6989521382044747,0.8644191302236807,0,0.0,0,0.0,0,0.0,0.2565543071161049,5641.863707611678,0.0,0.0,3.833681500000239,4.123388099997101,59caa35927d2038c60004b21220d992ed66bd71d2281e7ee4fbb696ade318404,ok,completed,design_expected_payment,r51-free-action-design-only-v1,849.7192689118771,8037.4596738530945,0,0,0,23496,6028,d28ab22677248eb1ad0ab57f4e02a0ff68213b82a56fc9b0b34f2e9e57ed45a9,47e15a1278d7d96f3a1b08ae8f2684657f7b9018b3c1e998ee86a6917003b756
high,23,QUAC-F,34,4,3531,2468,2468,248.88500592095716,0.1008448160133538,0.6989521382044747,0.8726544746561629,0,0.0,0,0.0,0,0.0,0.2565543071161049,6157.246618849858,-0.4674085194543369,1.0,3.7016036999993958,3.8404115999983333,59caa35927d2038c60004b21220d992ed66bd71d2281e7ee4fbb696ade318404,ok,completed,design_expected_payment,r51-free-action-design-only-v1,248.88500592095716,8037.4596738530945,0,0,0,23496,6028,d28ab22677248eb1ad0ab57f4e02a0ff68213b82a56fc9b0b34f2e9e57ed45a9,47e15a1278d7d96f3a1b08ae8f2684657f7b9018b3c1e998ee86a6917003b756
high,24,MOI,34,4,3531,2489,2489,889.9063164052538,0.3575356835698087,0.7048994619088077,0.8658275272218285,0,0.0,0,0.0,0,0.0,0.263959822948587,5629.981070986329,0.0,0.0,3.8296895999992557,3.956516099999135,3afe6061efba1d85a69a36f0ac81093514b6b83aa628b83b25265b0bbf31ec92,ok,completed,design_expected_payment,r51-free-action-design-only-v1,889.9063164052538,7969.514666962631,0,0,0,23496,6202,7094662f329ba50eb687cdc22e50f25624d0f8e44dd6857a7288afdcf6187ab0,b25dc29e5965bf5715678df2813b109825d39b8746a88d088494e4588a800322
high,24,PASI,34,4,3531,2489,2489,753.0707621568665,0.30255956695735897,0.7048994619088077,0.8659955894718323,0,0.0,0,0.0,0,0.0,0.263959822948587,5762.192032315021,0.0,0.0,3.851198000000295,3.9762747999993735,3afe6061efba1d85a69a36f0ac81093514b6b83aa628b83b25265b0bbf31ec92,ok,completed,design_expected_payment,r51-free-action-design-only-v1,753.0707621568665,7969.514666962631,0,0,0,23496,6202,7094662f329ba50eb687cdc22e50f25624d0f8e44dd6857a7288afdcf6187ab0,b25dc29e5965bf5715678df2813b109825d39b8746a88d088494e4588a800322
high,24,QUAC-F,34,4,3531,2489,2489,234.62679380478158,0.0942654856588114,0.7048994619088077,0.8739698726166026,0,0.0,0,0.0,0,0.0,0.263959822948587,6179.464537659191,-0.4507553577971027,1.0,3.7737100000013015,3.879019200001494,3afe6061efba1d85a69a36f0ac81093514b6b83aa628b83b25265b0bbf31ec92,ok,completed,design_expected_payment,r51-free-action-design-only-v1,234.62679380478158,7969.514666962631,0,0,0,23496,6202,7094662f329ba50eb687cdc22e50f25624d0f8e44dd6857a7288afdcf6187ab0,b25dc29e5965bf5715678df2813b109825d39b8746a88d088494e4588a800322
high,25,MOI,34,4,3531,2515,2515,925.7776640299825,0.3681024509065537,0.7122628150665534,0.8664457027817224,0,0.0,0,0.0,0,0.0,0.26434286687095676,5665.194361928776,0.0,0.0,3.749993599998561,3.855460700000549,b71d68abf4c0847a14739c75bfa1ac326a9209bc951951e735a50439db3cfe2f,ok,completed,design_expected_payment,r51-free-action-design-only-v1,925.7776640299825,7940.50582846756,0,0,0,23496,6211,d34d66fcf1043b074a249930f85f8c49f6195cfedfa3cb58caab3d3f1b8cc21b,48c0d13b76b6db6f2f53606f68afe44dca2b146d76e5179fb848621744dfead3
high,25,PASI,34,4,3531,2515,2515,811.1402686445726,0.3225209815684185,0.7122628150665534,0.8668877647637548,0,0.0,0,0.0,0,0.0,0.26434286687095676,5772.751751492738,0.0,0.0,3.8186674999997194,3.934671700000763,b71d68abf4c0847a14739c75bfa1ac326a9209bc951951e735a50439db3cfe2f,ok,completed,design_expected_payment,r51-free-action-design-only-v1,811.1402686445726,7940.50582846756,0,0,0,23496,6211,d34d66fcf1043b074a249930f85f8c49f6195cfedfa3cb58caab3d3f1b8cc21b,48c0d13b76b6db6f2f53606f68afe44dca2b146d76e5179fb848621744dfead3
high,25,QUAC-F,34,4,3531,2515,2515,244.431007483514,0.09718926738907117,0.7122628150665534,0.8753061206591375,0,0.0,0,0.0,0,0.0,0.26434286687095676,6243.220645892508,-0.46834041574779417,1.0,3.6570228000018687,3.778385800000251,b71d68abf4c0847a14739c75bfa1ac326a9209bc951951e735a50439db3cfe2f,ok,completed,design_expected_payment,r51-free-action-design-only-v1,244.431007483514,7940.50582846756,0,0,0,23496,6211,d34d66fcf1043b074a249930f85f8c49f6195cfedfa3cb58caab3d3f1b8cc21b,48c0d13b76b6db6f2f53606f68afe44dca2b146d76e5179fb848621744dfead3
high,26,MOI,34,4,3531,2487,2487,870.8445260700973,0.3501586353317641,0.7043330501274426,0.8676508944740509,0,0.0,0,0.0,0,0.0,0.2647259107933265,5661.176829214485,0.0,0.0,3.7126957000000402,3.8346007999971334,620d6ff59fe08026f4b6726e1f85e6501acccd7840fcf3db834e6f87295bfbd6,ok,completed,design_expected_payment,r51-free-action-design-only-v1,870.8445260700973,7951.688366251775,0,0,0,23496,6220,4b076f89f78f349a7487f49ad4adc27f30202e18a5712cf89245e2a81d6d62b7,d9b2407d38a00e317302083be3648fbe55af73376badaab26bc8fb5b14a05a22
high,26,PASI,34,4,3531,2487,2487,717.4541380375285,0.28848176036892986,0.7043330501274426,0.8679541538304444,0,0.0,0,0.0,0,0.0,0.2647259107933265,5807.135619368831,0.0,0.0,3.676137499998731,3.7932975000003353,620d6ff59fe08026f4b6726e1f85e6501acccd7840fcf3db834e6f87295bfbd6,ok,completed,design_expected_payment,r51-free-action-design-only-v1,717.4541380375285,7951.688366251775,0,0,0,23496,6220,4b076f89f78f349a7487f49ad4adc27f30202e18a5712cf89245e2a81d6d62b7,d9b2407d38a00e317302083be3648fbe55af73376badaab26bc8fb5b14a05a22
high,26,QUAC-F,34,4,3531,2487,2487,239.4872471864756,0.0962956361827405,0.7043330501274426,0.8753748671144407,0,0.0,0,0.0,0,0.0,0.2647259107933265,6184.727481024605,-0.4569023363272226,1.0,3.6413289999982226,3.770668499997555,620d6ff59fe08026f4b6726e1f85e6501acccd7840fcf3db834e6f87295bfbd6,ok,completed,design_expected_payment,r51-free-action-design-only-v1,239.4872471864756,7951.688366251775,0,0,0,23496,6220,4b076f89f78f349a7487f49ad4adc27f30202e18a5712cf89245e2a81d6d62b7,d9b2407d38a00e317302083be3648fbe55af73376badaab26bc8fb5b14a05a22
high,27,MOI,34,4,3531,2466,2466,831.755393257522,0.33728929166971694,0.6983857264231096,0.8659535204098799,0,0.0,0,0.0,0,0.0,0.2651089547156963,5644.5928055748955,0.0,0.0,3.815228899999056,3.930151199998363,4957333f5636c24f66d156fb1f395f141d6a2c866336726f4354136ea378650c,ok,completed,design_expected_payment,r51-free-action-design-only-v1,831.755393257522,7962.275699197566,0,0,0,23496,6229,33eade8924cda5088e54eed14fc5e717890938024067ba9019b96972f7b11018,e9b7213e8389c3e4bfc1c12bc9b9904395c53b962ddbe395cdb909bc10ef7a51
high,27,PASI,34,4,3531,2466,2466,727.2979750111531,0.29493024128595013,0.6983857264231096,0.8662093675466089,0,0.0,0,0.0,0,0.0,0.2651089547156963,5743.913595495396,0.0,0.0,3.7308333000000857,3.874811600002431,4957333f5636c24f66d156fb1f395f141d6a2c866336726f4354136ea378650c,ok,completed,design_expected_payment,r51-free-action-design-only-v1,727.2979750111531,7962.275699197566,0,0,0,23496,6229,33eade8924cda5088e54eed14fc5e717890938024067ba9019b96972f7b11018,e9b7213e8389c3e4bfc1c12bc9b9904395c53b962ddbe395cdb909bc10ef7a51
high,27,QUAC-F,34,4,3531,2466,2466,211.45840198980204,0.08574955474039012,0.6983857264231096,0.8749186284971624,0,0.0,0,0.0,0,0.0,0.2651089547156963,6155.144165932827,-0.4058211978334608,1.0,3.709689100000105,3.8448036999980104,4957333f5636c24f66d156fb1f395f141d6a2c866336726f4354136ea378650c,ok,completed,design_expected_payment,r51-free-action-design-only-v1,211.45840198980204,7962.275699197566,0,0,0,23496,6229,33eade8924cda5088e54eed14fc5e717890938024067ba9019b96972f7b11018,e9b7213e8389c3e4bfc1c12bc9b9904395c53b962ddbe395cdb909bc10ef7a51
high,28,MOI,34,4,3531,2509,2509,949.5029702650614,0.3784388083957997,0.7105635797224582,0.8669560796434324,0,0.0,0,0.0,0,0.0,0.2613210759278175,5609.514666125084,0.0,0.0,3.7245784000006097,3.868480400000408,acea54f34902b1b94d733c22c6f7115566acafc9d66115b1c2574e9f7cb996c8,ok,completed,design_expected_payment,r51-free-action-design-only-v1,949.5029702650614,7925.339812965678,0,0,0,23496,6140,4ce9c508500db373a8390008137723292c93f69afe73fedbff88baaa2479b6fe,c7255449701eab63e631366c4ae8d8001e9f4944ce801be4804cfe022efec9f0
high,28,PASI,34,4,3531,2509,2509,849.3699736257515,0.3385292840278005,0.7105635797224582,0.8671960354659937,0,0.0,0,0.0,0,0.0,0.2613210759278175,5704.581716600223,0.0,0.0,3.7811995999982173,3.9185758999992686,acea54f34902b1b94d733c22c6f7115566acafc9d66115b1c2574e9f7cb996c8,ok,completed,design_expected_payment,r51-free-action-design-only-v1,849.3699736257515,7925.339812965678,0,0,0,23496,6140,4ce9c508500db373a8390008137723292c93f69afe73fedbff88baaa2479b6fe,c7255449701eab63e631366c4ae8d8001e9f4944ce801be4804cfe022efec9f0
high,28,QUAC-F,34,4,3531,2509,2509,237.19625781593007,0.09453816572974494,0.7105635797224582,0.8759535253995943,0,0.0,0,0.0,0,0.0,0.2613210759278175,6219.027827694255,-0.44320013534250596,1.0,3.686792399999831,3.796619600001577,acea54f34902b1b94d733c22c6f7115566acafc9d66115b1c2574e9f7cb996c8,ok,completed,design_expected_payment,r51-free-action-design-only-v1,237.19625781593007,7925.339812965678,0,0,0,23496,6140,4ce9c508500db373a8390008137723292c93f69afe73fedbff88baaa2479b6fe,c7255449701eab63e631366c4ae8d8001e9f4944ce801be4804cfe022efec9f0
high,29,MOI,34,4,3531,2468,2468,809.2588998233107,0.3279006887452636,0.6989521382044747,0.8650105996263407,0,0.0,0,0.0,0,0.0,0.25923561457269323,5690.503596753539,0.0,0.0,3.7406635000006645,3.8503044999997655,b0870b4527c87c1b1b34a12841f66f8aed82a1a31f211deaffdb8cb33ce4cd67,ok,completed,design_expected_payment,r51-free-action-design-only-v1,809.2588998233107,8007.269106103393,0,0,0,23496,6091,22ceac79aa23bc6c907e481f1c6edb7e29874091faf53714d72926e26ca216b6,63613ef3e51632a999eaa39606c2daee82205c8daa5cc0e1b8822fb706ffef23
high,29,PASI,34,4,3531,2468,2468,666.5051321423942,0.27005880556823103,0.6989521382044747,0.8655446332734248,0,0.0,0,0.0,0,0.0,0.25923561457269323,5824.018314309378,0.0,0.0,3.793962699997792,3.9072110000015527,b0870b4527c87c1b1b34a12841f66f8aed82a1a31f211deaffdb8cb33ce4cd67,ok,completed,design_expected_payment,r51-free-action-design-only-v1,666.5051321423942,8007.269106103393,0,0,0,23496,6091,22ceac79aa23bc6c907e481f1c6edb7e29874091faf53714d72926e26ca216b6,63613ef3e51632a999eaa39606c2daee82205c8daa5cc0e1b8822fb706ffef23
high,29,QUAC-F,34,4,3531,2468,2468,227.77648188602132,0.09229192945138627,0.6989521382044747,0.8737149206225517,0,0.0,0,0.0,0,0.0,0.25923561457269323,6163.638370742079,-0.4273902898839126,1.0,3.721187800001644,3.8390541000007943,b0870b4527c87c1b1b34a12841f66f8aed82a1a31f211deaffdb8cb33ce4cd67,ok,completed,design_expected_payment,r51-free-action-design-only-v1,227.77648188602132,8007.269106103393,0,0,0,23496,6091,22ceac79aa23bc6c907e481f1c6edb7e29874091faf53714d72926e26ca216b6,63613ef3e51632a999eaa39606c2daee82205c8daa5cc0e1b8822fb706ffef23
high,30,MOI,34,4,3531,2496,2496,851.8154820035447,0.34127222836680476,0.7068819031435853,0.8653466145136557,0,0.0,0,0.0,0,0.0,0.2654494382022472,5729.774425533493,0.0,0.0,3.50005020000026,3.68027809999694,e11d67a2d2885865bf0148dcd32b670eb66b602f09d541f4fb075fcce8cdf9cf,ok,completed,design_expected_payment,r51-free-action-design-only-v1,851.8154820035447,7983.183835215903,0,0,0,23496,6237,9f56fc1393a128afb02e083d417b3b79faae9b7e739de07c1bdc7da4740e30e1,689103ebecebffca0f39bae23265b8989bca998056e05efa312d065d9e356120
high,30,PASI,34,4,3531,2496,2496,733.2839202846885,0.2937836219089297,0.7068819031435853,0.8656517701402794,0,0.0,0,0.0,0,0.0,0.2654494382022472,5839.004349121701,0.0,0.0,3.632915400001366,3.7483171000021684,e11d67a2d2885865bf0148dcd32b670eb66b602f09d541f4fb075fcce8cdf9cf,ok,completed,design_expected_payment,r51-free-action-design-only-v1,733.2839202846885,7983.183835215903,0,0,0,23496,6237,9f56fc1393a128afb02e083d417b3b79faae9b7e739de07c1bdc7da4740e30e1,689103ebecebffca0f39bae23265b8989bca998056e05efa312d065d9e356120
high,30,QUAC-F,34,4,3531,2496,2496,235.19521400967827,0.09422885176669803,0.7068819031435853,0.8729708469726776,0,0.0,0,0.0,0,0.0,0.2654494382022472,6240.186583973233,-0.4246718573657379,1.0,3.3490175000006275,3.524020400000154,e11d67a2d2885865bf0148dcd32b670eb66b602f09d541f4fb075fcce8cdf9cf,ok,completed,design_expected_payment,r51-free-action-design-only-v1,235.19521400967827,7983.183835215903,0,0,0,23496,6237,9f56fc1393a128afb02e083d417b3b79faae9b7e739de07c1bdc7da4740e30e1,689103ebecebffca0f39bae23265b8989bca998056e05efa312d065d9e356120
low,1,MOI,34,4,1206,1030,1030,395.8163879418821,0.3842877552833807,0.8540630182421227,0.8656224482871911,0,0.0,0,0.0,0,0.0,0.2683541115728498,2351.1746788238825,0.0,0.0,3.2657337999989977,3.3852206000010483,9ebe8a32061fa87b6e9f642ced14ec259924e1d496a7d06ad2bd22fbac140804,ok,completed,design_expected_payment,r51-free-action-design-only-v1,395.8163879418821,2734.658035430244,0,0,0,7941,2131,a6853d1f6a46472be7c9ef37ac0c534128e38eeee9a4af6dc1215c753dd73e8b,242e57573b0fe3ca15dc2657faf8879e36a16dac65bed1101489f87f69541ba3
low,1,PASI,34,4,1206,1030,1030,346.40371344753,0.33631428490051457,0.8540630182421227,0.8656224482871911,0,0.0,0,0.0,0,0.0,0.2683541115728498,2400.5873533182344,0.0,0.0,3.2647020000003977,3.3852525999973295,9ebe8a32061fa87b6e9f642ced14ec259924e1d496a7d06ad2bd22fbac140804,ok,completed,design_expected_payment,r51-free-action-design-only-v1,346.40371344753,2734.658035430244,0,0,0,7941,2131,a6853d1f6a46472be7c9ef37ac0c534128e38eeee9a4af6dc1215c753dd73e8b,242e57573b0fe3ca15dc2657faf8879e36a16dac65bed1101489f87f69541ba3
low,1,QUAC-F,34,4,1206,1030,1030,104.52526794748863,0.10148084266746468,0.8540630182421227,0.8661881399941199,0,0.0,0,0.0,0,0.0,0.2683541115728498,2640.045246622263,-0.44501840561434175,1.0,3.1637785999992047,3.2819297999994888,9ebe8a32061fa87b6e9f642ced14ec259924e1d496a7d06ad2bd22fbac140804,ok,completed,design_expected_payment,r51-free-action-design-only-v1,104.52526794748863,2734.658035430244,0,0,0,7941,2131,a6853d1f6a46472be7c9ef37ac0c534128e38eeee9a4af6dc1215c753dd73e8b,242e57573b0fe3ca15dc2657faf8879e36a16dac65bed1101489f87f69541ba3
low,2,MOI,34,4,1206,1048,1048,325.9184422651269,0.310990880023976,0.8689883913764511,0.8681806617838826,0,0.0,0,0.0,0,0.0,0.26961339881627,2451.5609604673714,0.0,0.0,2.8686530999984825,2.966064299998834,a1a8c904d07f968440825cf311f71f229f70210cf63df498c26ebfdcb8b8d7d5,ok,completed,design_expected_payment,r51-free-action-design-only-v1,325.9184422651269,2704.113508357511,0,0,0,7941,2141,e7afb3295713137c70e759ced4d1be1c529b43d61136a24b4a4f1ea81f67b788,14850216134a4c903cb7e89b0e989fbe3ebcfa06d9652abe22c7704e83a4244c
low,2,PASI,34,4,1206,1048,1048,277.3160284964276,0.2646145310080416,0.8689883913764511,0.8682882385772995,0,0.0,0,0.0,0,0.0,0.26961339881627,2499.8007544652896,0.0,0.0,3.360042500000418,3.489223000000493,a1a8c904d07f968440825cf311f71f229f70210cf63df498c26ebfdcb8b8d7d5,ok,completed,design_expected_payment,r51-free-action-design-only-v1,277.3160284964276,2704.113508357511,0,0,0,7941,2141,e7afb3295713137c70e759ced4d1be1c529b43d61136a24b4a4f1ea81f67b788,14850216134a4c903cb7e89b0e989fbe3ebcfa06d9652abe22c7704e83a4244c
low,2,QUAC-F,34,4,1206,1048,1048,89.99494020206787,0.0858730345439579,0.8689883913764511,0.869115543435979,0,0.0,0,0.0,0,0.0,0.26961339881627,2682.0552622766336,-0.37592196322112714,1.0,2.814406500001496,2.906409999999596,a1a8c904d07f968440825cf311f71f229f70210cf63df498c26ebfdcb8b8d7d5,ok,completed,design_expected_payment,r51-free-action-design-only-v1,89.99494020206787,2704.113508357511,0,0,0,7941,2141,e7afb3295713137c70e759ced4d1be1c529b43d61136a24b4a4f1ea81f67b788,14850216134a4c903cb7e89b0e989fbe3ebcfa06d9652abe22c7704e83a4244c
low,3,MOI,34,4,1206,1028,1028,375.98051176892193,0.36573979744058555,0.8524046434494196,0.8665664758292637,0,0.0,0,0.0,0,0.0,0.2630651051504848,2352.2989710862166,0.0,0.0,2.8418395000007877,2.957218899999134,ffc657054191e19660985de1d7891d6aabc7d222d42470141716511aa958629b,ok,completed,design_expected_payment,r51-free-action-design-only-v1,375.98051176892193,2715.1953963497517,0,0,0,7941,2089,6e6ffca284f94f477304cb0337f85cbd41dc716c490254a0fa9f3b509c77d831,27a0b8c990daf661403126d022ea34d8e03d51b8f420b64aff264c1dc687112f
low,3,PASI,34,4,1206,1028,1028,346.64858620421313,0.3372067959184953,0.8524046434494196,0.8665664758292637,0,0.0,0,0.0,0,0.0,0.2630651051504848,2381.6308966509255,0.0,0.0,2.905049600001803,3.003839600001811,ffc657054191e19660985de1d7891d6aabc7d222d42470141716511aa958629b,ok,completed,design_expected_payment,r51-free-action-design-only-v1,346.64858620421313,2715.1953963497517,0,0,0,7941,2089,6e6ffca284f94f477304cb0337f85cbd41dc716c490254a0fa9f3b509c77d831,27a0b8c990daf661403126d022ea34d8e03d51b8f420b64aff264c1dc687112f
low,3,QUAC-F,34,4,1206,1028,1028,96.16589437747747,0.09354658986135941,0.8524046434494196,0.8674993601694638,0,0.0,0,0.0,0,0.0,0.2630651051504848,2626.4922378648835,-0.3981391123660231,1.0,2.931118000000424,3.032734899999923,ffc657054191e19660985de1d7891d6aabc7d222d42470141716511aa958629b,ok,completed,design_expected_payment,r51-free-action-design-only-v1,96.16589437747747,2715.1953963497517,0,0,0,7941,2089,6e6ffca284f94f477304cb0337f85cbd41dc716c490254a0fa9f3b509c77d831,27a0b8c990daf661403126d022ea34d8e03d51b8f420b64aff264c1dc687112f
low,4,MOI,34,4,1206,1047,1047,374.2862204559808,0.3574844512473551,0.8681592039800995,0.8665962415609105,0,0.0,0,0.0,0,0.0,0.26772446795113963,2409.3824845788413,0.0,0.0,2.955122899998969,3.088437400001567,28dbf9d84f21819e7b8e9eaba65e961b017514e07534025ecb9620333e050275,ok,completed,design_expected_payment,r51-free-action-design-only-v1,374.2862204559808,2713.5920405532497,0,0,0,7941,2126,b479d924483e1b20a309785a611e582afabec5a7decd37ecdaac82a22d643fb3,b021eca3d3e43764e7868814258e16bc8e4a2b9695328986a1bbe32a8ab5a3df
low,4,PASI,34,4,1206,1047,1047,330.5321265257103,0.3156944856979086,0.8681592039800995,0.8666222716875427,0,0.0,0,0.0,0,0.0,0.26772446795113963,2453.3344719620654,0.0,0.0,2.9378290999993624,3.050773200000549,28dbf9d84f21819e7b8e9eaba65e961b017514e07534025ecb9620333e050275,ok,completed,design_expected_payment,r51-free-action-design-only-v1,330.5321265257103,2713.5920405532497,0,0,0,7941,2126,b479d924483e1b20a309785a611e582afabec5a7decd37ecdaac82a22d643fb3,b021eca3d3e43764e7868814258e16bc8e4a2b9695328986a1bbe32a8ab5a3df
low,4,QUAC-F,34,4,1206,1047,1047,103.58326586752327,0.09893339624405278,0.8681592039800995,0.8683797825132467,0,0.0,0,0.0,0,0.0,0.26772446795113963,2673.222308603681,-0.4354479092005494,1.0,2.8810922000011487,3.005037499999162,28dbf9d84f21819e7b8e9eaba65e961b017514e07534025ecb9620333e050275,ok,completed,design_expected_payment,r51-free-action-design-only-v1,103.58326586752327,2713.5920405532497,0,0,0,7941,2126,b479d924483e1b20a309785a611e582afabec5a7decd37ecdaac82a22d643fb3,b021eca3d3e43764e7868814258e16bc8e4a2b9695328986a1bbe32a8ab5a3df
low,5,MOI,34,4,1206,1034,1034,356.7149443778718,0.3449854394370134,0.857379767827529,0.8648972518820298,0,0.0,0,0.0,0,0.0,0.2546278806195693,2429.468074191637,0.0,0.0,2.962425499998062,3.075114499999472,1d51329fffc04158992de380f98871b0afd5bb0cd2c01afff8fa130132f3b9b5,ok,completed,design_expected_payment,r51-free-action-design-only-v1,356.7149443778718,2748.195799077839,0,0,0,7941,2022,5835ae3525d94e6b2905e151656d3fc4f01a68a364a90e09c2d74fba6ffda3c0,ff621b425b51dec009a5ae0244fb715d6450ca0ab8e2939203cc5608aa1441da
low,5,PASI,34,4,1206,1034,1034,300.4045564211293,0.29052665031056996,0.857379767827529,0.8648972518820298,0,0.0,0,0.0,0,0.0,0.2546278806195693,2485.778462148379,0.0,0.0,2.979660100001638,3.088815600000089,1d51329fffc04158992de380f98871b0afd5bb0cd2c01afff8fa130132f3b9b5,ok,completed,design_expected_payment,r51-free-action-design-only-v1,300.4045564211293,2748.195799077839,0,0,0,7941,2022,5835ae3525d94e6b2905e151656d3fc4f01a68a364a90e09c2d74fba6ffda3c0,ff621b425b51dec009a5ae0244fb715d6450ca0ab8e2939203cc5608aa1441da
low,5,QUAC-F,34,4,1206,1034,1034,101.90521567198384,0.09855436718760525,0.857379767827529,0.8658774557646944,0,0.0,0,0.0,0,0.0,0.2546278806195693,2679.095250342766,-0.4393104074883827,1.0,2.871707800000877,2.9857288999992306,1d51329fffc04158992de380f98871b0afd5bb0cd2c01afff8fa130132f3b9b5,ok,completed,design_expected_payment,r51-free-action-design-only-v1,101.90521567198384,2748.195799077839,0,0,0,7941,2022,5835ae3525d94e6b2905e151656d3fc4f01a68a364a90e09c2d74fba6ffda3c0,ff621b425b51dec009a5ae0244fb715d6450ca0ab8e2939203cc5608aa1441da
low,6,MOI,34,4,1206,1036,1036,336.4760131237281,0.324783796451475,0.8590381426202321,0.8667908872963105,0,0.0,0,0.0,0,0.0,0.25827981362548796,2415.0936905965227,0.0,0.0,2.992013400002179,3.1717626999998174,07bee5ed8ed8632f38aa923c75e1523705d0a00e48d446f2cbbd602273a666ff,ok,completed,design_expected_payment,r51-free-action-design-only-v1,336.4760131237281,2719.0544872195833,0,0,0,7941,2051,f00beec923e5881e89555edc23bc5ed65e1ab571fcb71554186a85292825d71a,c35e646cf1fe5749f4c185b7cdd139bd7864cd9d44a2c9e0fce0db1b03664351
low,6,PASI,34,4,1206,1036,1036,284.16651728227663,0.2742920050987226,0.8590381426202321,0.8667908872963105,0,0.0,0,0.0,0,0.0,0.25827981362548796,2467.403186437974,0.0,0.0,2.976472400001512,3.093300000000454,07bee5ed8ed8632f38aa923c75e1523705d0a00e48d446f2cbbd602273a666ff,ok,completed,design_expected_payment,r51-free-action-design-only-v1,284.16651728227663,2719.0544872195833,0,0,0,7941,2051,f00beec923e5881e89555edc23bc5ed65e1ab571fcb71554186a85292825d71a,c35e646cf1fe5749f4c185b7cdd139bd7864cd9d44a2c9e0fce0db1b03664351
low,6,QUAC-F,34,4,1206,1036,1036,100.11688324478662,0.09663791818994848,0.8590381426202321,0.8672937480453092,0,0.0,0,0.0,0,0.0,0.25827981362548796,2646.2845679414295,-0.41831598339935727,1.0,2.9277717000004486,3.1119780000008177,07bee5ed8ed8632f38aa923c75e1523705d0a00e48d446f2cbbd602273a666ff,ok,completed,design_expected_payment,r51-free-action-design-only-v1,100.11688324478662,2719.0544872195833,0,0,0,7941,2051,f00beec923e5881e89555edc23bc5ed65e1ab571fcb71554186a85292825d71a,c35e646cf1fe5749f4c185b7cdd139bd7864cd9d44a2c9e0fce0db1b03664351
low,7,MOI,34,4,1206,1015,1015,288.09714742704466,0.2838395541153149,0.8416252072968491,0.8673609522993814,0,0.0,0,0.0,0,0.0,0.2591613146958821,2418.3789625295135,0.0,0.0,3.020383499999298,3.238075500001287,98577330df2522137494bde93dd10667232fba9ad62e0fbd32f71065d221ad6a,ok,completed,design_expected_payment,r51-free-action-design-only-v1,288.09714742704466,2715.999572620158,0,0,0,7941,2058,699e16a61a72d6f6677c88dc92cd28e4eea46af6652088b2c45b39ce3fa488c6,cdc09a09c8cfc0f111ee088502741fb67260c8555f895f9c17a4781438193bec
low,7,PASI,34,4,1206,1015,1015,243.91074895621915,0.24030615660711246,0.8416252072968491,0.8675937657212969,0,0.0,0,0.0,0,0.0,0.2591613146958821,2461.578057997899,0.0,0.0,3.0267182999996294,3.1947197999979835,98577330df2522137494bde93dd10667232fba9ad62e0fbd32f71065d221ad6a,ok,completed,design_expected_payment,r51-free-action-design-only-v1,243.91074895621915,2715.999572620158,0,0,0,7941,2058,699e16a61a72d6f6677c88dc92cd28e4eea46af6652088b2c45b39ce3fa488c6,cdc09a09c8cfc0f111ee088502741fb67260c8555f895f9c17a4781438193bec
low,7,QUAC-F,34,4,1206,1015,1015,89.64149280679534,0.08831674168157176,0.8416252072968491,0.8684013774523442,0,0.0,0,0.0,0,0.0,0.2591613146958821,2610.21158385511,-0.3934313977012812,1.0,2.8765216000028886,2.9894022999978915,98577330df2522137494bde93dd10667232fba9ad62e0fbd32f71065d221ad6a,ok,completed,design_expected_payment,r51-free-action-design-only-v1,89.64149280679534,2715.999572620158,0,0,0,7941,2058,699e16a61a72d6f6677c88dc92cd28e4eea46af6652088b2c45b39ce3fa488c6,cdc09a09c8cfc0f111ee088502741fb67260c8555f895f9c17a4781438193bec
low,8,MOI,34,4,1206,1026,1026,359.2693831606893,0.3501650907998921,0.8507462686567164,0.8694831995251525,0,0.0,0,0.0,0,0.0,0.25865759979851405,2371.518440001333,0.0,0.0,2.9218915999990713,3.03355670000019,53ac43e1f6d2f7d2c95113c89266efe7a90a8edeaf6f46c5f7d01b9422ba9402,ok,completed,design_expected_payment,r51-free-action-design-only-v1,359.2693831606893,2724.2177698089763,0,0,0,7941,2054,9339345ab1e47990db2ed9dddddcaaafac158be442d6520f9b1ea59107378204,ad11bef012b36df2f386a1f0a77e263ce64480a05ebdd80485368262abcafc67
low,8,PASI,34,4,1206,1026,1026,307.30840759659463,0.2995208651038934,0.8507462686567164,0.8696810457739644,0,0.0,0,0.0,0,0.0,0.25865759979851405,2422.2552794771855,0.0,0.0,2.99343349999981,3.1138301999999385,53ac43e1f6d2f7d2c95113c89266efe7a90a8edeaf6f46c5f7d01b9422ba9402,ok,completed,design_expected_payment,r51-free-action-design-only-v1,307.30840759659463,2724.2177698089763,0,0,0,7941,2054,9339345ab1e47990db2ed9dddddcaaafac158be442d6520f9b1ea59107378204,ad11bef012b36df2f386a1f0a77e263ce64480a05ebdd80485368262abcafc67
low,8,QUAC-F,34,4,1206,1026,1026,101.34049422343932,0.09877241152382,0.8507462686567164,0.8700471298799791,0,0.0,0,0.0,0,0.0,0.25865759979851405,2628.018453748961,-0.4264675679566194,1.0,2.8606533000020136,2.979927000000316,53ac43e1f6d2f7d2c95113c89266efe7a90a8edeaf6f46c5f7d01b9422ba9402,ok,completed,design_expected_payment,r51-free-action-design-only-v1,101.34049422343932,2724.2177698089763,0,0,0,7941,2054,9339345ab1e47990db2ed9dddddcaaafac158be442d6520f9b1ea59107378204,ad11bef012b36df2f386a1f0a77e263ce64480a05ebdd80485368262abcafc67
low,9,MOI,34,4,1206,1031,1031,398.18681692485654,0.3862141774246911,0.8548922056384743,0.8693331233757919,0,0.0,0,0.0,0,0.0,0.2545019518952273,2372.2489035935423,0.0,0.0,3.0416417000014917,3.2118372000004456,1ebff484bcc6cdd2c4ecb6816adc73d0ca0acaec543902ae0e0310f14fb2f596,ok,completed,design_expected_payment,r51-free-action-design-only-v1,398.18681692485654,2743.6561266083854,0,0,0,7941,2021,c36553b74fabe50e893eada5c8015d30900e08b71a488c7ec88c4eec579e7327,ef309be7565e8deff0aa4b39040ad791077c92458259d1f85910c30da850fe23
low,9,PASI,34,4,1206,1031,1031,337.77057854390955,0.3276145281706203,0.8548922056384743,0.8693331233757919,0,0.0,0,0.0,0,0.0,0.2545019518952273,2432.6651419744894,0.0,0.0,3.0689633000001777,3.242881499998475,1ebff484bcc6cdd2c4ecb6816adc73d0ca0acaec543902ae0e0310f14fb2f596,ok,completed,design_expected_payment,r51-free-action-design-only-v1,337.77057854390955,2743.6561266083854,0,0,0,7941,2021,c36553b74fabe50e893eada5c8015d30900e08b71a488c7ec88c4eec579e7327,ef309be7565e8deff0aa4b39040ad791077c92458259d1f85910c30da850fe23
low,9,QUAC-F,34,4,1206,1031,1031,107.25855462623744,0.10403351564135542,0.8548922056384743,0.8704828754736601,0,0.0,0,0.0,0,0.0,0.2545019518952273,2660.867850251245,-0.44752455230830596,1.0,2.9802780999998504,3.1564165000017965,1ebff484bcc6cdd2c4ecb6816adc73d0ca0acaec543902ae0e0310f14fb2f596,ok,completed,design_expected_payment,r51-free-action-design-only-v1,107.25855462623744,2743.6561266083854,0,0,0,7941,2021,c36553b74fabe50e893eada5c8015d30900e08b71a488c7ec88c4eec579e7327,ef309be7565e8deff0aa4b39040ad791077c92458259d1f85910c30da850fe23
low,10,MOI,34,4,1206,1044,1044,321.95752020652924,0.3083884293165989,0.8656716417910447,0.8675796706309069,0,0.0,0,0.0,0,0.0,0.2692356126432439,2471.0043521658035,0.0,0.0,3.010612399997626,3.108452299999044,9bb0194e1416ea5c29ac249ccb5d6a028313c5207f7ece21815a21f734e5aa75,ok,completed,design_expected_payment,r51-free-action-design-only-v1,321.95752020652924,2724.7695189389447,0,0,0,7941,2138,b1566d8773caa1272e7a3faaccae636bc93471ce160ad6a4772832b0f691333d,5333be288330d1da0665f901263443c661471a446711dd4ef6ce81dd0653aebe
low,10,PASI,34,4,1206,1044,1044,276.25294321237266,0.2646100988624259,0.8656716417910447,0.8675796706309069,0,0.0,0,0.0,0,0.0,0.2692356126432439,2516.7089291599605,0.0,0.0,3.0978060999987065,3.2390608999994583,9bb0194e1416ea5c29ac249ccb5d6a028313c5207f7ece21815a21f734e5aa75,ok,completed,design_expected_payment,r51-free-action-design-only-v1,276.25294321237266,2724.7695189389447,0,0,0,7941,2138,b1566d8773caa1272e7a3faaccae636bc93471ce160ad6a4772832b0f691333d,5333be288330d1da0665f901263443c661471a446711dd4ef6ce81dd0653aebe
low,10,QUAC-F,34,4,1206,1044,1044,97.6241712683372,0.09350974259419272,0.8656716417910447,0.8679367506202832,0,0.0,0,0.0,0,0.0,0.2692356126432439,2692.1027369312897,-0.4073755657789496,1.0,2.9747835000016494,3.0758095999990474,9bb0194e1416ea5c29ac249ccb5d6a028313c5207f7ece21815a21f734e5aa75,ok,completed,design_expected_payment,r51-free-action-design-only-v1,97.6241712683372,2724.7695189389447,0,0,0,7941,2138,b1566d8773caa1272e7a3faaccae636bc93471ce160ad6a4772832b0f691333d,5333be288330d1da0665f901263443c661471a446711dd4ef6ce81dd0653aebe
low,11,MOI,34,4,1206,1064,1064,355.74799450315686,0.33434961889394443,0.8822553897180763,0.8659360344830346,0,0.0,0,0.0,0,0.0,0.26822818284850775,2490.4485778564967,0.0,0.0,3.017565599999216,3.123850300002232,05b981fc780e867b364cd321df8324bbc10374fc7e30a3e7475962bc6c68c663,ok,completed,design_expected_payment,r51-free-action-design-only-v1,355.7479945031568,2716.4464151854863,0,0,0,7941,2130,cc02af2e2bb6426cfeff528b491c45c127c32215f70a21d8da466768a8e46f2d,062369d2f14b64807266a9802c7a41d031ab23faf2d6bde15482fffb212325d8
low,11,PASI,34,4,1206,1064,1064,316.7888499862844,0.29773388156605674,0.8822553897180763,0.8659360344830346,0,0.0,0,0.0,0,0.0,0.26822818284850775,2529.4077223733693,0.0,0.0,3.06570119999742,3.1664118000007875,05b981fc780e867b364cd321df8324bbc10374fc7e30a3e7475962bc6c68c663,ok,completed,design_expected_payment,r51-free-action-design-only-v1,316.7888499862844,2716.4464151854863,0,0,0,7941,2130,cc02af2e2bb6426cfeff528b491c45c127c32215f70a21d8da466768a8e46f2d,062369d2f14b64807266a9802c7a41d031ab23faf2d6bde15482fffb212325d8
low,11,QUAC-F,34,4,1206,1064,1064,106.48819835148038,0.10008289318748156,0.8822553897180763,0.8664939809265315,0,0.0,0,0.0,0,0.0,0.26822818284850775,2736.0396012032525,-0.4276793737838749,1.0,2.886280799997621,3.047823100001551,05b981fc780e867b364cd321df8324bbc10374fc7e30a3e7475962bc6c68c663,ok,completed,design_expected_payment,r51-free-action-design-only-v1,106.48819835148038,2716.4464151854863,0,0,0,7941,2130,cc02af2e2bb6426cfeff528b491c45c127c32215f70a21d8da466768a8e46f2d,062369d2f14b64807266a9802c7a41d031ab23faf2d6bde15482fffb212325d8
low,12,MOI,34,4,1206,1031,1031,362.4455962809238,0.3515476200590919,0.8548922056384743,0.8684977576344275,0,0.0,0,0.0,0,0.0,0.25840574234983,2372.3490210397367,0.0,0.0,2.954700199999934,3.1208642999990843,d02c3614d6b0fe2d8023157d99626f952ac2524625de96856a28f82c4310c9bf,ok,completed,design_expected_payment,r51-free-action-design-only-v1,362.4455962809238,2704.147621580285,0,0,0,7941,2052,b3e616973691a20ad50148e357c83c2c13ee42300521e13a8a5171ae61e733fb,5ae38e42b2a79b844f8bf4d2af597ed04733766ad629eafd55ab67b25b5e2a3c
low,12,PASI,34,4,1206,1031,1031,317.42535187665163,0.30788103964757674,0.8548922056384743,0.8687370392266118,0,0.0,0,0.0,0,0.0,0.25840574234983,2415.623936173173,0.0,0.0,2.956480400000146,3.130090200000268,d02c3614d6b0fe2d8023157d99626f952ac2524625de96856a28f82c4310c9bf,ok,completed,design_expected_payment,r51-free-action-design-only-v1,317.42535187665163,2704.147621580285,0,0,0,7941,2052,b3e616973691a20ad50148e357c83c2c13ee42300521e13a8a5171ae61e733fb,5ae38e42b2a79b844f8bf4d2af597ed04733766ad629eafd55ab67b25b5e2a3c
low,12,QUAC-F,34,4,1206,1031,1031,99.29449769191949,0.09630892113668234,0.8548922056384743,0.8693614633205576,0,0.0,0,0.0,0,0.0,0.25840574234983,2631.854475061021,-0.42957022075426393,1.0,2.8853030999998737,3.039053899999999,d02c3614d6b0fe2d8023157d99626f952ac2524625de96856a28f82c4310c9bf,ok,completed,design_expected_payment,r51-free-action-design-only-v1,99.29449769191949,2704.147621580285,0,0,0,7941,2052,b3e616973691a20ad50148e357c83c2c13ee42300521e13a8a5171ae61e733fb,5ae38e42b2a79b844f8bf4d2af597ed04733766ad629eafd55ab67b25b5e2a3c
low,13,MOI,34,4,1206,1034,1034,421.62379748436086,0.4077599588823606,0.857379767827529,0.8677530056070564,0,0.0,0,0.0,0,0.0,0.2634428913235109,2338.1411185930924,0.0,0.0,3.1578454000009515,3.303263400001015,f4a4f94daa8e243e14a3e5bb54072e8bae8ba3218274d6039f924e70bed12648,ok,completed,design_expected_payment,r51-free-action-design-only-v1,421.62379748436086,2720.380204597268,0,0,0,7941,2092,47ec31a3baa6774d0a5cab780bfcfbcc238172c20d5a3d7ebae8cc3c2db228b3,379f2e4abc2c94c6cea861c67ac22cf2a9062ab861230dbe0526a491030d7a26
low,13,PASI,34,4,1206,1034,1034,382.3592440451263,0.3697865029449964,0.857379767827529,0.8677530056070564,0,0.0,0,0.0,0,0.0,0.2634428913235109,2377.405672032327,0.0,0.0,3.109825700001238,3.2434413000009954,f4a4f94daa8e243e14a3e5bb54072e8bae8ba3218274d6039f924e70bed12648,ok,completed,design_expected_payment,r51-free-action-design-only-v1,382.3592440451263,2720.380204597268,0,0,0,7941,2092,47ec31a3baa6774d0a5cab780bfcfbcc238172c20d5a3d7ebae8cc3c2db228b3,379f2e4abc2c94c6cea861c67ac22cf2a9062ab861230dbe0526a491030d7a26
low,13,QUAC-F,34,4,1206,1034,1034,97.7913487895257,0.09457577252371925,0.857379767827529,0.8688836962363596,0,0.0,0,0.0,0,0.0,0.2634428913235109,2655.7554166543277,-0.4352294482902049,1.0,3.0634420000023965,3.2137590999991517,f4a4f94daa8e243e14a3e5bb54072e8bae8ba3218274d6039f924e70bed12648,ok,completed,design_expected_payment,r51-free-action-design-only-v1,97.7913487895257,2720.380204597268,0,0,0,7941,2092,47ec31a3baa6774d0a5cab780bfcfbcc238172c20d5a3d7ebae8cc3c2db228b3,379f2e4abc2c94c6cea861c67ac22cf2a9062ab861230dbe0526a491030d7a26
low,14,MOI,34,4,1206,1046,1046,329.67989950802166,0.3151815482868276,0.867330016583748,0.867391485714024,0,0.0,0,0.0,0,0.0,0.2668429668807455,2437.3735525897464,0.0,0.0,3.3979440000002796,3.519639100002678,3f8955d26bdc062a518bba002f558d12604997403fc1c38af68011d3b5051a80,ok,completed,design_expected_payment,r51-free-action-design-only-v1,329.67989950802166,2697.6932355125423,0,0,0,7941,2119,273d06514a9b3f90b2aec29bb581b1e570ea0f213632d0a08780fd1cd8d47605,5a0f9c6dddd0da89bf8b005295aa64f836a7a4c6ff38660a93adbe4322c5a17e
low,14,PASI,34,4,1206,1046,1046,291.4038300989371,0.27858874770452874,0.867330016583748,0.867391485714024,0,0.0,0,0.0,0,0.0,0.2668429668807455,2475.649621998831,0.0,0.0,3.1725007999993977,3.3064063000019814,3f8955d26bdc062a518bba002f558d12604997403fc1c38af68011d3b5051a80,ok,completed,design_expected_payment,r51-free-action-design-only-v1,291.4038300989371,2697.6932355125423,0,0,0,7941,2119,273d06514a9b3f90b2aec29bb581b1e570ea0f213632d0a08780fd1cd8d47605,5a0f9c6dddd0da89bf8b005295aa64f836a7a4c6ff38660a93adbe4322c5a17e
low,14,QUAC-F,34,4,1206,1046,1046,89.41730530265846,0.0854849955092337,0.867330016583748,0.8682040785481667,0,0.0,0,0.0,0,0.0,0.2668429668807455,2674.179800168815,-0.362962518901546,1.0,3.333840600000258,3.447269000000233,3f8955d26bdc062a518bba002f558d12604997403fc1c38af68011d3b5051a80,ok,completed,design_expected_payment,r51-free-action-design-only-v1,89.41730530265846,2697.6932355125423,0,0,0,7941,2119,273d06514a9b3f90b2aec29bb581b1e570ea0f213632d0a08780fd1cd8d47605,5a0f9c6dddd0da89bf8b005295aa64f836a7a4c6ff38660a93adbe4322c5a17e
low,15,MOI,34,4,1206,1024,1024,402.9111505072357,0.39346792041722234,0.8490878938640133,0.8636805374837198,0,0.0,0,0.0,0,0.0,0.26281324770180076,2358.695721761551,0.0,0.0,3.3733327000009012,3.496135299999878,e3eeb219c76966c069b7cdd46ec5468ddde04f91ccd13aa64debc3c9fcd2e978,ok,completed,design_expected_payment,r51-free-action-design-only-v1,402.9111505072357,2752.0186841048344,0,0,0,7941,2087,7466ff4027628ca2ff41d77c939c50a439e7ad6afef83404232a1f1b6b83e714,85e83b920b896d754441d0ae73810ef48c6287c1b034fac064cb3b6377c8c70c
low,15,PASI,34,4,1206,1024,1024,369.40547084731264,0.36074753012432875,0.8490878938640133,0.8636846150351511,0,0.0,0,0.0,0,0.0,0.26281324770180076,2391.657931859471,0.0,0.0,3.390249899999617,3.5040503999989596,e3eeb219c76966c069b7cdd46ec5468ddde04f91ccd13aa64debc3c9fcd2e978,ok,completed,design_expected_payment,r51-free-action-design-only-v1,369.40547084731264,2752.0186841048344,0,0,0,7941,2087,7466ff4027628ca2ff41d77c939c50a439e7ad6afef83404232a1f1b6b83e714,85e83b920b896d754441d0ae73810ef48c6287c1b034fac064cb3b6377c8c70c
low,15,QUAC-F,34,4,1206,1024,1024,99.21348819762584,0.09688817206799398,0.8490878938640133,0.8648885470059193,0,0.0,0,0.0,0,0.0,0.26281324770180076,2655.3209005217277,-0.42718055906600827,1.0,2.960266900001443,3.0606974000002083,e3eeb219c76966c069b7cdd46ec5468ddde04f91ccd13aa64debc3c9fcd2e978,ok,completed,design_expected_payment,r51-free-action-design-only-v1,99.21348819762584,2752.0186841048344,0,0,0,7941,2087,7466ff4027628ca2ff41d77c939c50a439e7ad6afef83404232a1f1b6b83e714,85e83b920b896d754441d0ae73810ef48c6287c1b034fac064cb3b6377c8c70c
low,16,MOI,34,4,1206,1035,1035,370.23100602596537,0.3577111169332999,0.8582089552238806,0.864625793021604,0,0.0,0,0.0,0,0.0,0.2664651807077194,2386.983669168715,0.0,0.0,2.962354299997969,3.0602810999989742,f815a18a0a1ec54f512fc6cd729030f3638e94fed03c889c4f4beae5146ba740,ok,completed,design_expected_payment,r51-free-action-design-only-v1,370.23100602596537,2720.57903669417,0,0,0,7941,2116,43304cc7e0d9abf60ba8f993787707fd658b8d9226a32f226ec85a0588c8c75a,a91976b0324e0d6560404d587e1de51ffc95a03da6c5f28b1f0820651412c09b
low,16,PASI,34,4,1206,1035,1035,327.6304516895999,0.31655116105275355,0.8582089552238806,0.864625793021604,0,0.0,0,0.0,0,0.0,0.2664651807077194,2429.58422350508,0.0,0.0,2.9888705000012123,3.090487600002234,f815a18a0a1ec54f512fc6cd729030f3638e94fed03c889c4f4beae5146ba740,ok,completed,design_expected_payment,r51-free-action-design-only-v1,327.6304516895999,2720.57903669417,0,0,0,7941,2116,43304cc7e0d9abf60ba8f993787707fd658b8d9226a32f226ec85a0588c8c75a,a91976b0324e0d6560404d587e1de51ffc95a03da6c5f28b1f0820651412c09b
low,16,QUAC-F,34,4,1206,1035,1035,100.1470740130909,0.0967604579836627,0.8582089552238806,0.8653448743317346,0,0.0,0,0.0,0,0.0,0.2664651807077194,2651.57784459078,-0.40566657100922926,1.0,2.904574500000308,3.012009099998977,f815a18a0a1ec54f512fc6cd729030f3638e94fed03c889c4f4beae5146ba740,ok,completed,design_expected_payment,r51-free-action-design-only-v1,100.1470740130909,2720.57903669417,0,0,0,7941,2116,43304cc7e0d9abf60ba8f993787707fd658b8d9226a32f226ec85a0588c8c75a,a91976b0324e0d6560404d587e1de51ffc95a03da6c5f28b1f0820651412c09b
low,17,MOI,34,4,1206,1028,1028,355.4865614240921,0.3458040480779106,0.8524046434494196,0.8661381765291185,0,0.0,0,0.0,0,0.0,0.26130210300969653,2361.222242608157,0.0,0.0,3.130532699997275,3.2472980999991705,67d73f45cef40a308e4e0fad81c7b9cb37de9d815a09cccf7ced3415c4d1d04b,ok,completed,design_expected_payment,r51-free-action-design-only-v1,355.4865614240921,2707.781284177294,0,0,0,7941,2075,cc950dae8832d24ee67e60ceec2eb914ea3056deec43041cd73b744f0e8fdee4,085a0a664bffdc7dcfad200a17ac0ac51d38e93ee5f04997644ba497d4f9ba0e
low,17,PASI,34,4,1206,1028,1028,321.9561731690126,0.3131869388803624,0.8524046434494196,0.8661381765291185,0,0.0,0,0.0,0,0.0,0.26130210300969653,2394.752630863237,0.0,0.0,3.1033519999982673,3.2071307000005618,67d73f45cef40a308e4e0fad81c7b9cb37de9d815a09cccf7ced3415c4d1d04b,ok,completed,design_expected_payment,r51-free-action-design-only-v1,321.9561731690126,2707.781284177294,0,0,0,7941,2075,cc950dae8832d24ee67e60ceec2eb914ea3056deec43041cd73b744f0e8fdee4,085a0a664bffdc7dcfad200a17ac0ac51d38e93ee5f04997644ba497d4f9ba0e
low,17,QUAC-F,34,4,1206,1028,1028,91.45706450054234,0.08896601605111124,0.8524046434494196,0.8670023793904523,0,0.0,0,0.0,0,0.0,0.26130210300969653,2622.997915416208,-0.39617436563417713,1.0,3.03462700000091,3.153540700001031,67d73f45cef40a308e4e0fad81c7b9cb37de9d815a09cccf7ced3415c4d1d04b,ok,completed,design_expected_payment,r51-free-action-design-only-v1,91.45706450054234,2707.781284177294,0,0,0,7941,2075,cc950dae8832d24ee67e60ceec2eb914ea3056deec43041cd73b744f0e8fdee4,085a0a664bffdc7dcfad200a17ac0ac51d38e93ee5f04997644ba497d4f9ba0e
low,18,MOI,34,4,1206,1025,1025,346.8378566777094,0.3383783967587409,0.8499170812603648,0.8650293199367176,0,0.0,0,0.0,0,0.0,0.25550938168996346,2384.7136567137522,1.0096823519281745e-05,0.0,3.24177409999902,3.360318400002143,733446c7de15aa5debcd8bfcdfaf5f1e6131040bdefdac80f95b07b0ac752290,ok,completed,design_expected_payment,r51-free-action-design-only-v1,346.8378566777094,2729.823576109571,0,0,0,7941,2029,6e6a7ae8da19ba5adcd9ed136bb05212cb231f09145fa29737ebf024a541833e,86547c08fb78d4ff40147f5f139b82d705c645cf3a4e0c2a478c91cdb25f7597
low,18,PASI,34,4,1206,1025,1025,307.9708054399921,0.30045932238048007,0.8499170812603648,0.8650293199367176,0,0.0,0,0.0,0,0.0,0.25550938168996346,2423.58070795147,0.0,0.0,3.1404153000003134,3.2575877999988734,733446c7de15aa5debcd8bfcdfaf5f1e6131040bdefdac80f95b07b0ac752290,ok,completed,design_expected_payment,r51-free-action-design-only-v1,307.9708054399921,2729.823576109571,0,0,0,7941,2029,6e6a7ae8da19ba5adcd9ed136bb05212cb231f09145fa29737ebf024a541833e,86547c08fb78d4ff40147f5f139b82d705c645cf3a4e0c2a478c91cdb25f7597
low,18,QUAC-F,34,4,1206,1025,1025,95.27716132462965,0.09295332812158989,0.8499170812603648,0.8660721242839347,0,0.0,0,0.0,0,0.0,0.25550938168996346,2634.2160117666763,-0.40714858616140814,1.0,3.022880399999849,3.1754474000008486,733446c7de15aa5debcd8bfcdfaf5f1e6131040bdefdac80f95b07b0ac752290,ok,completed,design_expected_payment,r51-free-action-design-only-v1,95.27716132462965,2729.823576109571,0,0,0,7941,2029,6e6a7ae8da19ba5adcd9ed136bb05212cb231f09145fa29737ebf024a541833e,86547c08fb78d4ff40147f5f139b82d705c645cf3a4e0c2a478c91cdb25f7597
low,19,MOI,34,4,1206,1046,1046,338.3271040750524,0.3234484742591323,0.867330016583748,0.8662044295255071,0,0.0,0,0.0,0,0.0,0.2708726860596902,2442.665943801742,0.0,0.0,3.0954425999989326,3.265679700001783,392ad2fabf7a4409cb0fd280858838707b1fd7ac7b8505331538e3ec2e2ae796,ok,completed,design_expected_payment,r51-free-action-design-only-v1,338.3271040750524,2698.9246078589304,0,0,0,7941,2151,121d75564540df99b1bf1825eb3befb0d5e691e9e33e4439d72c386f38578d93,ce5797f4cd9a08d93964a6de45e8acd65a937f70f8746c592924fcf826b4aef2
low,19,PASI,34,4,1206,1046,1046,290.27044353583176,0.27750520414515467,0.867330016583748,0.8662044295255071,0,0.0,0,0.0,0,0.0,0.2708726860596902,2490.7226043409623,0.0,0.0,3.121464299998479,3.2868443000006664,392ad2fabf7a4409cb0fd280858838707b1fd7ac7b8505331538e3ec2e2ae796,ok,completed,design_expected_payment,r51-free-action-design-only-v1,290.27044353583176,2698.9246078589304,0,0,0,7941,2151,121d75564540df99b1bf1825eb3befb0d5e691e9e33e4439d72c386f38578d93,ce5797f4cd9a08d93964a6de45e8acd65a937f70f8746c592924fcf826b4aef2
low,19,QUAC-F,34,4,1206,1046,1046,91.14409806714065,0.08713584901256276,0.867330016583748,0.867578265739845,0,0.0,0,0.0,0,0.0,0.2708726860596902,2682.5146206585628,-0.40497434603207283,1.0,3.219362199997704,3.3865713000013784,392ad2fabf7a4409cb0fd280858838707b1fd7ac7b8505331538e3ec2e2ae796,ok,completed,design_expected_payment,r51-free-action-design-only-v1,91.14409806714065,2698.9246078589304,0,0,0,7941,2151,121d75564540df99b1bf1825eb3befb0d5e691e9e33e4439d72c386f38578d93,ce5797f4cd9a08d93964a6de45e8acd65a937f70f8746c592924fcf826b4aef2
low,20,MOI,34,4,1206,1015,1015,341.23842344326897,0.3361954910771123,0.8416252072968491,0.8641089817584314,0,0.0,0,0.0,0,0.0,0.2600428157662763,2368.203136825069,9.883043245651772e-06,0.0,3.2280805000009423,3.407848399998329,a5fa147b4c9cc50c6096e6ce1e848a3696f59ab4f0df703558946be517dd6f59,ok,completed,design_expected_payment,r51-free-action-design-only-v1,341.23842344326897,2740.652971588236,0,0,0,7941,2065,44e9bf9715f8104601801893f9a1c597eda89e4b386ccf9d920150b3650134b0,924f551eb668aa16bd8aaa5d9c3dfdd3e2927b017de6bf4309bcf64b0aac983a
low,20,PASI,34,4,1206,1015,1015,297.10651360924487,0.29271577695492107,0.8416252072968491,0.8641277501357415,0,0.0,0,0.0,0,0.0,0.2600428157662763,2411.347411968187,0.0,0.0,3.2543373000007705,3.4199381999969773,a5fa147b4c9cc50c6096e6ce1e848a3696f59ab4f0df703558946be517dd6f59,ok,completed,design_expected_payment,r51-free-action-design-only-v1,297.10651360924487,2740.652971588236,0,0,0,7941,2065,44e9bf9715f8104601801893f9a1c597eda89e4b386ccf9d920150b3650134b0,924f551eb668aa16bd8aaa5d9c3dfdd3e2927b017de6bf4309bcf64b0aac983a
low,20,QUAC-F,34,4,1206,1015,1015,100.11557445636316,0.09863603394715582,0.8416252072968491,0.8648046342436959,0,0.0,0,0.0,0,0.0,0.2600428157662763,2605.3065586414114,-0.4136690309161864,1.0,3.2066954000001715,3.374110799999471,a5fa147b4c9cc50c6096e6ce1e848a3696f59ab4f0df703558946be517dd6f59,ok,completed,design_expected_payment,r51-free-action-design-only-v1,100.11557445636316,2740.652971588236,0,0,0,7941,2065,44e9bf9715f8104601801893f9a1c597eda89e4b386ccf9d920150b3650134b0,924f551eb668aa16bd8aaa5d9c3dfdd3e2927b017de6bf4309bcf64b0aac983a
low,21,MOI,34,4,1206,1050,1050,342.94105451063575,0.3266105281053674,0.8706467661691543,0.8672028815196924,0,0.0,0,0.0,0,0.0,0.2635688200478529,2433.705593949021,0.0,0.0,3.1330350000025646,3.241892600002757,6f62a0b60040b5fad7dfb03639de50855d103200244dee85a651cef46d949047,ok,completed,design_expected_payment,r51-free-action-design-only-v1,342.94105451063575,2694.47965724014,0,0,0,7941,2093,b60ab45c6d489e9943a89477663586fad66d821d4a07e19e86bda8d14c332498,0bcf8a654ab8a2e00b3f8106826b1df7c78941ac91b6502f164d73af54a94b23
low,21,PASI,34,4,1206,1050,1050,296.6994509521189,0.2825709056686847,0.8706467661691543,0.8672028815196924,0,0.0,0,0.0,0,0.0,0.2635688200478529,2479.9471975075376,0.0,0.0,3.136901300000318,3.245244099998672,6f62a0b60040b5fad7dfb03639de50855d103200244dee85a651cef46d949047,ok,completed,design_expected_payment,r51-free-action-design-only-v1,296.6994509521189,2694.47965724014,0,0,0,7941,2093,b60ab45c6d489e9943a89477663586fad66d821d4a07e19e86bda8d14c332498,0bcf8a654ab8a2e00b3f8106826b1df7c78941ac91b6502f164d73af54a94b23
low,21,QUAC-F,34,4,1206,1050,1050,96.74978582499736,0.09214265316666416,0.8706467661691543,0.8680868555652659,0,0.0,0,0.0,0,0.0,0.2635688200478529,2675.3648821502106,-0.3986498194546619,1.0,3.061969300000783,3.201510100003361,6f62a0b60040b5fad7dfb03639de50855d103200244dee85a651cef46d949047,ok,completed,design_expected_payment,r51-free-action-design-only-v1,96.74978582499736,2694.47965724014,0,0,0,7941,2093,b60ab45c6d489e9943a89477663586fad66d821d4a07e19e86bda8d14c332498,0bcf8a654ab8a2e00b3f8106826b1df7c78941ac91b6502f164d73af54a94b23
low,22,MOI,34,4,1206,1042,1042,378.3879909102926,0.3631362676682271,0.8640132669983416,0.8653809376107976,0,0.0,0,0.0,0,0.0,0.26659110943206143,2383.266520702685,0.0,0.0,3.0954265000000305,3.2203607999981614,6b02df803927a74f5f74caa8d7c864c2ac5d24f2f4b326c6fbce56649a83da4d,ok,completed,design_expected_payment,r51-free-action-design-only-v1,378.3879909102926,2705.8029447831123,0,0,0,7941,2117,c21d457bccf8ebbb1edf37c70cab0c141a32faa85dda2956b24a2e7fcdc95d5f,f8aea2e678734fbf65b7269bf295bca03104019dffe0abfaa5000f2793b2430b
low,22,PASI,34,4,1206,1042,1042,336.46693099537845,0.32290492417982575,0.8640132669983416,0.8653809376107976,0,0.0,0,0.0,0,0.0,0.26659110943206143,2425.187580617599,0.0,0.0,3.1628842999998596,3.2811390000024403,6b02df803927a74f5f74caa8d7c864c2ac5d24f2f4b326c6fbce56649a83da4d,ok,completed,design_expected_payment,r51-free-action-design-only-v1,336.46693099537845,2705.8029447831123,0,0,0,7941,2117,c21d457bccf8ebbb1edf37c70cab0c141a32faa85dda2956b24a2e7fcdc95d5f,f8aea2e678734fbf65b7269bf295bca03104019dffe0abfaa5000f2793b2430b
low,22,QUAC-F,34,4,1206,1042,1042,95.3379975499951,0.09149519918425633,0.8640132669983416,0.866516010867242,0,0.0,0,0.0,0,0.0,0.26659110943206143,2661.6541534778294,-0.40553397995069496,1.0,3.0351093000026594,3.1459629999990284,6b02df803927a74f5f74caa8d7c864c2ac5d24f2f4b326c6fbce56649a83da4d,ok,completed,design_expected_payment,r51-free-action-design-only-v1,95.3379975499951,2705.8029447831123,0,0,0,7941,2117,c21d457bccf8ebbb1edf37c70cab0c141a32faa85dda2956b24a2e7fcdc95d5f,f8aea2e678734fbf65b7269bf295bca03104019dffe0abfaa5000f2793b2430b
low,23,MOI,34,4,1206,1037,1037,391.4911014512847,0.37752275935514434,0.8598673300165838,0.8666065103593285,0,0.0,0,0.0,0,0.0,0.25941317214456616,2393.8214263297045,0.0,0.0,3.1126490000024205,3.225734999999986,d50a2c6aca2724045ac20effedb13f2d830d6468ea35ca461b41708a8e4ba4a7,ok,completed,design_expected_payment,r51-free-action-design-only-v1,391.4911014512847,2736.8319857630527,0,0,0,7941,2060,73f98dc9154235fb370c49350fe4b72011009a15991a5013e53c67609cb18dd8,46778e73b6570ad40a5120f8d1177a7db4a812bf90a8b63810a63b39d87019e4
low,23,PASI,34,4,1206,1037,1037,353.1223760291252,0.34052302413608987,0.8598673300165838,0.8666065103593285,0,0.0,0,0.0,0,0.0,0.25941317214456616,2432.190151751864,0.0,0.0,3.1088510000008682,3.224974900000234,d50a2c6aca2724045ac20effedb13f2d830d6468ea35ca461b41708a8e4ba4a7,ok,completed,design_expected_payment,r51-free-action-design-only-v1,353.1223760291252,2736.8319857630527,0,0,0,7941,2060,73f98dc9154235fb370c49350fe4b72011009a15991a5013e53c67609cb18dd8,46778e73b6570ad40a5120f8d1177a7db4a812bf90a8b63810a63b39d87019e4
low,23,QUAC-F,34,4,1206,1037,1037,106.21315719028382,0.10242348812949259,0.8598673300165838,0.8673556152184942,0,0.0,0,0.0,0,0.0,0.25941317214456616,2674.658875367333,-0.4422492110055676,1.0,3.1049058999997214,3.2657736999972258,d50a2c6aca2724045ac20effedb13f2d830d6468ea35ca461b41708a8e4ba4a7,ok,completed,design_expected_payment,r51-free-action-design-only-v1,106.21315719028382,2736.8319857630527,0,0,0,7941,2060,73f98dc9154235fb370c49350fe4b72011009a15991a5013e53c67609cb18dd8,46778e73b6570ad40a5120f8d1177a7db4a812bf90a8b63810a63b39d87019e4
low,24,MOI,34,4,1206,1024,1024,356.5213700240088,0.34816540041407107,0.8490878938640133,0.8679993006470151,0,0.0,0,0.0,0,0.0,0.26042060193930233,2362.8079643557253,0.0,0.0,3.1542459999982384,3.3150991999973485,ef2b7aa2d9288348debae115168044b1c5542bd255498bd7d59b409d70440a71,ok,completed,design_expected_payment,r51-free-action-design-only-v1,356.5213700240088,2714.048958221044,0,0,0,7941,2068,a90c8dcefc655057f71453148ecdcea8da3439a50fad9a60ef7c3ed8272e94e1,e974a66dc519bd877117f391254d0af6d0b816f8b76d3ac42b472da6b85f8076
low,24,PASI,34,4,1206,1024,1024,305.7551454386945,0.2985890092174751,0.8490878938640133,0.8681586745357212,0,0.0,0,0.0,0,0.0,0.26042060193930233,2412.431987742946,0.0,0.0,3.101253100001486,3.262593100000231,ef2b7aa2d9288348debae115168044b1c5542bd255498bd7d59b409d70440a71,ok,completed,design_expected_payment,r51-free-action-design-only-v1,305.7551454386945,2714.048958221044,0,0,0,7941,2068,a90c8dcefc655057f71453148ecdcea8da3439a50fad9a60ef7c3ed8272e94e1,e974a66dc519bd877117f391254d0af6d0b816f8b76d3ac42b472da6b85f8076
low,24,QUAC-F,34,4,1206,1024,1024,100.63831018705169,0.09827959979204266,0.8490878938640133,0.8692438060114696,0,0.0,0,0.0,0,0.0,0.26042060193930233,2612.4990068165653,-0.4382910255997586,1.0,3.0747464999985823,3.277150400001119,ef2b7aa2d9288348debae115168044b1c5542bd255498bd7d59b409d70440a71,ok,completed,design_expected_payment,r51-free-action-design-only-v1,100.63831018705169,2714.048958221044,0,0,0,7941,2068,a90c8dcefc655057f71453148ecdcea8da3439a50fad9a60ef7c3ed8272e94e1,e974a66dc519bd877117f391254d0af6d0b816f8b76d3ac42b472da6b85f8076
low,25,MOI,34,4,1206,1040,1040,350.8807655632969,0.3373853515031701,0.8623548922056384,0.8668199501675695,0,0.0,0,0.0,0,0.0,0.2662133232590354,2397.5159528946733,0.0,0.0,3.366992900002515,3.4759197999992466,13f11c848cd5e2f50b212f5c5a40436d4e54f42e6b91eac617d413ea620cc527,ok,completed,design_expected_payment,r51-free-action-design-only-v1,350.8807655632969,2701.6664026319986,0,0,0,7941,2114,bf8b7daca21dafe1c497b72283ab950a482946d472b706716925602f66a05909,a38ba5a4a80ac1f1953ff02c510af8ba006867489c3dd64de75e0e6a81f04aec
low,25,PASI,34,4,1206,1040,1040,309.96599430947606,0.29804422529757313,0.8623548922056384,0.8668199501675695,0,0.0,0,0.0,0,0.0,0.2662133232590354,2438.430724148494,0.0,0.0,3.338660200002778,3.479396500002622,13f11c848cd5e2f50b212f5c5a40436d4e54f42e6b91eac617d413ea620cc527,ok,completed,design_expected_payment,r51-free-action-design-only-v1,309.96599430947606,2701.6664026319986,0,0,0,7941,2114,bf8b7daca21dafe1c497b72283ab950a482946d472b706716925602f66a05909,a38ba5a4a80ac1f1953ff02c510af8ba006867489c3dd64de75e0e6a81f04aec
low,25,QUAC-F,34,4,1206,1040,1040,99.8939484024764,0.09605187346391961,0.8623548922056384,0.867725711870851,0,0.0,0,0.0,0,0.0,0.2662133232590354,2645.493694151556,-0.42388478396319146,1.0,3.192445200002112,3.3391933999992034,13f11c848cd5e2f50b212f5c5a40436d4e54f42e6b91eac617d413ea620cc527,ok,completed,design_expected_payment,r51-free-action-design-only-v1,99.8939484024764,2701.6664026319986,0,0,0,7941,2114,bf8b7daca21dafe1c497b72283ab950a482946d472b706716925602f66a05909,a38ba5a4a80ac1f1953ff02c510af8ba006867489c3dd64de75e0e6a81f04aec
low,26,MOI,34,4,1206,1040,1040,345.0894534758342,0.33181678218830213,0.8623548922056384,0.8670780812390023,0,0.0,0,0.0,0,0.0,0.25865759979851405,2369.4223375630127,0.0,0.0,2.99158300000272,3.092486999998073,093e959ac91a958c928ba34c87f3bf3000866573719696f3b250623f4df6e002,ok,completed,design_expected_payment,r51-free-action-design-only-v1,345.0894534758342,2665.8044820745013,0,0,0,7941,2054,41b656922ce4add5d4e094be04f2f42e15d1e5ef64e885aeaab069297b3e910c,4498b0c1c415c00ce855f4c342c71de7ab80c016aa59f46421ced2759c8a65c4
low,26,PASI,34,4,1206,1040,1040,296.40360261848116,0.2850034640562319,0.8623548922056384,0.8670780812390023,0,0.0,0,0.0,0,0.0,0.25865759979851405,2418.108188420366,0.0,0.0,3.2767161000010674,3.4335707999998704,093e959ac91a958c928ba34c87f3bf3000866573719696f3b250623f4df6e002,ok,completed,design_expected_payment,r51-free-action-design-only-v1,296.40360261848116,2665.8044820745013,0,0,0,7941,2054,41b656922ce4add5d4e094be04f2f42e15d1e5ef64e885aeaab069297b3e910c,4498b0c1c415c00ce855f4c342c71de7ab80c016aa59f46421ced2759c8a65c4
low,26,QUAC-F,34,4,1206,1040,1040,100.4017665670174,0.09654016016059366,0.8623548922056384,0.8682724192155944,0,0.0,0,0.0,0,0.0,0.25865759979851405,2608.615402079641,-0.42569718103281806,1.0,2.9380504000000656,3.0405747999975574,093e959ac91a958c928ba34c87f3bf3000866573719696f3b250623f4df6e002,ok,completed,design_expected_payment,r51-free-action-design-only-v1,100.4017665670174,2665.8044820745013,0,0,0,7941,2054,41b656922ce4add5d4e094be04f2f42e15d1e5ef64e885aeaab069297b3e910c,4498b0c1c415c00ce855f4c342c71de7ab80c016aa59f46421ced2759c8a65c4
low,27,MOI,34,4,1206,1026,1026,326.4438889460116,0.3181714317212589,0.8507462686567164,0.8671180870509786,0,0.0,0,0.0,0,0.0,0.25412416572220126,2385.5258793614266,0.0,0.0,3.0445370999987063,3.1469255999982124,1ef8222edc8bff8b476cccb0b8c8876e101881a85d55357b784751a0731eea46,ok,completed,design_expected_payment,r51-free-action-design-only-v1,326.4438889460116,2706.521782850762,0,0,0,7941,2018,e03e2525f95341679d2d3a9424c18d2f6d2ddacad5f973e79201cc90553f94ad,5c0757d9f8b956a420d9000fd446626bc048beabb9ab3eda8b20d5205039ea17
low,27,PASI,34,4,1206,1026,1026,283.5593426469318,0.2763736283108497,0.8507462686567164,0.8671180870509786,0,0.0,0,0.0,0,0.0,0.25412416572220126,2428.4104256605065,0.0,0.0,3.021054600001662,3.127614999997604,1ef8222edc8bff8b476cccb0b8c8876e101881a85d55357b784751a0731eea46,ok,completed,design_expected_payment,r51-free-action-design-only-v1,283.5593426469318,2706.521782850762,0,0,0,7941,2018,e03e2525f95341679d2d3a9424c18d2f6d2ddacad5f973e79201cc90553f94ad,5c0757d9f8b956a420d9000fd446626bc048beabb9ab3eda8b20d5205039ea17
low,27,QUAC-F,34,4,1206,1026,1026,88.51982465291866,0.08627663221532032,0.8507462686567164,0.8689439219800689,0,0.0,0,0.0,0,0.0,0.25412416572220126,2619.3256892623335,-0.3742887502512151,1.0,2.9936198000032164,3.114186000002519,1ef8222edc8bff8b476cccb0b8c8876e101881a85d55357b784751a0731eea46,ok,completed,design_expected_payment,r51-free-action-design-only-v1,88.51982465291866,2706.521782850762,0,0,0,7941,2018,e03e2525f95341679d2d3a9424c18d2f6d2ddacad5f973e79201cc90553f94ad,5c0757d9f8b956a420d9000fd446626bc048beabb9ab3eda8b20d5205039ea17
low,28,MOI,34,4,1206,1035,1035,381.4363582392526,0.3685375441925146,0.8582089552238806,0.8641494797887087,0,0.0,0,0.0,0,0.0,0.26948747009192797,2385.6023792377246,0.0,0.0,3.0321509999994305,3.1600767000018095,5fdad8cac29308e6b8b5d002310d432dcf9bc5194a663d29b55c76a42833904c,ok,completed,design_expected_payment,r51-free-action-design-only-v1,381.4363582392526,2730.993365253047,0,0,0,7941,2140,abcdd30ec670d2dddcbebf9d99632739ef2ebc9746ee3cedc55df329fb6bf5ea,7f20c58897858f97101669f1190032a9d2c88c8cff7da211c1e35b131f301a8b
low,28,PASI,34,4,1206,1035,1035,342.12959728128124,0.33055999737321856,0.8582089552238806,0.8642287577887952,0,0.0,0,0.0,0,0.0,0.26948747009192797,2423.893691918759,0.0,0.0,3.0418557000011788,3.1692435999975714,5fdad8cac29308e6b8b5d002310d432dcf9bc5194a663d29b55c76a42833904c,ok,completed,design_expected_payment,r51-free-action-design-only-v1,342.12959728128124,2730.993365253047,0,0,0,7941,2140,abcdd30ec670d2dddcbebf9d99632739ef2ebc9746ee3cedc55df329fb6bf5ea,7f20c58897858f97101669f1190032a9d2c88c8cff7da211c1e35b131f301a8b
low,28,QUAC-F,34,4,1206,1035,1035,103.86632576456101,0.10035393793677393,0.8582089552238806,0.8653700668754946,0,0.0,0,0.0,0,0.0,0.26948747009192797,2656.131615428353,-0.4294209619885757,1.0,2.994929800002865,3.125286299997242,5fdad8cac29308e6b8b5d002310d432dcf9bc5194a663d29b55c76a42833904c,ok,completed,design_expected_payment,r51-free-action-design-only-v1,103.86632576456101,2730.993365253047,0,0,0,7941,2140,abcdd30ec670d2dddcbebf9d99632739ef2ebc9746ee3cedc55df329fb6bf5ea,7f20c58897858f97101669f1190032a9d2c88c8cff7da211c1e35b131f301a8b
low,29,MOI,34,4,1206,1044,1044,321.94293710745933,0.30837446083089975,0.8656716417910447,0.8677875489547663,0,0.0,0,0.0,0,0.0,0.26973932754061203,2469.1246216499303,7.35428476193808e-06,0.0,3.138893300001655,3.3421219999981986,7163e70745781811858fb119a191087a0689efbe7332b2f2dc7deafc4360f64b,ok,completed,design_expected_payment,r51-free-action-design-only-v1,321.94293710745933,2718.847215128115,0,0,0,7941,2142,d6297154d4f4dfc5a6e9c969d522b1b433224d0236a5cfca513c1ee1d6f42992,fe6a71fffdfa4745d4edf5331b0975ba33a6f8eedb60c16b5c95f1f3185450ff
low,29,PASI,34,4,1206,1044,1044,266.49827792264904,0.25526654973433816,0.8656716417910447,0.8677875489547663,0,0.0,0,0.0,0,0.0,0.26973932754061203,2524.5692808347408,0.0,0.0,3.1676507000011043,3.3890290000017558,7163e70745781811858fb119a191087a0689efbe7332b2f2dc7deafc4360f64b,ok,completed,design_expected_payment,r51-free-action-design-only-v1,266.49827792264904,2718.847215128115,0,0,0,7941,2142,d6297154d4f4dfc5a6e9c969d522b1b433224d0236a5cfca513c1ee1d6f42992,fe6a71fffdfa4745d4edf5331b0975ba33a6f8eedb60c16b5c95f1f3185450ff
low,29,QUAC-F,34,4,1206,1044,1044,97.96995582129945,0.0938409538518194,0.8656716417910447,0.8694055703902878,0,0.0,0,0.0,0,0.0,0.26973932754061203,2686.982895234864,-0.39781072616667007,1.0,3.072392399997625,3.2700742999986687,7163e70745781811858fb119a191087a0689efbe7332b2f2dc7deafc4360f64b,ok,completed,design_expected_payment,r51-free-action-design-only-v1,97.96995582129945,2718.847215128115,0,0,0,7941,2142,d6297154d4f4dfc5a6e9c969d522b1b433224d0236a5cfca513c1ee1d6f42992,fe6a71fffdfa4745d4edf5331b0975ba33a6f8eedb60c16b5c95f1f3185450ff
low,30,MOI,34,4,1206,1036,1036,336.63049560968733,0.3249329108201615,0.8590381426202321,0.867025056826773,0,0.0,0,0.0,0,0.0,0.26281324770180076,2417.325425127965,0.0,0.0,3.0174095000002126,3.140572100001009,6686cfd0187a5357a64bb965cd4b7bda64dc87d04f8f0782e33c1264ca471b56,ok,completed,design_expected_payment,r51-free-action-design-only-v1,336.63049560968733,2719.2932882012183,0,0,0,7941,2087,6f667d22b6261f74d1218b0318e977015577d0977031c792b02dffefd87b0ec3,1ff48d4727f94df5c5e516a2b8ec7e74284643094fe0ec34b49fab4b050ed462
low,30,PASI,34,4,1206,1036,1036,290.94955145995436,0.2808393353860563,0.8590381426202321,0.867025056826773,0,0.0,0,0.0,0,0.0,0.26281324770180076,2463.006369277698,0.0,0.0,3.1671295999985887,3.335070299999643,6686cfd0187a5357a64bb965cd4b7bda64dc87d04f8f0782e33c1264ca471b56,ok,completed,design_expected_payment,r51-free-action-design-only-v1,290.94955145995436,2719.2932882012183,0,0,0,7941,2087,6f667d22b6261f74d1218b0318e977015577d0977031c792b02dffefd87b0ec3,1ff48d4727f94df5c5e516a2b8ec7e74284643094fe0ec34b49fab4b050ed462
low,30,QUAC-F,34,4,1206,1036,1036,99.97474450244059,0.09650071863169941,0.8590381426202321,0.8676707295398913,0,0.0,0,0.0,0,0.0,0.26281324770180076,2651.6252224298887,-0.40546216765902493,1.0,3.033947800002352,3.1490211999989697,6686cfd0187a5357a64bb965cd4b7bda64dc87d04f8f0782e33c1264ca471b56,ok,completed,design_expected_payment,r51-free-action-design-only-v1,99.97474450244059,2719.2932882012183,0,0,0,7941,2087,6f667d22b6261f74d1218b0318e977015577d0977031c792b02dffefd87b0ec3,1ff48d4727f94df5c5e516a2b8ec7e74284643094fe0ec34b49fab4b050ed462
medium,1,MOI,34,4,2464,1894,1894,752.5458240269868,0.3973314804788737,0.7686688311688312,0.8653302391143527,0,0.0,0,0.0,0,0.0,0.2646664227344798,4246.419027617144,1.474944653009096e-06,0.0,2.8550367999996524,2.95279660000233,073102af4935ff0f0127e68e462c7b2de964ec42d7861b58798e8bb4f5f24103,ok,completed,design_expected_payment,r51-free-action-design-only-v1,752.5458240269868,5573.062452231194,0,0,0,16398,4340,85ffcbc7aa05dd74f46233993024f6329d830fa78acc4d396d9be8f6a04b357c,59e3a2dbe4d1900b1126e94ec7a017a833cda6abd87be69ad03cd0ad6d1a6b58
medium,1,PASI,34,4,2464,1894,1894,664.2940070967494,0.35073601219469347,0.7686688311688312,0.8656798408986834,0,0.0,0,0.0,0,0.0,0.2646664227344798,4332.312781256269,0.0,0.0,2.8380094000021927,2.940909899996768,073102af4935ff0f0127e68e462c7b2de964ec42d7861b58798e8bb4f5f24103,ok,completed,design_expected_payment,r51-free-action-design-only-v1,664.2940070967494,5573.062452231194,0,0,0,16398,4340,85ffcbc7aa05dd74f46233993024f6329d830fa78acc4d396d9be8f6a04b357c,59e3a2dbe4d1900b1126e94ec7a017a833cda6abd87be69ad03cd0ad6d1a6b58
medium,1,QUAC-F,34,4,2464,1894,1894,188.0162422026161,0.0992693992622049,0.7686688311688312,0.8693723255746098,0,0.0,0,0.0,0,0.0,0.2646664227344798,4773.426826558308,-0.4590856152583525,1.0,2.7089954000002763,2.8091923000029055,073102af4935ff0f0127e68e462c7b2de964ec42d7861b58798e8bb4f5f24103,ok,completed,design_expected_payment,r51-free-action-design-only-v1,188.0162422026161,5573.062452231194,0,0,0,16398,4340,85ffcbc7aa05dd74f46233993024f6329d830fa78acc4d396d9be8f6a04b357c,59e3a2dbe4d1900b1126e94ec7a017a833cda6abd87be69ad03cd0ad6d1a6b58
medium,2,MOI,34,4,2464,1933,1933,634.7243751457137,0.32836232547631333,0.7844967532467533,0.8677598221435464,0,0.0,0,0.0,0,0.0,0.26478838882790584,4417.908398798665,0.0,0.0,3.2042476999995415,3.319758300000103,90802de520b36e165e706a53039ed472457876af802c6e97df3067a809147f5a,ok,completed,design_expected_payment,r51-free-action-design-only-v1,634.7243751457137,5480.276276396428,0,0,0,16398,4342,df0244e9ea919f41a24d33c303f0c9b691f81eb081b6c5c3c3bb0daef57ba065,339b18af21db5c2ccb9e6aeb3f6158cc525a88163efd2b4329c771d722a9729c
medium,2,PASI,34,4,2464,1933,1933,532.5032793142287,0.2754802272706822,0.7844967532467533,0.8682168051697435,0,0.0,0,0.0,0,0.0,0.26478838882790584,4515.33611169572,0.0,0.0,3.2376557999996294,3.3544796999995015,90802de520b36e165e706a53039ed472457876af802c6e97df3067a809147f5a,ok,completed,design_expected_payment,r51-free-action-design-only-v1,532.5032793142287,5480.276276396428,0,0,0,16398,4342,df0244e9ea919f41a24d33c303f0c9b691f81eb081b6c5c3c3bb0daef57ba065,339b18af21db5c2ccb9e6aeb3f6158cc525a88163efd2b4329c771d722a9729c
medium,2,QUAC-F,34,4,2464,1933,1933,165.44708268795566,0.08559083429278616,0.7844967532467533,0.8726851468035312,0,0.0,0,0.0,0,0.0,0.26478838882790584,4835.1943538895175,-0.40452770778251285,1.0,3.1312030000008235,3.2954553000017768,90802de520b36e165e706a53039ed472457876af802c6e97df3067a809147f5a,ok,completed,design_expected_payment,r51-free-action-design-only-v1,165.44708268795563,5480.276276396428,0,0,0,16398,4342,df0244e9ea919f41a24d33c303f0c9b691f81eb081b6c5c3c3bb0daef57ba065,339b18af21db5c2ccb9e6aeb3f6158cc525a88163efd2b4329c771d722a9729c
medium,3,MOI,34,4,2464,1949,1949,754.1175622423799,0.3869253782669984,0.7909902597402597,0.8645920835165024,0,0.0,0,0.0,0,0.0,0.26082449079155995,4435.122537738134,0.0,0.0,3.122145000001183,3.339746499998,9e30bb1915a42740d6aba8d158a366768ad32aed95f204632505af84114dd788,ok,completed,design_expected_payment,r51-free-action-design-only-v1,754.1175622423798,5561.093627054104,0,0,0,16398,4277,fdf083b32927818f7ba2c8aa53ababe13d99eb06cec7b3e807b114d639c8012c,60cb62ab16a039a7eba3a4ea892c53948fe359af65bcc373a4ff117fdaa5d931
medium,3,PASI,34,4,2464,1949,1949,698.0742294045702,0.3581704614697641,0.7909902597402597,0.8645920835165024,0,0.0,0,0.0,0,0.0,0.26082449079155995,4491.165870575944,0.0,0.0,3.126508699999249,3.3451457000010123,9e30bb1915a42740d6aba8d158a366768ad32aed95f204632505af84114dd788,ok,completed,design_expected_payment,r51-free-action-design-only-v1,698.0742294045702,5561.093627054104,0,0,0,16398,4277,fdf083b32927818f7ba2c8aa53ababe13d99eb06cec7b3e807b114d639c8012c,60cb62ab16a039a7eba3a4ea892c53948fe359af65bcc373a4ff117fdaa5d931
medium,3,QUAC-F,34,4,2464,1949,1949,185.18643545766972,0.09501612901881464,0.7909902597402597,0.8684115548192163,0,0.0,0,0.0,0,0.0,0.26082449079155995,4972.449898929624,-0.42355297635577877,1.0,3.0981489999976475,3.312309799999639,9e30bb1915a42740d6aba8d158a366768ad32aed95f204632505af84114dd788,ok,completed,design_expected_payment,r51-free-action-design-only-v1,185.18643545766972,5561.093627054104,0,0,0,16398,4277,fdf083b32927818f7ba2c8aa53ababe13d99eb06cec7b3e807b114d639c8012c,60cb62ab16a039a7eba3a4ea892c53948fe359af65bcc373a4ff117fdaa5d931
medium,4,MOI,34,4,2464,1945,1945,734.8076948242374,0.37779315929266705,0.7893668831168831,0.8682154203634568,0,0.0,0,0.0,0,0.0,0.2633247957067935,4400.8149173035745,0.0,0.0,3.2872721000021556,3.404105300000083,cc954a3eddc362e219bff09482aad8956994d1d4ce6569ab64d04a56a694dc5e,ok,completed,design_expected_payment,r51-free-action-design-only-v1,734.8076948242374,5521.951654221709,0,0,0,16398,4318,a09c811a97a72168477996bea5cae221e3be21b35d8313e224ec6b2d2e563dd8,f301e5ff24a4b183bfe79cec67aaa3b8cabaad66a5179c4b2d117ef078de18bd
medium,4,PASI,34,4,2464,1945,1945,648.4964941315684,0.3334172206331971,0.7893668831168831,0.8683291392266792,0,0.0,0,0.0,0,0.0,0.2633247957067935,4485.040656251557,0.0,0.0,3.1401985000011337,3.252535399999033,cc954a3eddc362e219bff09482aad8956994d1d4ce6569ab64d04a56a694dc5e,ok,completed,design_expected_payment,r51-free-action-design-only-v1,648.4964941315684,5521.951654221709,0,0,0,16398,4318,a09c811a97a72168477996bea5cae221e3be21b35d8313e224ec6b2d2e563dd8,f301e5ff24a4b183bfe79cec67aaa3b8cabaad66a5179c4b2d117ef078de18bd
medium,4,QUAC-F,34,4,2464,1945,1945,190.750582583364,0.09807227896316915,0.7893668831168831,0.8722860472368003,0,0.0,0,0.0,0,0.0,0.2633247957067935,4906.574581923673,-0.450094416864974,1.0,3.249070199999551,3.358528799999476,cc954a3eddc362e219bff09482aad8956994d1d4ce6569ab64d04a56a694dc5e,ok,completed,design_expected_payment,r51-free-action-design-only-v1,190.750582583364,5521.951654221709,0,0,0,16398,4318,a09c811a97a72168477996bea5cae221e3be21b35d8313e224ec6b2d2e563dd8,f301e5ff24a4b183bfe79cec67aaa3b8cabaad66a5179c4b2d117ef078de18bd
medium,5,MOI,34,4,2464,1928,1928,675.906999952146,0.35057417009966074,0.7824675324675324,0.8666396566688702,0,0.0,0,0.0,0,0.0,0.261068422978412,4416.519799523777,4.307167357274343e-06,0.0,3.1600848999987647,3.3834848000005877,ae23732358fc058cfb8ea2f83623d8c6cde66ca014fdb50179407e460485e8d8,ok,completed,design_expected_payment,r51-free-action-design-only-v1,675.906999952146,5527.081196269431,0,0,0,16398,4281,3f9d2d2d43882f17652140e431466432f24708128d4f6afea54f0dc89d31b4f9,f35711874a0ebc75eabf322773f2aa68eb55808d9fee3ab17bb5aa8d3473c1d0
medium,5,PASI,34,4,2464,1928,1928,566.8881887616471,0.2940291435485722,0.7824675324675324,0.8666486244656648,0,0.0,0,0.0,0,0.0,0.261068422978412,4525.354800936689,0.0,0.0,3.3162598999988404,3.423318199998903,ae23732358fc058cfb8ea2f83623d8c6cde66ca014fdb50179407e460485e8d8,ok,completed,design_expected_payment,r51-free-action-design-only-v1,566.8881887616471,5527.081196269431,0,0,0,16398,4281,3f9d2d2d43882f17652140e431466432f24708128d4f6afea54f0dc89d31b4f9,f35711874a0ebc75eabf322773f2aa68eb55808d9fee3ab17bb5aa8d3473c1d0
medium,5,QUAC-F,34,4,2464,1928,1928,179.8253431616149,0.09327040620415711,0.7824675324675324,0.8712603712869225,0,0.0,0,0.0,0,0.0,0.261068422978412,4866.622423539442,-0.4465595606450394,1.0,3.2714339999984077,3.396442899997055,ae23732358fc058cfb8ea2f83623d8c6cde66ca014fdb50179407e460485e8d8,ok,completed,design_expected_payment,r51-free-action-design-only-v1,179.8253431616149,5527.081196269431,0,0,0,16398,4281,3f9d2d2d43882f17652140e431466432f24708128d4f6afea54f0dc89d31b4f9,f35711874a0ebc75eabf322773f2aa68eb55808d9fee3ab17bb5aa8d3473c1d0
medium,6,MOI,34,4,2464,1894,1894,638.9490519896267,0.33735430411279127,0.7686688311688312,0.8668258167342899,0,0.0,0,0.0,0,0.0,0.25740944017563117,4367.914041750724,0.0,0.0,3.3831539999991946,3.501541100002214,d017109f2a2fbc3999f337ed3a530a854f4d1de964d874aa05377ec96b0e50d9,ok,completed,design_expected_payment,r51-free-action-design-only-v1,638.9490519896267,5554.079785992297,0,0,0,16398,4221,946035e9be2addf721a815cd2b9a051dff9265f5deb6140d693eee9a431839fc,cc9a587ced78e07651d4847f1b78524939e3c8a1c82d74bdb34a5e46193c3393
medium,6,PASI,34,4,2464,1894,1894,527.6702767535578,0.2786009908941699,0.7686688311688312,0.8672642219100309,0,0.0,0,0.0,0,0.0,0.25740944017563117,4475.716632356654,0.0,0.0,3.3734579000010854,3.50055980000252,d017109f2a2fbc3999f337ed3a530a854f4d1de964d874aa05377ec96b0e50d9,ok,completed,design_expected_payment,r51-free-action-design-only-v1,527.6702767535578,5554.079785992297,0,0,0,16398,4221,946035e9be2addf721a815cd2b9a051dff9265f5deb6140d693eee9a431839fc,cc9a587ced78e07651d4847f1b78524939e3c8a1c82d74bdb34a5e46193c3393
medium,6,QUAC-F,34,4,2464,1894,1894,178.82394615582012,0.09441602225756078,0.7686688311688312,0.8713641067949132,0,0.0,0,0.0,0,0.0,0.25740944017563117,4782.145283860545,-0.4347476709070585,1.0,3.5827680000002147,3.7335055000003194,d017109f2a2fbc3999f337ed3a530a854f4d1de964d874aa05377ec96b0e50d9,ok,completed,design_expected_payment,r51-free-action-design-only-v1,178.82394615582012,5554.079785992297,0,0,0,16398,4221,946035e9be2addf721a815cd2b9a051dff9265f5deb6140d693eee9a431839fc,cc9a587ced78e07651d4847f1b78524939e3c8a1c82d74bdb34a5e46193c3393
medium,7,MOI,34,4,2464,1940,1940,585.6558931002163,0.30188448097949294,0.7873376623376623,0.8631236255108283,0,0.0,0,0.0,0,0.0,0.25820221978290037,4604.863577807455,0.0,0.0,3.4570010999996157,3.634461100002227,2e55135ca6ae0d7bd11732a2a734554c836a2fd75ce45d65f81b721aed675e8a,ok,completed,design_expected_payment,r51-free-action-design-only-v1,585.6558931002163,5614.98980008561,0,0,0,16398,4234,66a1dabb1c578246ff41f5507e00f5385f498dfe0996ab8076b5045cf229b8a4,2e2fa018ed7467755d7ec81a8136d85d2af9212c1bfef8b828e4556f8572af03
medium,7,PASI,34,4,2464,1940,1940,494.2132455037421,0.2547490956204856,0.7873376623376623,0.8632568629098658,0,0.0,0,0.0,0,0.0,0.25820221978290037,4694.681550996678,0.0,0.0,3.477538499999355,3.655074499998591,2e55135ca6ae0d7bd11732a2a734554c836a2fd75ce45d65f81b721aed675e8a,ok,completed,design_expected_payment,r51-free-action-design-only-v1,494.2132455037421,5614.98980008561,0,0,0,16398,4234,66a1dabb1c578246ff41f5507e00f5385f498dfe0996ab8076b5045cf229b8a4,2e2fa018ed7467755d7ec81a8136d85d2af9212c1bfef8b828e4556f8572af03
medium,7,QUAC-F,34,4,2464,1940,1940,174.97483860618058,0.09019321577638174,0.7873376623376623,0.8677097551319687,0,0.0,0,0.0,0,0.0,0.25820221978290037,4974.218094370668,-0.40942211620847335,1.0,3.353950700002315,3.544759600001271,2e55135ca6ae0d7bd11732a2a734554c836a2fd75ce45d65f81b721aed675e8a,ok,completed,design_expected_payment,r51-free-action-design-only-v1,174.97483860618058,5614.98980008561,0,0,0,16398,4234,66a1dabb1c578246ff41f5507e00f5385f498dfe0996ab8076b5045cf229b8a4,2e2fa018ed7467755d7ec81a8136d85d2af9212c1bfef8b828e4556f8572af03
medium,8,MOI,34,4,2464,1961,1961,706.8101950331902,0.3604335517762316,0.7958603896103896,0.8676946475286164,0,0.0,0,0.0,0,0.0,0.26436150750091475,4454.022785933696,0.0,0.0,3.3438083000000915,3.4696879999974044,bf745d70be996a978398c60fd1cde71e6c61ad177efbd9c9eddf34300e8002c4,ok,completed,design_expected_payment,r51-free-action-design-only-v1,706.8101950331902,5509.357254133218,0,0,0,16398,4335,3ef71d6b5b3de753cdb418012bc0d13fe5bea52bc8e2465fee6ca58713ce5b1a,40c363831e47ceacf17aa9fcd278d3917d6b4b192199a5ab4431497c759af4b2
medium,8,PASI,34,4,2464,1961,1961,596.9935645365009,0.30443323025828706,0.7958603896103896,0.8677414017514933,0,0.0,0,0.0,0,0.0,0.26436150750091475,4563.361928986416,0.0,0.0,3.2026000000005297,3.3086250999986078,bf745d70be996a978398c60fd1cde71e6c61ad177efbd9c9eddf34300e8002c4,ok,completed,design_expected_payment,r51-free-action-design-only-v1,596.9935645365009,5509.357254133218,0,0,0,16398,4335,3ef71d6b5b3de753cdb418012bc0d13fe5bea52bc8e2465fee6ca58713ce5b1a,40c363831e47ceacf17aa9fcd278d3917d6b4b192199a5ab4431497c759af4b2
medium,8,QUAC-F,34,4,2464,1961,1961,190.7142081618578,0.09725354827223753,0.7958603896103896,0.8718077802715981,0,0.0,0,0.0,0,0.0,0.26436150750091475,4930.327092708298,-0.4420100602597936,1.0,3.3075749999989057,3.4177972999968915,bf745d70be996a978398c60fd1cde71e6c61ad177efbd9c9eddf34300e8002c4,ok,completed,design_expected_payment,r51-free-action-design-only-v1,190.7142081618578,5509.357254133218,0,0,0,16398,4335,3ef71d6b5b3de753cdb418012bc0d13fe5bea52bc8e2465fee6ca58713ce5b1a,40c363831e47ceacf17aa9fcd278d3917d6b4b192199a5ab4431497c759af4b2
medium,9,MOI,34,4,2464,1943,1943,784.1034389686241,0.40355297939713025,0.7885551948051948,0.8668547230517075,0,0.0,0,0.0,0,0.0,0.26667886327600926,4322.767586441431,0.0,0.0,3.2256373000018357,3.3490797000013117,b7025e229f1d2d31f6c2df64bf4b24a1197cedff905b69f359300e0b7c2a375b,ok,completed,design_expected_payment,r51-free-action-design-only-v1,784.1034389686241,5528.503327834679,0,0,0,16398,4373,f4292d060ea4095cd4a251074581960f5216aa080dd253380130be1fa49e5845,523ed4c40b908c1ee9c7c6d0f60c25191bbc121b8fb48d15ba1539a9c68759dd
medium,9,PASI,34,4,2464,1943,1943,662.567433211883,0.3410022816324668,0.7885551948051948,0.8669112937505669,0,0.0,0,0.0,0,0.0,0.26667886327600926,4443.711394804439,0.0,0.0,3.342762299998867,3.456293800001731,b7025e229f1d2d31f6c2df64bf4b24a1197cedff905b69f359300e0b7c2a375b,ok,completed,design_expected_payment,r51-free-action-design-only-v1,662.567433211883,5528.503327834679,0,0,0,16398,4373,f4292d060ea4095cd4a251074581960f5216aa080dd253380130be1fa49e5845,523ed4c40b908c1ee9c7c6d0f60c25191bbc121b8fb48d15ba1539a9c68759dd
medium,9,QUAC-F,34,4,2464,1943,1943,200.28860460016537,0.10308214338660081,0.7885551948051948,0.8701611527966793,0,0.0,0,0.0,0,0.0,0.26667886327600926,4870.108235116952,-0.46750017193528076,1.0,3.2231930999987526,3.341874399997323,b7025e229f1d2d31f6c2df64bf4b24a1197cedff905b69f359300e0b7c2a375b,ok,completed,design_expected_payment,r51-free-action-design-only-v1,200.28860460016537,5528.503327834679,0,0,0,16398,4373,f4292d060ea4095cd4a251074581960f5216aa080dd253380130be1fa49e5845,523ed4c40b908c1ee9c7c6d0f60c25191bbc121b8fb48d15ba1539a9c68759dd
medium,10,MOI,34,4,2464,1932,1932,615.5238988725399,0.3185941505551449,0.7840909090909091,0.8647821885309198,0,0.0,0,0.0,0,0.0,0.2625320160995243,4488.459363240889,1.889580083497133e-06,0.0,3.2233062999985123,3.3574819000023126,03051b2e26fd33f2c9196b83f087734aab91744200ceaedc763369c7ac6ad906,ok,completed,design_expected_payment,r51-free-action-design-only-v1,615.5238988725399,5550.550115529461,0,0,0,16398,4305,39fb39cff2f581164b297c9583e6c363cfa52d5de3808a2d23774f98ce3ee5a8,e7f908dec1cf942d7975b3f153167278124eaad22a92c902d01a9b0244e96609
medium,10,PASI,34,4,2464,1932,1932,523.8926345738458,0.27116595992435083,0.7840909090909091,0.8648060380203352,0,0.0,0,0.0,0,0.0,0.2625320160995243,4577.97107829151,0.0,0.0,3.255562499998632,3.3817737999997917,03051b2e26fd33f2c9196b83f087734aab91744200ceaedc763369c7ac6ad906,ok,completed,design_expected_payment,r51-free-action-design-only-v1,523.8926345738458,5550.550115529461,0,0,0,16398,4305,39fb39cff2f581164b297c9583e6c363cfa52d5de3808a2d23774f98ce3ee5a8,e7f908dec1cf942d7975b3f153167278124eaad22a92c902d01a9b0244e96609
medium,10,QUAC-F,34,4,2464,1932,1932,175.27729897001885,0.09072323963251493,0.7840909090909091,0.8682642510711766,0,0.0,0,0.0,0,0.0,0.2625320160995243,4898.635262378542,-0.4151077863933615,1.0,3.192161999999371,3.389868000002025,03051b2e26fd33f2c9196b83f087734aab91744200ceaedc763369c7ac6ad906,ok,completed,design_expected_payment,r51-free-action-design-only-v1,175.27729897001885,5550.550115529461,0,0,0,16398,4305,39fb39cff2f581164b297c9583e6c363cfa52d5de3808a2d23774f98ce3ee5a8,e7f908dec1cf942d7975b3f153167278124eaad22a92c902d01a9b0244e96609
medium,11,MOI,34,4,2464,1904,1904,643.8218597388511,0.3381417330561193,0.7727272727272727,0.865462478035773,0,0.0,0,0.0,0,0.0,0.261129406025125,4386.887777611262,0.0,0.0,3.145200599999953,3.256776499998523,4b2fe588fb753a114ad93ab8242cc08d51934dab841b3db8540b08727d1f57c8,ok,completed,design_expected_payment,r51-free-action-design-only-v1,643.8218597388511,5555.025811835807,0,0,0,16398,4282,bcdc29669796bf6b6bccf7e245c476a78fbe550a5d880176ad11112cea4db251,1e79c7d38b72357fa05cfe5353406e566b656615f9bfc4931a635b220635e474
medium,11,PASI,34,4,2464,1904,1904,561.4551925167402,0.29488192884282577,0.7727272727272727,0.865592339667331,0,0.0,0,0.0,0,0.0,0.261129406025125,4466.8513976700915,0.0,0.0,3.166701900001499,3.2708811000011337,4b2fe588fb753a114ad93ab8242cc08d51934dab841b3db8540b08727d1f57c8,ok,completed,design_expected_payment,r51-free-action-design-only-v1,561.4551925167402,5555.025811835807,0,0,0,16398,4282,bcdc29669796bf6b6bccf7e245c476a78fbe550a5d880176ad11112cea4db251,1e79c7d38b72357fa05cfe5353406e566b656615f9bfc4931a635b220635e474
medium,11,QUAC-F,34,4,2464,1904,1904,184.81655477509412,0.0970675182642301,0.7727272727272727,0.8700599772431357,0,0.0,0,0.0,0,0.0,0.261129406025125,4800.64655600819,-0.4317697009209864,1.0,3.071164500001032,3.180137300001661,4b2fe588fb753a114ad93ab8242cc08d51934dab841b3db8540b08727d1f57c8,ok,completed,design_expected_payment,r51-free-action-design-only-v1,184.81655477509412,5555.025811835807,0,0,0,16398,4282,bcdc29669796bf6b6bccf7e245c476a78fbe550a5d880176ad11112cea4db251,1e79c7d38b72357fa05cfe5353406e566b656615f9bfc4931a635b220635e474
medium,12,MOI,34,4,2464,1911,1911,691.6459283346662,0.36192879557020735,0.7755681818181818,0.8674843806229815,0,0.0,0,0.0,0,0.0,0.2588120502500305,4353.256187154489,0.0,0.0,3.2630260000005364,3.3707044000002497,491b3cd3915ecd3a7fc7016146d5b9f98e88183ce76e1cf50c4cbd3e07df45d6,ok,completed,design_expected_payment,r51-free-action-design-only-v1,691.6459283346662,5535.61790487376,0,0,0,16398,4244,c2c32df8671bf2dee6731de7029d05b3a67cd00533b3b3cb1fe65afec3ba0a5c,a37727a5a0ecc76ac44c0f19c26bc854f4a1e69e570cc265d13fdc3805bc2c4a
medium,12,PASI,34,4,2464,1911,1911,601.7431749019552,0.3148839219790451,0.7755681818181818,0.8675948824246668,0,0.0,0,0.0,0,0.0,0.2588120502500305,4441.3510938672425,0.0,0.0,3.232154700002866,3.3488661000010325,491b3cd3915ecd3a7fc7016146d5b9f98e88183ce76e1cf50c4cbd3e07df45d6,ok,completed,design_expected_payment,r51-free-action-design-only-v1,601.7431749019552,5535.61790487376,0,0,0,16398,4244,c2c32df8671bf2dee6731de7029d05b3a67cd00533b3b3cb1fe65afec3ba0a5c,a37727a5a0ecc76ac44c0f19c26bc854f4a1e69e570cc265d13fdc3805bc2c4a
medium,12,QUAC-F,34,4,2464,1911,1911,187.59737544326026,0.09816712477407653,0.7755681818181818,0.8723592104747254,0,0.0,0,0.0,0,0.0,0.2588120502500305,4816.169503619966,-0.44293227468163004,1.0,3.1511477999993076,3.2582965000001423,491b3cd3915ecd3a7fc7016146d5b9f98e88183ce76e1cf50c4cbd3e07df45d6,ok,completed,design_expected_payment,r51-free-action-design-only-v1,187.59737544326026,5535.61790487376,0,0,0,16398,4244,c2c32df8671bf2dee6731de7029d05b3a67cd00533b3b3cb1fe65afec3ba0a5c,a37727a5a0ecc76ac44c0f19c26bc854f4a1e69e570cc265d13fdc3805bc2c4a
medium,13,MOI,34,4,2464,1911,1911,809.1248777428624,0.42340391299992797,0.7755681818181818,0.8667777410099364,0,0.0,0,0.0,0,0.0,0.26094645688498597,4255.65655138062,0.0,0.0,3.1139691999997012,3.3286327999994683,be3204f9d9f0e0769c2267a051d05091a681404e5053abdaa0940439740b662b,ok,completed,design_expected_payment,r51-free-action-design-only-v1,809.1248777428624,5538.973554932636,0,0,0,16398,4279,63e33272eb9ac08ff21a215dac11cb655c85c9eb80a7d76103838eda900a694b,a8466064126e48b723e38ecc7630b975cd6baa71ffb892fcc4b21e89febbd0d4
medium,13,PASI,34,4,2464,1911,1911,736.0839121624027,0.3851825809327068,0.7755681818181818,0.8672075894734382,0,0.0,0,0.0,0,0.0,0.26094645688498597,4325.82572234784,0.0,0.0,3.216345900000306,3.321731300002284,be3204f9d9f0e0769c2267a051d05091a681404e5053abdaa0940439740b662b,ok,completed,design_expected_payment,r51-free-action-design-only-v1,736.0839121624027,5538.973554932636,0,0,0,16398,4279,63e33272eb9ac08ff21a215dac11cb655c85c9eb80a7d76103838eda900a694b,a8466064126e48b723e38ecc7630b975cd6baa71ffb892fcc4b21e89febbd0d4
medium,13,QUAC-F,34,4,2464,1911,1911,180.2742166454347,0.09433501655962047,0.7755681818181818,0.8712572267963969,0,0.0,0,0.0,0,0.0,0.26094645688498597,4846.246818255022,-0.4471025477030335,1.0,3.1646221000009973,3.279879700003221,be3204f9d9f0e0769c2267a051d05091a681404e5053abdaa0940439740b662b,ok,completed,design_expected_payment,r51-free-action-design-only-v1,180.2742166454347,5538.973554932636,0,0,0,16398,4279,63e33272eb9ac08ff21a215dac11cb655c85c9eb80a7d76103838eda900a694b,a8466064126e48b723e38ecc7630b975cd6baa71ffb892fcc4b21e89febbd0d4
medium,14,MOI,34,4,2464,1926,1926,632.6750345398608,0.3284917105606754,0.7816558441558441,0.8648517359555873,0,0.0,0,0.0,0,0.0,0.25564093182095377,4483.246248435596,0.0,0.0,3.270443699999305,3.3890954999988026,13c1a120d99c1f4c3e281ff0237721be2fd7293951dcce6c58e485d842f78bd1,ok,completed,design_expected_payment,r51-free-action-design-only-v1,632.6750345398608,5567.914824739891,0,0,0,16398,4192,684890ad110ded553a61864b0aa2d72b6b9ab0553a6f60e5424f66f784312ef6,b2afc5bedf54f2e373204ad1e4e4e1c8ebd70ec80cda858937df533dabb19e44
medium,14,PASI,34,4,2464,1926,1926,558.7871409092709,0.2901283182291126,0.7816558441558441,0.8648864126171505,0,0.0,0,0.0,0,0.0,0.25564093182095377,4556.479068751336,0.0,0.0,3.2421379999977944,3.362635700003011,13c1a120d99c1f4c3e281ff0237721be2fd7293951dcce6c58e485d842f78bd1,ok,completed,design_expected_payment,r51-free-action-design-only-v1,558.7871409092709,5567.914824739891,0,0,0,16398,4192,684890ad110ded553a61864b0aa2d72b6b9ab0553a6f60e5424f66f784312ef6,b2afc5bedf54f2e373204ad1e4e4e1c8ebd70ec80cda858937df533dabb19e44
medium,14,QUAC-F,34,4,2464,1926,1926,164.91211066062618,0.08562414883729293,0.7816558441558441,0.8693767651136496,0,0.0,0,0.0,0,0.0,0.25564093182095377,4914.175663690859,-0.3804528344149827,1.0,3.1660563000004913,3.270081900001969,13c1a120d99c1f4c3e281ff0237721be2fd7293951dcce6c58e485d842f78bd1,ok,completed,design_expected_payment,r51-free-action-design-only-v1,164.91211066062618,5567.914824739891,0,0,0,16398,4192,684890ad110ded553a61864b0aa2d72b6b9ab0553a6f60e5424f66f784312ef6,b2afc5bedf54f2e373204ad1e4e4e1c8ebd70ec80cda858937df533dabb19e44
medium,15,MOI,34,4,2464,1930,1930,792.5512204969599,0.4106483007756269,0.7832792207792207,0.8667578787314357,0,0.0,0,0.0,0,0.0,0.2623490669593853,4352.182796120527,0.0,0.0,3.1594740000000456,3.2639105999987805,691810dff3da21e5d750e129792c2a97ad701a8c0819e1e06d5fd43a9389d438,ok,completed,design_expected_payment,r51-free-action-design-only-v1,792.5512204969599,5577.076520209312,0,0,0,16398,4302,b9adc352754b94bbc326b95b0c56d02bb2e151dff7922858bedc689f95e32a47,bcac07fbd25547c8c42ba615c649ea773ff6e96aa21faa75fa04eaf3c27c5da8
medium,15,PASI,34,4,2464,1930,1930,731.5810792500419,0.37905755401556573,0.7832792207792207,0.8670175555993405,0,0.0,0,0.0,0,0.0,0.2623490669593853,4410.894791285959,0.0,0.0,3.1244532999990042,3.2388644000020577,691810dff3da21e5d750e129792c2a97ad701a8c0819e1e06d5fd43a9389d438,ok,completed,design_expected_payment,r51-free-action-design-only-v1,731.5810792500419,5577.076520209312,0,0,0,16398,4302,b9adc352754b94bbc326b95b0c56d02bb2e151dff7922858bedc689f95e32a47,bcac07fbd25547c8c42ba615c649ea773ff6e96aa21faa75fa04eaf3c27c5da8
medium,15,QUAC-F,34,4,2464,1930,1930,181.21097264559495,0.09389169567129273,0.7832792207792207,0.8714210014599302,0,0.0,0,0.0,0,0.0,0.2623490669593853,4922.523690281489,-0.4391070385026466,1.0,3.0563990000009653,3.1652976000004855,691810dff3da21e5d750e129792c2a97ad701a8c0819e1e06d5fd43a9389d438,ok,completed,design_expected_payment,r51-free-action-design-only-v1,181.21097264559495,5577.076520209312,0,0,0,16398,4302,b9adc352754b94bbc326b95b0c56d02bb2e151dff7922858bedc689f95e32a47,bcac07fbd25547c8c42ba615c649ea773ff6e96aa21faa75fa04eaf3c27c5da8
medium,16,MOI,34,4,2464,1930,1930,747.309882910936,0.3872071932181016,0.7832792207792207,0.8662144478494351,0,0.0,0,0.0,0,0.0,0.2601536772777168,4360.291847615416,0.0,0.0,3.213724799999909,3.3194134999976086,b181f6ff1fa37fddfc7830527ac2f8918a00292c2bf3017d1771500a65ee6bdd,ok,completed,design_expected_payment,r51-free-action-design-only-v1,747.309882910936,5565.5671552804015,0,0,0,16398,4266,790650cd63642c18048dfb7cb594c1f24e44c532325a987ec5673c1c0675e7cc,0ce2f61c7aeec2581f1305f6d9d0ccd10d1d30d08c42c2d34b3ce564ce81b80e
medium,16,PASI,34,4,2464,1930,1930,661.887739925929,0.3429470155056627,0.7832792207792207,0.8663238903779299,0,0.0,0,0.0,0,0.0,0.2601536772777168,4443.635705845569,0.0,0.0,3.247036000000662,3.3690227000006416,b181f6ff1fa37fddfc7830527ac2f8918a00292c2bf3017d1771500a65ee6bdd,ok,completed,design_expected_payment,r51-free-action-design-only-v1,661.887739925929,5565.5671552804015,0,0,0,16398,4266,790650cd63642c18048dfb7cb594c1f24e44c532325a987ec5673c1c0675e7cc,0ce2f61c7aeec2581f1305f6d9d0ccd10d1d30d08c42c2d34b3ce564ce81b80e
medium,16,QUAC-F,34,4,2464,1930,1930,189.15137775049405,0.09800589520750987,0.7832792207792207,0.8692930396945563,0,0.0,0,0.0,0,0.0,0.2601536772777168,4883.2184964525095,-0.4327414154393157,1.0,3.2004668999979913,3.307174900000973,b181f6ff1fa37fddfc7830527ac2f8918a00292c2bf3017d1771500a65ee6bdd,ok,completed,design_expected_payment,r51-free-action-design-only-v1,189.15137775049405,5565.5671552804015,0,0,0,16398,4266,790650cd63642c18048dfb7cb594c1f24e44c532325a987ec5673c1c0675e7cc,0ce2f61c7aeec2581f1305f6d9d0ccd10d1d30d08c42c2d34b3ce564ce81b80e
medium,17,MOI,34,4,2464,1930,1930,698.6663077082812,0.3620032682426328,0.7832792207792207,0.8668130834149376,0,0.0,0,0.0,0,0.0,0.265398219295036,4406.580850057487,0.0,0.0,3.070777699998871,3.2331746999989264,ce6437c834818a5c645503142eaed157a72bb9be46f8feb23720b37b8e362191,ok,completed,design_expected_payment,r51-free-action-design-only-v1,698.6663077082812,5555.0953425516345,0,0,0,16398,4352,7d31f0479e48b7d959ae400e6c46204dc81615d0667fe4e518cc8d009c333653,6ed9b076cf5e5db1d32b80f6756f7acecbb196fe4e7dcd2446ac65b19951989c
medium,17,PASI,34,4,2464,1930,1930,626.9841270237173,0.3248622419812007,0.7832792207792207,0.8669184718151869,0,0.0,0,0.0,0,0.0,0.265398219295036,4477.596042924026,0.0,0.0,3.281064900002093,3.386878400000569,ce6437c834818a5c645503142eaed157a72bb9be46f8feb23720b37b8e362191,ok,completed,design_expected_payment,r51-free-action-design-only-v1,626.9841270237173,5555.0953425516345,0,0,0,16398,4352,7d31f0479e48b7d959ae400e6c46204dc81615d0667fe4e518cc8d009c333653,6ed9b076cf5e5db1d32b80f6756f7acecbb196fe4e7dcd2446ac65b19951989c
medium,17,QUAC-F,34,4,2464,1930,1930,174.72041951859507,0.09052871477647413,0.7832792207792207,0.8715326165589392,0,0.0,0,0.0,0,0.0,0.265398219295036,4896.176131281585,-0.41956961706342244,1.0,3.0941407999998773,3.2088251000022865,ce6437c834818a5c645503142eaed157a72bb9be46f8feb23720b37b8e362191,ok,completed,design_expected_payment,r51-free-action-design-only-v1,174.72041951859507,5555.0953425516345,0,0,0,16398,4352,7d31f0479e48b7d959ae400e6c46204dc81615d0667fe4e518cc8d009c333653,6ed9b076cf5e5db1d32b80f6756f7acecbb196fe4e7dcd2446ac65b19951989c
medium,18,MOI,34,4,2464,1977,1977,674.7404492824844,0.34129511850403865,0.8023538961038961,0.8662252445278956,0,0.0,0,0.0,0,0.0,0.2663129649957312,4575.937905681421,0.0,0.0,3.1984521000013046,3.317181599999458,4e06085b53ec6c4eaf71c6531cffdd06487c8e37180a8d17152eb1ddefad9885,ok,completed,design_expected_payment,r51-free-action-design-only-v1,674.7404492824844,5545.587513954246,0,0,0,16398,4367,cca303634e73c2aff071f394d76da01f8397d8a63bd39c4a959ae3a4fc0d2909,e30f3e3b1edbffb739b56da0e194b273d9605482734bce9ac00cc550d2232678
medium,18,PASI,34,4,2464,1977,1977,588.2464593087859,0.2975449971212878,0.8023538961038961,0.8663212076722016,0,0.0,0,0.0,0,0.0,0.2663129649957312,4661.879466266587,0.0,0.0,3.19602759999907,3.311868199998571,4e06085b53ec6c4eaf71c6531cffdd06487c8e37180a8d17152eb1ddefad9885,ok,completed,design_expected_payment,r51-free-action-design-only-v1,588.2464593087859,5545.587513954246,0,0,0,16398,4367,cca303634e73c2aff071f394d76da01f8397d8a63bd39c4a959ae3a4fc0d2909,e30f3e3b1edbffb739b56da0e194b273d9605482734bce9ac00cc550d2232678
medium,18,QUAC-F,34,4,2464,1977,1977,183.65095571162544,0.09289375605039223,0.8023538961038961,0.8699606845433485,0,0.0,0,0.0,0,0.0,0.2663129649957312,5027.64943994041,-0.416280279358157,1.0,3.299382200002583,3.4144304000001284,4e06085b53ec6c4eaf71c6531cffdd06487c8e37180a8d17152eb1ddefad9885,ok,completed,design_expected_payment,r51-free-action-design-only-v1,183.65095571162544,5545.587513954246,0,0,0,16398,4367,cca303634e73c2aff071f394d76da01f8397d8a63bd39c4a959ae3a4fc0d2909,e30f3e3b1edbffb739b56da0e194b273d9605482734bce9ac00cc550d2232678
medium,19,MOI,34,4,2464,1944,1944,651.6403287810713,0.3352059304429379,0.788961038961039,0.8684574636890622,0,0.0,0,0.0,0,0.0,0.2658860836687401,4499.276577142686,0.0,0.0,3.313353699999425,3.420838099998946,6ebeb0583d836380c6e7fd3b400cacfaefe7a058f845acd7530b3a830b8bd9f4,ok,completed,design_expected_payment,r51-free-action-design-only-v1,651.6403287810713,5556.398099948406,0,0,0,16398,4360,67d4d8ea3cc9ec6fe95d3990e228c362166282e38337d5f0c6f7007bf6cd14be,309170eb47a47883fd8a5ec93a520edc871d2d7cc45499f47cecef722057599c
medium,19,PASI,34,4,2464,1944,1944,554.1178949511989,0.285040069419341,0.788961038961039,0.86857424967712,0,0.0,0,0.0,0,0.0,0.2658860836687401,4594.420236133663,0.0,0.0,3.2645091000013053,3.3781568000013067,6ebeb0583d836380c6e7fd3b400cacfaefe7a058f845acd7530b3a830b8bd9f4,ok,completed,design_expected_payment,r51-free-action-design-only-v1,554.1178949511989,5556.398099948406,0,0,0,16398,4360,67d4d8ea3cc9ec6fe95d3990e228c362166282e38337d5f0c6f7007bf6cd14be,309170eb47a47883fd8a5ec93a520edc871d2d7cc45499f47cecef722057599c
medium,19,QUAC-F,34,4,2464,1944,1944,171.43056411244788,0.08818444655990118,0.788961038961039,0.8718474970469968,0,0.0,0,0.0,0,0.0,0.2658860836687401,4943.797491908579,-0.4114748007191656,1.0,3.217808599998534,3.329777099999774,6ebeb0583d836380c6e7fd3b400cacfaefe7a058f845acd7530b3a830b8bd9f4,ok,completed,design_expected_payment,r51-free-action-design-only-v1,171.43056411244788,5556.398099948406,0,0,0,16398,4360,67d4d8ea3cc9ec6fe95d3990e228c362166282e38337d5f0c6f7007bf6cd14be,309170eb47a47883fd8a5ec93a520edc871d2d7cc45499f47cecef722057599c
medium,20,MOI,34,4,2464,1906,1906,671.910973818595,0.35252412057638777,0.773538961038961,0.8668179906540973,0,0.0,0,0.0,0,0.0,0.25948286376387364,4337.663655950812,0.0,0.0,3.335653699999966,3.446255000002566,96b2169c51449968d80927c787d3213033a1df65c7d507516fb0bd0384724aad,ok,completed,design_expected_payment,r51-free-action-design-only-v1,671.910973818595,5510.075009332635,0,0,0,16398,4255,d2cc60f019e889230990dce8f05c6427c9480695842d03f82d16698da58de11d,95c3e1ab5f2d527acf1889c7310fd5cd5dc334e58cff64527cc753ba12259873
medium,20,PASI,34,4,2464,1906,1906,584.0507499444504,0.3064274658680223,0.773538961038961,0.8669253574557695,0,0.0,0,0.0,0,0.0,0.25948286376387364,4420.984632080648,0.0,0.0,3.3104439999988244,3.432090500002232,96b2169c51449968d80927c787d3213033a1df65c7d507516fb0bd0384724aad,ok,completed,design_expected_payment,r51-free-action-design-only-v1,584.0507499444504,5510.075009332635,0,0,0,16398,4255,d2cc60f019e889230990dce8f05c6427c9480695842d03f82d16698da58de11d,95c3e1ab5f2d527acf1889c7310fd5cd5dc334e58cff64527cc753ba12259873
medium,20,QUAC-F,34,4,2464,1906,1906,186.29010453772844,0.09773877467876624,0.773538961038961,0.8710523322160594,0,0.0,0,0.0,0,0.0,0.25948286376387364,4784.69703722124,-0.4327796030744734,1.0,3.2212831000033475,3.32539209999959,96b2169c51449968d80927c787d3213033a1df65c7d507516fb0bd0384724aad,ok,completed,design_expected_payment,r51-free-action-design-only-v1,186.29010453772844,5510.075009332635,0,0,0,16398,4255,d2cc60f019e889230990dce8f05c6427c9480695842d03f82d16698da58de11d,95c3e1ab5f2d527acf1889c7310fd5cd5dc334e58cff64527cc753ba12259873
medium,21,MOI,34,4,2464,1900,1900,631.2217388147546,0.3322219677972393,0.7711038961038961,0.865819827394582,0,0.0,0,0.0,0,0.0,0.2544212708866935,4402.096883020543,0.0,0.0,3.2155659000018204,3.3248958000003768,3b707f130704c5fb9cd7e0fdd87f7e380b4131839c351cb4a4f9b5ca2d308fd4,ok,completed,design_expected_payment,r51-free-action-design-only-v1,631.2217388147546,5553.876962630406,0,0,0,16398,4172,a52635c8e1346fcb791f11569cb222889e8cc056530df389479126c70a15158c,24bae3c4033e92383c6fcc83b55a1d0a9f664461cdc3cfd3debf2d3a613e92ec
medium,21,PASI,34,4,2464,1900,1900,536.1338307258688,0.2821757003820362,0.7711038961038961,0.8658580955021706,0,0.0,0,0.0,0,0.0,0.2544212708866935,4496.589616531228,0.0,0.0,3.302630500002124,3.4114071000003605,3b707f130704c5fb9cd7e0fdd87f7e380b4131839c351cb4a4f9b5ca2d308fd4,ok,completed,design_expected_payment,r51-free-action-design-only-v1,536.1338307258688,5553.876962630406,0,0,0,16398,4172,a52635c8e1346fcb791f11569cb222889e8cc056530df389479126c70a15158c,24bae3c4033e92383c6fcc83b55a1d0a9f664461cdc3cfd3debf2d3a613e92ec
medium,21,QUAC-F,34,4,2464,1900,1900,175.26061537373104,0.09224242914406897,0.7711038961038961,0.8701962541415721,0,0.0,0,0.0,0,0.0,0.2544212708866935,4813.495874092099,-0.40500561214361236,1.0,3.2390224000009766,3.361139099997672,3b707f130704c5fb9cd7e0fdd87f7e380b4131839c351cb4a4f9b5ca2d308fd4,ok,completed,design_expected_payment,r51-free-action-design-only-v1,175.26061537373104,5553.876962630406,0,0,0,16398,4172,a52635c8e1346fcb791f11569cb222889e8cc056530df389479126c70a15158c,24bae3c4033e92383c6fcc83b55a1d0a9f664461cdc3cfd3debf2d3a613e92ec
medium,22,MOI,34,4,2464,1907,1907,719.6575937951775,0.3773768189801665,0.7739448051948052,0.8668285013340811,0,0.0,0,0.0,0,0.0,0.2561897792413709,4347.475158907031,6.173414135999016e-06,0.0,3.369161599999643,3.493736700002046,381189137792b30157ea52ed5b313568d4e16cdd9862691b2aa0b57f1719670e,ok,completed,design_expected_payment,r51-free-action-design-only-v1,719.6575937951775,5586.839566433935,0,0,0,16398,4201,bdb646d4c9db2fef4b028c14ce081854af31f6e21c478d6116aa889d14c1de34,7febab4bfcd0ef5a015ff772a6a7e55c76b4a0bf1ce51350c87acdcbf27df484
medium,22,PASI,34,4,2464,1907,1907,636.2971260215472,0.33366393603646943,0.7739448051948052,0.866926128625035,0,0.0,0,0.0,0,0.0,0.2561897792413709,4429.074675015265,0.0,0.0,3.3102930999993987,3.42827970000144,381189137792b30157ea52ed5b313568d4e16cdd9862691b2aa0b57f1719670e,ok,completed,design_expected_payment,r51-free-action-design-only-v1,636.2971260215472,5586.839566433935,0,0,0,16398,4201,bdb646d4c9db2fef4b028c14ce081854af31f6e21c478d6116aa889d14c1de34,7febab4bfcd0ef5a015ff772a6a7e55c76b4a0bf1ce51350c87acdcbf27df484
medium,22,QUAC-F,34,4,2464,1907,1907,178.19083085798542,0.09344039373780043,0.7739448051948052,0.8705869105934544,0,0.0,0,0.0,0,0.0,0.2561897792413709,4849.359638643797,-0.4315356821172365,1.0,3.2708901000005426,3.379227400000673,381189137792b30157ea52ed5b313568d4e16cdd9862691b2aa0b57f1719670e,ok,completed,design_expected_payment,r51-free-action-design-only-v1,178.19083085798542,5586.839566433935,0,0,0,16398,4201,bdb646d4c9db2fef4b028c14ce081854af31f6e21c478d6116aa889d14c1de34,7febab4bfcd0ef5a015ff772a6a7e55c76b4a0bf1ce51350c87acdcbf27df484
medium,23,MOI,34,4,2464,1910,1910,727.6006962863748,0.3809427729248036,0.7751623376623377,0.8666477950563497,0,0.0,0,0.0,0,0.0,0.2550311013538236,4318.319467331001,0.0,0.0,3.2221639000017603,3.326595999998972,5dabb48ad7d4c393996fb5e85043c891c61d2070b28a44b7767ab3a374d456dd,ok,completed,design_expected_payment,r51-free-action-design-only-v1,727.6006962863748,5561.081764827242,0,0,0,16398,4182,47a1bb57b5640cee7d8514dd3543eaaa54d1a8d03c2b596fc9d2c7c44c8cf0a6,0bd1412148af63a208e0bc804faeefe1022e8c4c59094a07a08cef2c99c1d5e6
medium,23,PASI,34,4,2464,1910,1910,651.0911426482039,0.34088541499905967,0.7751623376623377,0.8666739277457808,0,0.0,0,0.0,0,0.0,0.2550311013538236,4394.268639044441,0.0,0.0,3.239117699999042,3.3515492000005906,5dabb48ad7d4c393996fb5e85043c891c61d2070b28a44b7767ab3a374d456dd,ok,completed,design_expected_payment,r51-free-action-design-only-v1,651.0911426482039,5561.081764827242,0,0,0,16398,4182,47a1bb57b5640cee7d8514dd3543eaaa54d1a8d03c2b596fc9d2c7c44c8cf0a6,0bd1412148af63a208e0bc804faeefe1022e8c4c59094a07a08cef2c99c1d5e6
medium,23,QUAC-F,34,4,2464,1910,1910,193.2686985842042,0.10118780030586608,0.7751623376623377,0.8707005519379538,0,0.0,0,0.0,0,0.0,0.2550311013538236,4814.79461336259,-0.45706698437124443,1.0,3.145817200002057,3.251182300002256,5dabb48ad7d4c393996fb5e85043c891c61d2070b28a44b7767ab3a374d456dd,ok,completed,design_expected_payment,r51-free-action-design-only-v1,193.2686985842042,5561.081764827242,0,0,0,16398,4182,47a1bb57b5640cee7d8514dd3543eaaa54d1a8d03c2b596fc9d2c7c44c8cf0a6,0bd1412148af63a208e0bc804faeefe1022e8c4c59094a07a08cef2c99c1d5e6
medium,24,MOI,34,4,2464,1883,1883,662.529318879758,0.35184775298978116,0.7642045454545454,0.8661792729862113,0,0.0,0,0.0,0,0.0,0.2585681180631784,4285.669461785121,0.0,0.0,3.3308460999978706,3.432252200000221,328293436246e00e18ae4e0435ecf9f9547bf245eb5aef8cb09123e18fda8693,ok,completed,design_expected_payment,r51-free-action-design-only-v1,662.529318879758,5543.225621218894,0,0,0,16398,4240,4ccdc4d197f2ebc74a6fb7a23c92d782276b9d0785b0d349523ab42b2cdc4e53,af49b1fd4846e44d6bcfe5b0879df9e515ef441b8c463f2bafbd14b232e02ab9
medium,24,PASI,34,4,2464,1883,1883,561.3086114924499,0.29809273047926177,0.7642045454545454,0.8662861470799306,0,0.0,0,0.0,0,0.0,0.2585681180631784,4385.263869333363,0.0,0.0,3.3014741000006325,3.4231108000021777,328293436246e00e18ae4e0435ecf9f9547bf245eb5aef8cb09123e18fda8693,ok,completed,design_expected_payment,r51-free-action-design-only-v1,561.3086114924499,5543.225621218894,0,0,0,16398,4240,4ccdc4d197f2ebc74a6fb7a23c92d782276b9d0785b0d349523ab42b2cdc4e53,af49b1fd4846e44d6bcfe5b0879df9e515ef441b8c463f2bafbd14b232e02ab9
medium,24,QUAC-F,34,4,2464,1883,1883,177.97460291257642,0.0945165177443316,0.7642045454545454,0.871109107421642,0,0.0,0,0.0,0,0.0,0.2585681180631784,4722.424675027621,-0.4440864556566264,1.0,3.2165419999982987,3.328114199997799,328293436246e00e18ae4e0435ecf9f9547bf245eb5aef8cb09123e18fda8693,ok,completed,design_expected_payment,r51-free-action-design-only-v1,177.97460291257642,5543.225621218894,0,0,0,16398,4240,4ccdc4d197f2ebc74a6fb7a23c92d782276b9d0785b0d349523ab42b2cdc4e53,af49b1fd4846e44d6bcfe5b0879df9e515ef441b8c463f2bafbd14b232e02ab9
medium,25,MOI,34,4,2464,1923,1923,682.4824471536504,0.3549050687226471,0.7804383116883117,0.8686663343800471,0,0.0,0,0.0,0,0.0,0.25984876204415175,4391.146056680336,0.0,0.0,3.163562499998079,3.2651177999978245,36a597d60084db5a135c16f14130c7eee9598f0d13185317d632a02dd94761c7,ok,completed,design_expected_payment,r51-free-action-design-only-v1,682.4824471536504,5540.201027604569,0,0,0,16398,4261,baa2ce82b2457712c738a451c0727e1e4ebd1d9218513bbc9633aa35344d3f29,b53bb9b8a734f87b71713310d5378a1e7e3aa910f912f04c706bf3d71351631d
medium,25,PASI,34,4,2464,1923,1923,596.7303720506134,0.3103122059545571,0.7804383116883117,0.8687301616330393,0,0.0,0,0.0,0,0.0,0.25984876204415175,4474.758938733326,0.0,0.0,3.2931066999990435,3.4056643000003533,36a597d60084db5a135c16f14130c7eee9598f0d13185317d632a02dd94761c7,ok,completed,design_expected_payment,r51-free-action-design-only-v1,596.7303720506134,5540.201027604569,0,0,0,16398,4261,baa2ce82b2457712c738a451c0727e1e4ebd1d9218513bbc9633aa35344d3f29,b53bb9b8a734f87b71713310d5378a1e7e3aa910f912f04c706bf3d71351631d
medium,25,QUAC-F,34,4,2464,1923,1923,187.93713609504238,0.09773122001822276,0.7804383116883117,0.8721617853273095,0,0.0,0,0.0,0,0.0,0.25984876204415175,4851.231468008663,-0.44695655792897987,1.0,3.2187098000031256,3.331155800002307,36a597d60084db5a135c16f14130c7eee9598f0d13185317d632a02dd94761c7,ok,completed,design_expected_payment,r51-free-action-design-only-v1,187.93713609504238,5540.201027604569,0,0,0,16398,4261,baa2ce82b2457712c738a451c0727e1e4ebd1d9218513bbc9633aa35344d3f29,b53bb9b8a734f87b71713310d5378a1e7e3aa910f912f04c706bf3d71351631d
medium,26,MOI,34,4,2464,1942,1942,661.416149554916,0.3405850409654563,0.7881493506493507,0.8642801099216844,0,0.0,0,0.0,0,0.0,0.26039760946456886,4485.835775893069,0.0,0.0,3.29663040000014,3.416253899998992,86814ae11ff5e617ae1e3b12c73d5d91af3fd0b0a69040ac018c56df92667410,ok,completed,design_expected_payment,r51-free-action-design-only-v1,661.416149554916,5549.850732954334,0,0,0,16398,4270,1d16f58d71f69baec76073233ea553321bd35ffa99cdba316305e9b1068b2d4a,d476749b863153b94760e0f9dc75585df9516587c35b12ca37ccdc0561d9e853
medium,26,PASI,34,4,2464,1942,1942,547.8602511781122,0.2821113548805933,0.7881493506493507,0.8644454818551777,0,0.0,0,0.0,0,0.0,0.26039760946456886,4596.73076710378,0.0,0.0,3.301207300002716,3.420024300001387,86814ae11ff5e617ae1e3b12c73d5d91af3fd0b0a69040ac018c56df92667410,ok,completed,design_expected_payment,r51-free-action-design-only-v1,547.8602511781122,5549.850732954334,0,0,0,16398,4270,1d16f58d71f69baec76073233ea553321bd35ffa99cdba316305e9b1068b2d4a,d476749b863153b94760e0f9dc75585df9516587c35b12ca37ccdc0561d9e853
medium,26,QUAC-F,34,4,2464,1942,1942,192.41074078385316,0.0990786512790181,0.7881493506493507,0.8685530444743848,0,0.0,0,0.0,0,0.0,0.26039760946456886,4916.605549003696,-0.4359045891204453,1.0,3.3430420999975468,3.4529904999981227,86814ae11ff5e617ae1e3b12c73d5d91af3fd0b0a69040ac018c56df92667410,ok,completed,design_expected_payment,r51-free-action-design-only-v1,192.41074078385316,5549.850732954334,0,0,0,16398,4270,1d16f58d71f69baec76073233ea553321bd35ffa99cdba316305e9b1068b2d4a,d476749b863153b94760e0f9dc75585df9516587c35b12ca37ccdc0561d9e853
medium,27,MOI,34,4,2464,1931,1931,641.287423656418,0.3321012033435619,0.783685064935065,0.8678062579365836,0,0.0,0,0.0,0,0.0,0.26003171118429075,4436.451559365931,0.0,0.0,3.3152824000026158,3.427009499999258,96c601f5c4a2647bb60781f0f17ca618a2a366221f3310f7a8873d567cb59074,ok,completed,design_expected_payment,r51-free-action-design-only-v1,641.287423656418,5529.947804453772,0,0,0,16398,4264,03bd0593d6e0139198a4b742a479208a988c681b57e80666a27d133e1ff8d392,58127f4d03e4e4fef6917dad0c9a1b77836ca46eca805de1d9cdf9c7ff205996
medium,27,PASI,34,4,2464,1931,1931,558.9205966053566,0.28944619192405835,0.783685064935065,0.8678832956752555,0,0.0,0,0.0,0,0.0,0.26003171118429075,4517.247265165282,0.0,0.0,3.2731925999978557,3.3773203999990073,96c601f5c4a2647bb60781f0f17ca618a2a366221f3310f7a8873d567cb59074,ok,completed,design_expected_payment,r51-free-action-design-only-v1,558.9205966053566,5529.947804453772,0,0,0,16398,4264,03bd0593d6e0139198a4b742a479208a988c681b57e80666a27d133e1ff8d392,58127f4d03e4e4fef6917dad0c9a1b77836ca46eca805de1d9cdf9c7ff205996
medium,27,QUAC-F,34,4,2464,1931,1931,167.47522970016792,0.08672979269817085,0.783685064935065,0.8709681543821969,0,0.0,0,0.0,0,0.0,0.26003171118429075,4868.788659716782,-0.39393775286394267,1.0,3.2052029999977094,3.312480200002028,96c601f5c4a2647bb60781f0f17ca618a2a366221f3310f7a8873d567cb59074,ok,completed,design_expected_payment,r51-free-action-design-only-v1,167.47522970016792,5529.947804453772,0,0,0,16398,4264,03bd0593d6e0139198a4b742a479208a988c681b57e80666a27d133e1ff8d392,58127f4d03e4e4fef6917dad0c9a1b77836ca46eca805de1d9cdf9c7ff205996
medium,28,MOI,34,4,2464,1945,1945,728.0225118896658,0.374304633362296,0.7893668831168831,0.8635439826004727,0,0.0,0,0.0,0,0.0,0.2607635077448469,4422.429948424883,0.0,0.0,3.2214777000008326,3.3252820000016072,5d2eb66c2a30afecc5e07b1b3c62ecd8e5eefd1e18565ce54f53b97353cd36b0,ok,completed,design_expected_payment,r51-free-action-design-only-v1,728.0225118896658,5551.236506980581,0,0,0,16398,4276,730cccee99d5acf90e370a4eb2f701a69ec192bc3a25bc1b4b6c851951da9683,95b74a10bcb152096912de696f00903c068f7f85740bdf32c6f992c5ef344d97
medium,28,PASI,34,4,2464,1945,1945,650.553620657466,0.33447486923263037,0.7893668831168831,0.8636286879462375,0,0.0,0,0.0,0,0.0,0.2607635077448469,4497.901701016196,0.0,0.0,3.2162697999992815,3.3319690999996965,5d2eb66c2a30afecc5e07b1b3c62ecd8e5eefd1e18565ce54f53b97353cd36b0,ok,completed,design_expected_payment,r51-free-action-design-only-v1,650.553620657466,5551.236506980581,0,0,0,16398,4276,730cccee99d5acf90e370a4eb2f701a69ec192bc3a25bc1b4b6c851951da9683,95b74a10bcb152096912de696f00903c068f7f85740bdf32c6f992c5ef344d97
medium,28,QUAC-F,34,4,2464,1945,1945,190.73500068490392,0.09806426770432078,0.7893668831168831,0.8678965564174498,0,0.0,0,0.0,0,0.0,0.2607635077448469,4923.9613445292325,-0.4303618361435735,1.0,3.1834763000006205,3.292453000001842,5d2eb66c2a30afecc5e07b1b3c62ecd8e5eefd1e18565ce54f53b97353cd36b0,ok,completed,design_expected_payment,r51-free-action-design-only-v1,190.73500068490392,5551.236506980581,0,0,0,16398,4276,730cccee99d5acf90e370a4eb2f701a69ec192bc3a25bc1b4b6c851951da9683,95b74a10bcb152096912de696f00903c068f7f85740bdf32c6f992c5ef344d97
medium,29,MOI,34,4,2464,1908,1908,621.0819560697619,0.3255146520281771,0.7743506493506493,0.8699266427911954,0,0.0,0,0.0,0,0.0,0.26045859251128184,4403.451147097221,0.0,0.0,3.180610399998841,3.28845690000162,5c4fbae6ff962091c507b2f7f3e1c49d012acd6cdc0baf08a31fa025b480b515,ok,completed,design_expected_payment,r51-free-action-design-only-v1,621.0819560697619,5522.268130923608,0,0,0,16398,4271,1652211decee0151b52429f6442c65e243255cdb1365e8cfacdb6e91289cb363,d9d1b5074d94c8cfe0c1980a610f99eabfd829cefb72c5c94773757968cb21d5
medium,29,PASI,34,4,2464,1908,1908,509.85571646658,0.26721997718374213,0.7743506493506493,0.8703458564983627,0,0.0,0,0.0,0,0.0,0.26045859251128184,4510.615598726137,0.0,0.0,3.2702366999983496,3.3777405000000726,5c4fbae6ff962091c507b2f7f3e1c49d012acd6cdc0baf08a31fa025b480b515,ok,completed,design_expected_payment,r51-free-action-design-only-v1,509.85571646658,5522.268130923608,0,0,0,16398,4271,1652211decee0151b52429f6442c65e243255cdb1365e8cfacdb6e91289cb363,d9d1b5074d94c8cfe0c1980a610f99eabfd829cefb72c5c94773757968cb21d5
medium,29,QUAC-F,34,4,2464,1908,1908,175.666305245834,0.09206829415400104,0.7743506493506493,0.8744541011534677,0,0.0,0,0.0,0,0.0,0.26045859251128184,4798.73543588123,-0.4175144924218523,1.0,3.250591500000155,3.3671291999999085,5c4fbae6ff962091c507b2f7f3e1c49d012acd6cdc0baf08a31fa025b480b515,ok,completed,design_expected_payment,r51-free-action-design-only-v1,175.666305245834,5522.268130923608,0,0,0,16398,4271,1652211decee0151b52429f6442c65e243255cdb1365e8cfacdb6e91289cb363,d9d1b5074d94c8cfe0c1980a610f99eabfd829cefb72c5c94773757968cb21d5
medium,30,MOI,34,4,2464,1894,1894,620.5858438040341,0.32765884044563576,0.7686688311688312,0.8674934471180157,0,0.0,0,0.0,0,0.0,0.2569825588486401,4354.375498275626,2.2894739143156103e-06,0.0,3.286255799997889,3.404387200000201,763417ec44588b0ed03d369347833f70b9c514cd9e3d017254e5ec1132e1d548,ok,completed,design_expected_payment,r51-free-action-design-only-v1,620.5858438040341,5501.9719671179055,0,0,0,16398,4214,87ffc62864a4a72081072c4fd378ff644a0e20bfb18fc2e8800aea42acda897d,39d381a55b3cb1ac827ac79bdfb38ee82fedbb051c3caffeaebd7eb7874bccc9
medium,30,PASI,34,4,2464,1894,1894,532.1755867912464,0.28097971847478687,0.7686688311688312,0.867644283310494,0,0.0,0,0.0,0,0.0,0.2569825588486401,4442.125266414458,0.0,0.0,3.3093189999999595,3.425836499998695,763417ec44588b0ed03d369347833f70b9c514cd9e3d017254e5ec1132e1d548,ok,completed,design_expected_payment,r51-free-action-design-only-v1,532.1755867912464,5501.9719671179055,0,0,0,16398,4214,87ffc62864a4a72081072c4fd378ff644a0e20bfb18fc2e8800aea42acda897d,39d381a55b3cb1ac827ac79bdfb38ee82fedbb051c3caffeaebd7eb7874bccc9
medium,30,QUAC-F,34,4,2464,1894,1894,174.7273996382597,0.09225311490932402,0.7686688311688312,0.8718657327738156,0,0.0,0,0.0,0,0.0,0.2569825588486401,4751.70853292028,-0.40772708819247555,1.0,3.2627163999968616,3.3719254999996338,763417ec44588b0ed03d369347833f70b9c514cd9e3d017254e5ec1132e1d548,ok,completed,design_expected_payment,r51-free-action-design-only-v1,174.7273996382597,5501.9719671179055,0,0,0,16398,4214,87ffc62864a4a72081072c4fd378ff644a0e20bfb18fc2e8800aea42acda897d,39d381a55b3cb1ac827ac79bdfb38ee82fedbb051c3caffeaebd7eb7874bccc9
